[
  {
    "country_code": "AD",
    "postal_code": "AD100",
    "place_name": "Canillo",
    "admin_name1": "Canillo",
    "admin_code1": "02",
    "admin_name2": "",
    "admin_code2": "",
    "admin_name3": "",
    "admin_code3": "",
    "latitude": "42.5833",
    "longitude": "1.6667",
    "accuracy": "6"
  },
  {
    "country_code": "AD",
    "postal_code": "AD200",
    "place_name": "Encamp",
    "admin_name1": "Encamp",
    "admin_code1": "03",
    "admin_name2": "",
    "admin_code2": "",
    "admin_name3": "",
    "admin_code3": "",
    "latitude": "42.5333",
    "longitude": "1.6333",
    "accuracy": "6"
  },
  {
    "country_code": "AD",
    "postal_code": "AD400",
    "place_name": "La Massana",
    "admin_name1": "La Massana",
    "admin_code1": "04",
    "admin_name2": "",
    "admin_code2": "",
    "admin_name3": "",
    "admin_code3": "",
    "latitude": "42.5667",
    "longitude": "1.4833",
    "accuracy": "6"
  },
  {
    "country_code": "AD",
    "postal_code": "AD300",
    "place_name": "Ordino",
    "admin_name1": "Ordino",
    "admin_code1": "05",
    "admin_name2": "",
    "admin_code2": "",
    "admin_name3": "",
    "admin_code3": "",
    "latitude": "42.6",
    "longitude": "1.55",
    "accuracy": "6"
  },
  {
    "country_code": "AD",
    "postal_code": "AD600",
    "place_name": "Sant Julià de Lòria",
    "admin_name1": "Sant Julià de Lòria",
    "admin_code1": "06",
    "admin_name2": "",
    "admin_code2": "",
    "admin_name3": "",
    "admin_code3": "",
    "latitude": "42.4667",
    "longitude": "1.5",
    "accuracy": "6"
  },
  {
    "country_code": "AD",
    "postal_code": "AD500",
    "place_name": "Andorra la Vella",
    "admin_name1": "Andorra la Vella",
    "admin_code1": "07",
    "admin_name2": "",
    "admin_code2": "",
    "admin_name3": "",
    "admin_code3": "",
    "latitude": "42.5",
    "longitude": "1.5",
    "accuracy": "6"
  },
  {
    "country_code": "AD",
    "postal_code": "AD700",
    "place_name": "Escaldes-Engordany",
    "admin_name1": "Escaldes-Engordany",
    "admin_code1": "08",
    "admin_name2": "",
    "admin_code2": "",
    "admin_name3": "",
    "admin_code3": "",
    "latitude": "42.5",
    "longitude": "1.5667",
    "accuracy": "6"
  }
]