[
  {
    "country_code": "AX",
    "postal_code": "22100",
    "place_name": "Mariehamn",
    "admin_name1": "Mariehamns stad",
    "admin_code1": "211",
    "admin_name2": "Mariehamn",
    "admin_code2": "478",
    "admin_name3": "",
    "admin_code3": "",
    "latitude": "60.1007",
    "longitude": "19.9438",
    "accuracy": "6"
  },
  {
    "country_code": "AX",
    "postal_code": "22101",
    "place_name": "Mariehamn",
    "admin_name1": "Mariehamns stad",
    "admin_code1": "211",
    "admin_name2": "Mariehamn",
    "admin_code2": "478",
    "admin_name3": "",
    "admin_code3": "",
    "latitude": "60.0628",
    "longitude": "19.9533",
    "accuracy": "6"
  },
  {
    "country_code": "AX",
    "postal_code": "22110",
    "place_name": "Mariehamn",
    "admin_name1": "Mariehamns stad",
    "admin_code1": "211",
    "admin_name2": "Mariehamn",
    "admin_code2": "478",
    "admin_name3": "",
    "admin_code3": "",
    "latitude": "60.0973",
    "longitude": "19.9348",
    "accuracy": "5"
  },
  {
    "country_code": "AX",
    "postal_code": "22111",
    "place_name": "Mariehamn",
    "admin_name1": "Mariehamns stad",
    "admin_code1": "211",
    "admin_name2": "Mariehamn",
    "admin_code2": "478",
    "admin_name3": "",
    "admin_code3": "",
    "latitude": "60.0973",
    "longitude": "19.9348",
    "accuracy": "5"
  },
  {
    "country_code": "AX",
    "postal_code": "22270",
    "place_name": "Eckerö",
    "admin_name1": "Ålands landsbygd",
    "admin_code1": "212",
    "admin_name2": "Eckerö",
    "admin_code2": "043",
    "admin_name3": "",
    "admin_code3": "",
    "latitude": "60.2203",
    "longitude": "19.6263",
    "accuracy": "6"
  },
  {
    "country_code": "AX",
    "postal_code": "22220",
    "place_name": "Emkarby",
    "admin_name1": "Ålands landsbygd",
    "admin_code1": "212",
    "admin_name2": "Finström",
    "admin_code2": "060",
    "admin_name3": "",
    "admin_code3": "",
    "latitude": "60.2394",
    "longitude": "19.848",
    "accuracy": "6"
  },
  {
    "country_code": "AX",
    "postal_code": "22310",
    "place_name": "Pålsböle",
    "admin_name1": "Ålands landsbygd",
    "admin_code1": "212",
    "admin_name2": "Finström",
    "admin_code2": "060",
    "admin_name3": "",
    "admin_code3": "",
    "latitude": "60.2756",
    "longitude": "19.9057",
    "accuracy": "6"
  },
  {
    "country_code": "AX",
    "postal_code": "22330",
    "place_name": "Tjudö",
    "admin_name1": "Ålands landsbygd",
    "admin_code1": "212",
    "admin_name2": "Finström",
    "admin_code2": "060",
    "admin_name3": "",
    "admin_code3": "",
    "latitude": "60.3398",
    "longitude": "19.9382",
    "accuracy": "6"
  },
  {
    "country_code": "AX",
    "postal_code": "22410",
    "place_name": "Godby",
    "admin_name1": "Ålands landsbygd",
    "admin_code1": "212",
    "admin_name2": "Finström",
    "admin_code2": "060",
    "admin_name3": "",
    "admin_code3": "",
    "latitude": "60.2294",
    "longitude": "19.982",
    "accuracy": "6"
  },
  {
    "country_code": "AX",
    "postal_code": "22411",
    "place_name": "Godby",
    "admin_name1": "Ålands landsbygd",
    "admin_code1": "212",
    "admin_name2": "Finström",
    "admin_code2": "060",
    "admin_name3": "",
    "admin_code3": "",
    "latitude": "60.2235",
    "longitude": "19.9794",
    "accuracy": "6"
  },
  {
    "country_code": "AX",
    "postal_code": "22340",
    "place_name": "Geta",
    "admin_name1": "Ålands landsbygd",
    "admin_code1": "212",
    "admin_name2": "Geta",
    "admin_code2": "065",
    "admin_name3": "",
    "admin_code3": "",
    "latitude": "60.3791",
    "longitude": "19.8878",
    "accuracy": "6"
  },
  {
    "country_code": "AX",
    "postal_code": "22240",
    "place_name": "Hammarland",
    "admin_name1": "Ålands landsbygd",
    "admin_code1": "212",
    "admin_name2": "Hammarland",
    "admin_code2": "076",
    "admin_name3": "",
    "admin_code3": "",
    "latitude": "60.2286",
    "longitude": "19.7396",
    "accuracy": "6"
  },
  {
    "country_code": "AX",
    "postal_code": "22120",
    "place_name": "Mariehamn",
    "admin_name1": "Ålands landsbygd",
    "admin_code1": "212",
    "admin_name2": "Jomala",
    "admin_code2": "170",
    "admin_name3": "",
    "admin_code3": "",
    "latitude": "60.1141",
    "longitude": "19.913",
    "accuracy": "6"
  },
  {
    "country_code": "AX",
    "postal_code": "22130",
    "place_name": "Gottby",
    "admin_name1": "Ålands landsbygd",
    "admin_code1": "212",
    "admin_name2": "Jomala",
    "admin_code2": "170",
    "admin_name3": "",
    "admin_code3": "",
    "latitude": "60.1253",
    "longitude": "19.8285",
    "accuracy": "6"
  },
  {
    "country_code": "AX",
    "postal_code": "22140",
    "place_name": "Mariehamn",
    "admin_name1": "Ålands landsbygd",
    "admin_code1": "212",
    "admin_name2": "Jomala",
    "admin_code2": "170",
    "admin_name3": "",
    "admin_code3": "",
    "latitude": "60.1109",
    "longitude": "19.9898",
    "accuracy": "6"
  },
  {
    "country_code": "AX",
    "postal_code": "22150",
    "place_name": "Jomala",
    "admin_name1": "Ålands landsbygd",
    "admin_code1": "212",
    "admin_name2": "Jomala",
    "admin_code2": "170",
    "admin_name3": "",
    "admin_code3": "",
    "latitude": "60.1617",
    "longitude": "19.9602",
    "accuracy": "6"
  },
  {
    "country_code": "AX",
    "postal_code": "22151",
    "place_name": "Jomala",
    "admin_name1": "Ålands landsbygd",
    "admin_code1": "212",
    "admin_name2": "Jomala",
    "admin_code2": "170",
    "admin_name3": "",
    "admin_code3": "",
    "latitude": "60.1497",
    "longitude": "19.9521",
    "accuracy": "6"
  },
  {
    "country_code": "AX",
    "postal_code": "22160",
    "place_name": "Mariehamn",
    "admin_name1": "Ålands landsbygd",
    "admin_code1": "212",
    "admin_name2": "Lemland",
    "admin_code2": "417",
    "admin_name3": "",
    "admin_code3": "",
    "latitude": "60.0314",
    "longitude": "20.0036",
    "accuracy": "6"
  },
  {
    "country_code": "AX",
    "postal_code": "22610",
    "place_name": "Lemland",
    "admin_name1": "Ålands landsbygd",
    "admin_code1": "212",
    "admin_name2": "Lemland",
    "admin_code2": "417",
    "admin_name3": "",
    "admin_code3": "",
    "latitude": "60.0491",
    "longitude": "20.1232",
    "accuracy": "6"
  },
  {
    "country_code": "AX",
    "postal_code": "22630",
    "place_name": "Lumparland",
    "admin_name1": "Ålands landsbygd",
    "admin_code1": "212",
    "admin_name2": "Lumparland",
    "admin_code2": "438",
    "admin_name3": "",
    "admin_code3": "",
    "latitude": "60.1204",
    "longitude": "20.2616",
    "accuracy": "6"
  },
  {
    "country_code": "AX",
    "postal_code": "22320",
    "place_name": "Ödkarby",
    "admin_name1": "Ålands landsbygd",
    "admin_code1": "212",
    "admin_name2": "Saltvik",
    "admin_code2": "736",
    "admin_name3": "",
    "admin_code3": "",
    "latitude": "60.3162",
    "longitude": "20.0054",
    "accuracy": "6"
  },
  {
    "country_code": "AX",
    "postal_code": "22430",
    "place_name": "Saltvik",
    "admin_name1": "Ålands landsbygd",
    "admin_code1": "212",
    "admin_name2": "Saltvik",
    "admin_code2": "736",
    "admin_name3": "",
    "admin_code3": "",
    "latitude": "60.3146",
    "longitude": "20.1073",
    "accuracy": "6"
  },
  {
    "country_code": "AX",
    "postal_code": "22520",
    "place_name": "Kastelholm",
    "admin_name1": "Ålands landsbygd",
    "admin_code1": "212",
    "admin_name2": "Sund",
    "admin_code2": "771",
    "admin_name3": "",
    "admin_code3": "",
    "latitude": "60.2383",
    "longitude": "20.1013",
    "accuracy": ""
  },
  {
    "country_code": "AX",
    "postal_code": "22530",
    "place_name": "Sund",
    "admin_name1": "Ålands landsbygd",
    "admin_code1": "212",
    "admin_name2": "Sund",
    "admin_code2": "771",
    "admin_name3": "",
    "admin_code3": "",
    "latitude": "60.2275",
    "longitude": "20.1999",
    "accuracy": "6"
  },
  {
    "country_code": "AX",
    "postal_code": "22840",
    "place_name": "Lappo",
    "admin_name1": "Ålands skärgård",
    "admin_code1": "213",
    "admin_name2": "Brändö",
    "admin_code2": "035",
    "admin_name3": "",
    "admin_code3": "",
    "latitude": "60.3107",
    "longitude": "20.9895",
    "accuracy": "6"
  },
  {
    "country_code": "AX",
    "postal_code": "22910",
    "place_name": "Torsholma",
    "admin_name1": "Ålands skärgård",
    "admin_code1": "213",
    "admin_name2": "Brändö",
    "admin_code2": "035",
    "admin_name3": "",
    "admin_code3": "",
    "latitude": "60.3556",
    "longitude": "21.0648",
    "accuracy": "6"
  },
  {
    "country_code": "AX",
    "postal_code": "22920",
    "place_name": "Brändö",
    "admin_name1": "Ålands skärgård",
    "admin_code1": "213",
    "admin_name2": "Brändö",
    "admin_code2": "035",
    "admin_name3": "",
    "admin_code3": "",
    "latitude": "60.4138",
    "longitude": "21.039",
    "accuracy": "6"
  },
  {
    "country_code": "AX",
    "postal_code": "22930",
    "place_name": "Fiskö",
    "admin_name1": "Ålands skärgård",
    "admin_code1": "213",
    "admin_name2": "Brändö",
    "admin_code2": "035",
    "admin_name3": "",
    "admin_code3": "",
    "latitude": "60.4525",
    "longitude": "21.0695",
    "accuracy": ""
  },
  {
    "country_code": "AX",
    "postal_code": "22940",
    "place_name": "Åva",
    "admin_name1": "Ålands skärgård",
    "admin_code1": "213",
    "admin_name2": "Brändö",
    "admin_code2": "035",
    "admin_name3": "",
    "admin_code3": "",
    "latitude": "60.4588",
    "longitude": "21.1607",
    "accuracy": "6"
  },
  {
    "country_code": "AX",
    "postal_code": "22950",
    "place_name": "Jurmo",
    "admin_name1": "Ålands skärgård",
    "admin_code1": "213",
    "admin_name2": "Brändö",
    "admin_code2": "035",
    "admin_name3": "",
    "admin_code3": "",
    "latitude": "60.5196",
    "longitude": "21.0717",
    "accuracy": ""
  },
  {
    "country_code": "AX",
    "postal_code": "22710",
    "place_name": "Föglö",
    "admin_name1": "Ålands skärgård",
    "admin_code1": "213",
    "admin_name2": "Föglö",
    "admin_code2": "062",
    "admin_name3": "",
    "admin_code3": "",
    "latitude": "60.0316",
    "longitude": "20.4605",
    "accuracy": "6"
  },
  {
    "country_code": "AX",
    "postal_code": "22810",
    "place_name": "Seglinge",
    "admin_name1": "Ålands skärgård",
    "admin_code1": "213",
    "admin_name2": "Kumlinge",
    "admin_code2": "295",
    "admin_name3": "",
    "admin_code3": "",
    "latitude": "60.2018",
    "longitude": "20.7098",
    "accuracy": "6"
  },
  {
    "country_code": "AX",
    "postal_code": "22820",
    "place_name": "Kumlinge",
    "admin_name1": "Ålands skärgård",
    "admin_code1": "213",
    "admin_name2": "Kumlinge",
    "admin_code2": "295",
    "admin_name3": "",
    "admin_code3": "",
    "latitude": "60.261",
    "longitude": "20.7934",
    "accuracy": "6"
  },
  {
    "country_code": "AX",
    "postal_code": "22830",
    "place_name": "Enklinge",
    "admin_name1": "Ålands skärgård",
    "admin_code1": "213",
    "admin_name2": "Kumlinge",
    "admin_code2": "295",
    "admin_name3": "",
    "admin_code3": "",
    "latitude": "60.3349",
    "longitude": "20.758",
    "accuracy": "6"
  },
  {
    "country_code": "AX",
    "postal_code": "22730",
    "place_name": "Kökar",
    "admin_name1": "Ålands skärgård",
    "admin_code1": "213",
    "admin_name2": "Kökar",
    "admin_code2": "318",
    "admin_name3": "",
    "admin_code3": "",
    "latitude": "59.9345",
    "longitude": "20.9298",
    "accuracy": "6"
  },
  {
    "country_code": "AX",
    "postal_code": "22720",
    "place_name": "Sottunga",
    "admin_name1": "Ålands skärgård",
    "admin_code1": "213",
    "admin_name2": "Sottunga",
    "admin_code2": "766",
    "admin_name3": "",
    "admin_code3": "",
    "latitude": "60.1248",
    "longitude": "20.6751",
    "accuracy": "6"
  },
  {
    "country_code": "AX",
    "postal_code": "22550",
    "place_name": "Vårdö",
    "admin_name1": "Ålands skärgård",
    "admin_code1": "213",
    "admin_name2": "Vårdö",
    "admin_code2": "941",
    "admin_name3": "",
    "admin_code3": "",
    "latitude": "60.2607",
    "longitude": "20.3725",
    "accuracy": "6"
  }
]