[
  {
    "country_code": "FM",
    "postal_code": "96944",
    "place_name": "Kosrae",
    "admin_name1": "State of Kosrae",
    "admin_code1": "01",
    "admin_name2": "",
    "admin_code2": "",
    "admin_name3": "",
    "admin_code3": "",
    "latitude": "7.1383",
    "longitude": "151.5031",
    "accuracy": "1"
  },
  {
    "country_code": "FM",
    "postal_code": "96941",
    "place_name": "Pohnpei",
    "admin_name1": "State of Pohnpei",
    "admin_code1": "02",
    "admin_name2": "",
    "admin_code2": "",
    "admin_name3": "",
    "admin_code3": "",
    "latitude": "7.1383",
    "longitude": "151.5031",
    "accuracy": "1"
  },
  {
    "country_code": "FM",
    "postal_code": "96942",
    "place_name": "Chuuk",
    "admin_name1": "State of Chuuk",
    "admin_code1": "03",
    "admin_name2": "",
    "admin_code2": "",
    "admin_name3": "",
    "admin_code3": "",
    "latitude": "7.1383",
    "longitude": "151.5031",
    "accuracy": "1"
  },
  {
    "country_code": "FM",
    "postal_code": "96943",
    "place_name": "Yap",
    "admin_name1": "State of Yap",
    "admin_code1": "04",
    "admin_name2": "",
    "admin_code2": "",
    "admin_name3": "",
    "admin_code3": "",
    "latitude": "7.1383",
    "longitude": "151.5031",
    "accuracy": "4"
  }
]