[
  {
    "country_code": "FO",
    "postal_code": "100",
    "place_name": "Tórshavn",
    "admin_name1": "",
    "admin_code1": "",
    "admin_name2": "",
    "admin_code2": "",
    "admin_name3": "",
    "admin_code3": "",
    "latitude": "62.0167",
    "longitude": "-6.7667",
    "accuracy": "4"
  },
  {
    "country_code": "FO",
    "postal_code": "110",
    "place_name": "Tórshavn",
    "admin_name1": "",
    "admin_code1": "",
    "admin_name2": "",
    "admin_code2": "",
    "admin_name3": "",
    "admin_code3": "",
    "latitude": "62.0167",
    "longitude": "-6.7667",
    "accuracy": "4"
  },
  {
    "country_code": "FO",
    "postal_code": "160",
    "place_name": "Argir",
    "admin_name1": "",
    "admin_code1": "",
    "admin_name2": "",
    "admin_code2": "",
    "admin_name3": "",
    "admin_code3": "",
    "latitude": "61.9833",
    "longitude": "-6.75",
    "accuracy": "4"
  },
  {
    "country_code": "FO",
    "postal_code": "165",
    "place_name": "Argir",
    "admin_name1": "",
    "admin_code1": "",
    "admin_name2": "",
    "admin_code2": "",
    "admin_name3": "",
    "admin_code3": "",
    "latitude": "61.9833",
    "longitude": "-6.75",
    "accuracy": "4"
  },
  {
    "country_code": "FO",
    "postal_code": "175",
    "place_name": "Kirkjubøur",
    "admin_name1": "",
    "admin_code1": "",
    "admin_name2": "",
    "admin_code2": "",
    "admin_name3": "",
    "admin_code3": "",
    "latitude": "61.95",
    "longitude": "-6.7833",
    "accuracy": "4"
  },
  {
    "country_code": "FO",
    "postal_code": "176",
    "place_name": "Velbastadur",
    "admin_name1": "",
    "admin_code1": "",
    "admin_name2": "",
    "admin_code2": "",
    "admin_name3": "",
    "admin_code3": "",
    "latitude": "61.9833",
    "longitude": "-6.8333",
    "accuracy": "4"
  },
  {
    "country_code": "FO",
    "postal_code": "177",
    "place_name": "Sydradalur, Streymoy",
    "admin_name1": "",
    "admin_code1": "",
    "admin_name2": "",
    "admin_code2": "",
    "admin_name3": "",
    "admin_code3": "",
    "latitude": "62.0167",
    "longitude": "-6.9",
    "accuracy": "4"
  },
  {
    "country_code": "FO",
    "postal_code": "178",
    "place_name": "Nordradalur",
    "admin_name1": "",
    "admin_code1": "",
    "admin_name2": "",
    "admin_code2": "",
    "admin_name3": "",
    "admin_code3": "",
    "latitude": "62.0333",
    "longitude": "-6.9167",
    "accuracy": "4"
  },
  {
    "country_code": "FO",
    "postal_code": "180",
    "place_name": "Kaldbak",
    "admin_name1": "",
    "admin_code1": "",
    "admin_name2": "",
    "admin_code2": "",
    "admin_name3": "",
    "admin_code3": "",
    "latitude": "62.05",
    "longitude": "-6.8167",
    "accuracy": "4"
  },
  {
    "country_code": "FO",
    "postal_code": "185",
    "place_name": "Kaldbaksbotnur",
    "admin_name1": "",
    "admin_code1": "",
    "admin_name2": "",
    "admin_code2": "",
    "admin_name3": "",
    "admin_code3": "",
    "latitude": "62.046",
    "longitude": "-6.7995",
    "accuracy": "1"
  },
  {
    "country_code": "FO",
    "postal_code": "186",
    "place_name": "Sund",
    "admin_name1": "",
    "admin_code1": "",
    "admin_name2": "",
    "admin_code2": "",
    "admin_name3": "",
    "admin_code3": "",
    "latitude": "62.05",
    "longitude": "-6.8333",
    "accuracy": "4"
  },
  {
    "country_code": "FO",
    "postal_code": "187",
    "place_name": "Hvitanes",
    "admin_name1": "",
    "admin_code1": "",
    "admin_name2": "",
    "admin_code2": "",
    "admin_name3": "",
    "admin_code3": "",
    "latitude": "62.05",
    "longitude": "-6.7667",
    "accuracy": "4"
  },
  {
    "country_code": "FO",
    "postal_code": "188",
    "place_name": "Hoyvik",
    "admin_name1": "",
    "admin_code1": "",
    "admin_name2": "",
    "admin_code2": "",
    "admin_name3": "",
    "admin_code3": "",
    "latitude": "62.0341",
    "longitude": "-6.7813",
    "accuracy": "4"
  },
  {
    "country_code": "FO",
    "postal_code": "210",
    "place_name": "Sandur",
    "admin_name1": "",
    "admin_code1": "",
    "admin_name2": "",
    "admin_code2": "",
    "admin_name3": "",
    "admin_code3": "",
    "latitude": "61.8425",
    "longitude": "-6.8078",
    "accuracy": "4"
  },
  {
    "country_code": "FO",
    "postal_code": "215",
    "place_name": "Sandur",
    "admin_name1": "",
    "admin_code1": "",
    "admin_name2": "",
    "admin_code2": "",
    "admin_name3": "",
    "admin_code3": "",
    "latitude": "61.8425",
    "longitude": "-6.8078",
    "accuracy": "4"
  },
  {
    "country_code": "FO",
    "postal_code": "220",
    "place_name": "Skálavik",
    "admin_name1": "",
    "admin_code1": "",
    "admin_name2": "",
    "admin_code2": "",
    "admin_name3": "",
    "admin_code3": "",
    "latitude": "61.8333",
    "longitude": "-6.65",
    "accuracy": "4"
  },
  {
    "country_code": "FO",
    "postal_code": "230",
    "place_name": "Húsavik",
    "admin_name1": "",
    "admin_code1": "",
    "admin_name2": "",
    "admin_code2": "",
    "admin_name3": "",
    "admin_code3": "",
    "latitude": "61.8",
    "longitude": "-6.6667",
    "accuracy": "4"
  },
  {
    "country_code": "FO",
    "postal_code": "235",
    "place_name": "Dalur",
    "admin_name1": "",
    "admin_code1": "",
    "admin_name2": "",
    "admin_code2": "",
    "admin_name3": "",
    "admin_code3": "",
    "latitude": "61.7833",
    "longitude": "-6.6667",
    "accuracy": "4"
  },
  {
    "country_code": "FO",
    "postal_code": "236",
    "place_name": "Skarvanes",
    "admin_name1": "",
    "admin_code1": "",
    "admin_name2": "",
    "admin_code2": "",
    "admin_name3": "",
    "admin_code3": "",
    "latitude": "61.8",
    "longitude": "-6.7333",
    "accuracy": "4"
  },
  {
    "country_code": "FO",
    "postal_code": "240",
    "place_name": "Skopun",
    "admin_name1": "",
    "admin_code1": "",
    "admin_name2": "",
    "admin_code2": "",
    "admin_name3": "",
    "admin_code3": "",
    "latitude": "61.9",
    "longitude": "-6.8667",
    "accuracy": "4"
  },
  {
    "country_code": "FO",
    "postal_code": "260",
    "place_name": "Skúvoy",
    "admin_name1": "",
    "admin_code1": "",
    "admin_name2": "",
    "admin_code2": "",
    "admin_name3": "",
    "admin_code3": "",
    "latitude": "61.7667",
    "longitude": "-6.8",
    "accuracy": "4"
  },
  {
    "country_code": "FO",
    "postal_code": "270",
    "place_name": "Nólsoy",
    "admin_name1": "",
    "admin_code1": "",
    "admin_name2": "",
    "admin_code2": "",
    "admin_name3": "",
    "admin_code3": "",
    "latitude": "62.0167",
    "longitude": "-6.6667",
    "accuracy": "4"
  },
  {
    "country_code": "FO",
    "postal_code": "280",
    "place_name": "Hestur",
    "admin_name1": "",
    "admin_code1": "",
    "admin_name2": "",
    "admin_code2": "",
    "admin_name3": "",
    "admin_code3": "",
    "latitude": "61.95",
    "longitude": "-6.8667",
    "accuracy": "4"
  },
  {
    "country_code": "FO",
    "postal_code": "285",
    "place_name": "Koltur",
    "admin_name1": "",
    "admin_code1": "",
    "admin_name2": "",
    "admin_code2": "",
    "admin_name3": "",
    "admin_code3": "",
    "latitude": "61.9833",
    "longitude": "-6.95",
    "accuracy": "4"
  },
  {
    "country_code": "FO",
    "postal_code": "286",
    "place_name": "Stóra Dimun",
    "admin_name1": "",
    "admin_code1": "",
    "admin_name2": "",
    "admin_code2": "",
    "admin_name3": "",
    "admin_code3": "",
    "latitude": "61.9667",
    "longitude": "-6.9083",
    "accuracy": "1"
  },
  {
    "country_code": "FO",
    "postal_code": "330",
    "place_name": "Stykkid",
    "admin_name1": "",
    "admin_code1": "",
    "admin_name2": "",
    "admin_code2": "",
    "admin_name3": "",
    "admin_code3": "",
    "latitude": "62.1167",
    "longitude": "-7.0333",
    "accuracy": "4"
  },
  {
    "country_code": "FO",
    "postal_code": "335",
    "place_name": "Leynar",
    "admin_name1": "",
    "admin_code1": "",
    "admin_name2": "",
    "admin_code2": "",
    "admin_name3": "",
    "admin_code3": "",
    "latitude": "62.1167",
    "longitude": "-7.0333",
    "accuracy": "4"
  },
  {
    "country_code": "FO",
    "postal_code": "336",
    "place_name": "Skællingur",
    "admin_name1": "",
    "admin_code1": "",
    "admin_name2": "",
    "admin_code2": "",
    "admin_name3": "",
    "admin_code3": "",
    "latitude": "62.1167",
    "longitude": "-7.0333",
    "accuracy": "1"
  },
  {
    "country_code": "FO",
    "postal_code": "340",
    "place_name": "Kvivik",
    "admin_name1": "",
    "admin_code1": "",
    "admin_name2": "",
    "admin_code2": "",
    "admin_name3": "",
    "admin_code3": "",
    "latitude": "62.1167",
    "longitude": "-7.0667",
    "accuracy": "4"
  },
  {
    "country_code": "FO",
    "postal_code": "350",
    "place_name": "Vestmanna",
    "admin_name1": "",
    "admin_code1": "",
    "admin_name2": "",
    "admin_code2": "",
    "admin_name3": "",
    "admin_code3": "",
    "latitude": "62.1564",
    "longitude": "-7.1664",
    "accuracy": "4"
  },
  {
    "country_code": "FO",
    "postal_code": "355",
    "place_name": "Vestmanna",
    "admin_name1": "",
    "admin_code1": "",
    "admin_name2": "",
    "admin_code2": "",
    "admin_name3": "",
    "admin_code3": "",
    "latitude": "62.1564",
    "longitude": "-7.1664",
    "accuracy": "4"
  },
  {
    "country_code": "FO",
    "postal_code": "358",
    "place_name": "Válur",
    "admin_name1": "",
    "admin_code1": "",
    "admin_name2": "",
    "admin_code2": "",
    "admin_name3": "",
    "admin_code3": "",
    "latitude": "62.1333",
    "longitude": "-7.1333",
    "accuracy": "4"
  },
  {
    "country_code": "FO",
    "postal_code": "360",
    "place_name": "Sandavágur",
    "admin_name1": "",
    "admin_code1": "",
    "admin_name2": "",
    "admin_code2": "",
    "admin_name3": "",
    "admin_code3": "",
    "latitude": "62.05",
    "longitude": "-7.1333",
    "accuracy": "4"
  },
  {
    "country_code": "FO",
    "postal_code": "370",
    "place_name": "Midvágur",
    "admin_name1": "",
    "admin_code1": "",
    "admin_name2": "",
    "admin_code2": "",
    "admin_name3": "",
    "admin_code3": "",
    "latitude": "62.0511",
    "longitude": "-7.1939",
    "accuracy": "4"
  },
  {
    "country_code": "FO",
    "postal_code": "375",
    "place_name": "Midvágur",
    "admin_name1": "",
    "admin_code1": "",
    "admin_name2": "",
    "admin_code2": "",
    "admin_name3": "",
    "admin_code3": "",
    "latitude": "62.0511",
    "longitude": "-7.1939",
    "accuracy": "4"
  },
  {
    "country_code": "FO",
    "postal_code": "380",
    "place_name": "Sørvágur",
    "admin_name1": "",
    "admin_code1": "",
    "admin_name2": "",
    "admin_code2": "",
    "admin_name3": "",
    "admin_code3": "",
    "latitude": "62.0973",
    "longitude": "-7.3577",
    "accuracy": "4"
  },
  {
    "country_code": "FO",
    "postal_code": "385",
    "place_name": "Vatnsoyrar",
    "admin_name1": "",
    "admin_code1": "",
    "admin_name2": "",
    "admin_code2": "",
    "admin_name3": "",
    "admin_code3": "",
    "latitude": "62.0667",
    "longitude": "-7.2333",
    "accuracy": "4"
  },
  {
    "country_code": "FO",
    "postal_code": "386",
    "place_name": "Bøur",
    "admin_name1": "",
    "admin_code1": "",
    "admin_name2": "",
    "admin_code2": "",
    "admin_name3": "",
    "admin_code3": "",
    "latitude": "62.0833",
    "longitude": "-7.35",
    "accuracy": "4"
  },
  {
    "country_code": "FO",
    "postal_code": "387",
    "place_name": "Gásadalur",
    "admin_name1": "",
    "admin_code1": "",
    "admin_name2": "",
    "admin_code2": "",
    "admin_name3": "",
    "admin_code3": "",
    "latitude": "62.1167",
    "longitude": "-7.4333",
    "accuracy": "4"
  },
  {
    "country_code": "FO",
    "postal_code": "388",
    "place_name": "Mykines",
    "admin_name1": "",
    "admin_code1": "",
    "admin_name2": "",
    "admin_code2": "",
    "admin_name3": "",
    "admin_code3": "",
    "latitude": "62.1",
    "longitude": "-7.6333",
    "accuracy": "4"
  },
  {
    "country_code": "FO",
    "postal_code": "400",
    "place_name": "Oyrarbakki",
    "admin_name1": "",
    "admin_code1": "",
    "admin_name2": "",
    "admin_code2": "",
    "admin_name3": "",
    "admin_code3": "",
    "latitude": "62.2",
    "longitude": "-6.9833",
    "accuracy": "4"
  },
  {
    "country_code": "FO",
    "postal_code": "405",
    "place_name": "Oyrarbakki",
    "admin_name1": "",
    "admin_code1": "",
    "admin_name2": "",
    "admin_code2": "",
    "admin_name3": "",
    "admin_code3": "",
    "latitude": "62.2",
    "longitude": "-6.9833",
    "accuracy": "4"
  },
  {
    "country_code": "FO",
    "postal_code": "410",
    "place_name": "Kollafjørdur",
    "admin_name1": "",
    "admin_code1": "",
    "admin_name2": "",
    "admin_code2": "",
    "admin_name3": "",
    "admin_code3": "",
    "latitude": "62.1167",
    "longitude": "-6.9",
    "accuracy": "4"
  },
  {
    "country_code": "FO",
    "postal_code": "415",
    "place_name": "Oyrareingir",
    "admin_name1": "",
    "admin_code1": "",
    "admin_name2": "",
    "admin_code2": "",
    "admin_name3": "",
    "admin_code3": "",
    "latitude": "62.1",
    "longitude": "-6.95",
    "accuracy": "4"
  },
  {
    "country_code": "FO",
    "postal_code": "416",
    "place_name": "Signabøur",
    "admin_name1": "",
    "admin_code1": "",
    "admin_name2": "",
    "admin_code2": "",
    "admin_name3": "",
    "admin_code3": "",
    "latitude": "62.1",
    "longitude": "-6.9",
    "accuracy": "4"
  },
  {
    "country_code": "FO",
    "postal_code": "420",
    "place_name": "Hósvik",
    "admin_name1": "",
    "admin_code1": "",
    "admin_name2": "",
    "admin_code2": "",
    "admin_name3": "",
    "admin_code3": "",
    "latitude": "62.15",
    "longitude": "-6.9333",
    "accuracy": "4"
  },
  {
    "country_code": "FO",
    "postal_code": "430",
    "place_name": "Hvalvik",
    "admin_name1": "",
    "admin_code1": "",
    "admin_name2": "",
    "admin_code2": "",
    "admin_name3": "",
    "admin_code3": "",
    "latitude": "62.1833",
    "longitude": "-7.0167",
    "accuracy": "4"
  },
  {
    "country_code": "FO",
    "postal_code": "435",
    "place_name": "Streymnes",
    "admin_name1": "",
    "admin_code1": "",
    "admin_name2": "",
    "admin_code2": "",
    "admin_name3": "",
    "admin_code3": "",
    "latitude": "62.2",
    "longitude": "-7.0167",
    "accuracy": "4"
  },
  {
    "country_code": "FO",
    "postal_code": "436",
    "place_name": "Saksun",
    "admin_name1": "",
    "admin_code1": "",
    "admin_name2": "",
    "admin_code2": "",
    "admin_name3": "",
    "admin_code3": "",
    "latitude": "62.25",
    "longitude": "-7.1667",
    "accuracy": "4"
  },
  {
    "country_code": "FO",
    "postal_code": "437",
    "place_name": "Nesvik",
    "admin_name1": "",
    "admin_code1": "",
    "admin_name2": "",
    "admin_code2": "",
    "admin_name3": "",
    "admin_code3": "",
    "latitude": "62.2167",
    "longitude": "-7.0167",
    "accuracy": "4"
  },
  {
    "country_code": "FO",
    "postal_code": "438",
    "place_name": "Langasandur",
    "admin_name1": "",
    "admin_code1": "",
    "admin_name2": "",
    "admin_code2": "",
    "admin_name3": "",
    "admin_code3": "",
    "latitude": "62.2333",
    "longitude": "-7.0333",
    "accuracy": "4"
  },
  {
    "country_code": "FO",
    "postal_code": "440",
    "place_name": "Haldarsvik",
    "admin_name1": "",
    "admin_code1": "",
    "admin_name2": "",
    "admin_code2": "",
    "admin_name3": "",
    "admin_code3": "",
    "latitude": "62.2833",
    "longitude": "-7.0833",
    "accuracy": "4"
  },
  {
    "country_code": "FO",
    "postal_code": "445",
    "place_name": "Tjørnuvik",
    "admin_name1": "",
    "admin_code1": "",
    "admin_name2": "",
    "admin_code2": "",
    "admin_name3": "",
    "admin_code3": "",
    "latitude": "62.2833",
    "longitude": "-7.1333",
    "accuracy": "4"
  },
  {
    "country_code": "FO",
    "postal_code": "450",
    "place_name": "Oyri",
    "admin_name1": "",
    "admin_code1": "",
    "admin_name2": "",
    "admin_code2": "",
    "admin_name3": "",
    "admin_code3": "",
    "latitude": "62.1833",
    "longitude": "-6.9667",
    "accuracy": "4"
  },
  {
    "country_code": "FO",
    "postal_code": "460",
    "place_name": "Nordskáli",
    "admin_name1": "",
    "admin_code1": "",
    "admin_name2": "",
    "admin_code2": "",
    "admin_name3": "",
    "admin_code3": "",
    "latitude": "62.2167",
    "longitude": "-7",
    "accuracy": "4"
  },
  {
    "country_code": "FO",
    "postal_code": "465",
    "place_name": "Svináir",
    "admin_name1": "",
    "admin_code1": "",
    "admin_name2": "",
    "admin_code2": "",
    "admin_name3": "",
    "admin_code3": "",
    "latitude": "62.2333",
    "longitude": "-7.0167",
    "accuracy": "4"
  },
  {
    "country_code": "FO",
    "postal_code": "466",
    "place_name": "Ljósá",
    "admin_name1": "",
    "admin_code1": "",
    "admin_name2": "",
    "admin_code2": "",
    "admin_name3": "",
    "admin_code3": "",
    "latitude": "62.2667",
    "longitude": "-7.05",
    "accuracy": "4"
  },
  {
    "country_code": "FO",
    "postal_code": "470",
    "place_name": "Eidi",
    "admin_name1": "",
    "admin_code1": "",
    "admin_name2": "",
    "admin_code2": "",
    "admin_name3": "",
    "admin_code3": "",
    "latitude": "62.3",
    "longitude": "-7.0833",
    "accuracy": "4"
  },
  {
    "country_code": "FO",
    "postal_code": "475",
    "place_name": "Funningur",
    "admin_name1": "",
    "admin_code1": "",
    "admin_name2": "",
    "admin_code2": "",
    "admin_name3": "",
    "admin_code3": "",
    "latitude": "62.2833",
    "longitude": "-6.95",
    "accuracy": "4"
  },
  {
    "country_code": "FO",
    "postal_code": "476",
    "place_name": "Gjógv",
    "admin_name1": "",
    "admin_code1": "",
    "admin_name2": "",
    "admin_code2": "",
    "admin_name3": "",
    "admin_code3": "",
    "latitude": "62.3167",
    "longitude": "-6.9333",
    "accuracy": "4"
  },
  {
    "country_code": "FO",
    "postal_code": "477",
    "place_name": "Funningsfjørdur",
    "admin_name1": "",
    "admin_code1": "",
    "admin_name2": "",
    "admin_code2": "",
    "admin_name3": "",
    "admin_code3": "",
    "latitude": "62.2333",
    "longitude": "-6.9167",
    "accuracy": "4"
  },
  {
    "country_code": "FO",
    "postal_code": "478",
    "place_name": "Elduvik",
    "admin_name1": "",
    "admin_code1": "",
    "admin_name2": "",
    "admin_code2": "",
    "admin_name3": "",
    "admin_code3": "",
    "latitude": "62.2833",
    "longitude": "-6.9",
    "accuracy": "4"
  },
  {
    "country_code": "FO",
    "postal_code": "480",
    "place_name": "Skáli",
    "admin_name1": "",
    "admin_code1": "",
    "admin_name2": "",
    "admin_code2": "",
    "admin_name3": "",
    "admin_code3": "",
    "latitude": "62.15",
    "longitude": "-6.7667",
    "accuracy": "4"
  },
  {
    "country_code": "FO",
    "postal_code": "485",
    "place_name": "Skálafjørdur",
    "admin_name1": "",
    "admin_code1": "",
    "admin_name2": "",
    "admin_code2": "",
    "admin_name3": "",
    "admin_code3": "",
    "latitude": "62.2",
    "longitude": "-6.85",
    "accuracy": "4"
  },
  {
    "country_code": "FO",
    "postal_code": "490",
    "place_name": "Strendur",
    "admin_name1": "",
    "admin_code1": "",
    "admin_name2": "",
    "admin_code2": "",
    "admin_name3": "",
    "admin_code3": "",
    "latitude": "62.1167",
    "longitude": "-6.75",
    "accuracy": "4"
  },
  {
    "country_code": "FO",
    "postal_code": "494",
    "place_name": "Innan Glyvur",
    "admin_name1": "",
    "admin_code1": "",
    "admin_name2": "",
    "admin_code2": "",
    "admin_name3": "",
    "admin_code3": "",
    "latitude": "62.1333",
    "longitude": "-6.75",
    "accuracy": "4"
  },
  {
    "country_code": "FO",
    "postal_code": "495",
    "place_name": "Kolbanargjógv",
    "admin_name1": "",
    "admin_code1": "",
    "admin_name2": "",
    "admin_code2": "",
    "admin_name3": "",
    "admin_code3": "",
    "latitude": "62.1",
    "longitude": "-6.7833",
    "accuracy": "4"
  },
  {
    "country_code": "FO",
    "postal_code": "496",
    "place_name": "Morskranes",
    "admin_name1": "",
    "admin_code1": "",
    "admin_name2": "",
    "admin_code2": "",
    "admin_name3": "",
    "admin_code3": "",
    "latitude": "62.1333",
    "longitude": "-6.8333",
    "accuracy": "4"
  },
  {
    "country_code": "FO",
    "postal_code": "497",
    "place_name": "Selatrad",
    "admin_name1": "",
    "admin_code1": "",
    "admin_name2": "",
    "admin_code2": "",
    "admin_name3": "",
    "admin_code3": "",
    "latitude": "62.15",
    "longitude": "-6.85",
    "accuracy": "4"
  },
  {
    "country_code": "FO",
    "postal_code": "510",
    "place_name": "Gøta",
    "admin_name1": "",
    "admin_code1": "",
    "admin_name2": "",
    "admin_code2": "",
    "admin_name3": "",
    "admin_code3": "",
    "latitude": "62.2",
    "longitude": "-6.7333",
    "accuracy": "4"
  },
  {
    "country_code": "FO",
    "postal_code": "511",
    "place_name": "Gøtugjógv",
    "admin_name1": "",
    "admin_code1": "",
    "admin_name2": "",
    "admin_code2": "",
    "admin_name3": "",
    "admin_code3": "",
    "latitude": "62.1833",
    "longitude": "-6.7333",
    "accuracy": "4"
  },
  {
    "country_code": "FO",
    "postal_code": "512",
    "place_name": "Nordragøta",
    "admin_name1": "",
    "admin_code1": "",
    "admin_name2": "",
    "admin_code2": "",
    "admin_name3": "",
    "admin_code3": "",
    "latitude": "62.2007",
    "longitude": "-6.7419",
    "accuracy": "4"
  },
  {
    "country_code": "FO",
    "postal_code": "513",
    "place_name": "Sydrugøta",
    "admin_name1": "",
    "admin_code1": "",
    "admin_name2": "",
    "admin_code2": "",
    "admin_name3": "",
    "admin_code3": "",
    "latitude": "62.1833",
    "longitude": "-6.7333",
    "accuracy": "4"
  },
  {
    "country_code": "FO",
    "postal_code": "515",
    "place_name": "Gøta",
    "admin_name1": "",
    "admin_code1": "",
    "admin_name2": "",
    "admin_code2": "",
    "admin_name3": "",
    "admin_code3": "",
    "latitude": "62.2",
    "longitude": "-6.7333",
    "accuracy": "4"
  },
  {
    "country_code": "FO",
    "postal_code": "520",
    "place_name": "Leirvik",
    "admin_name1": "",
    "admin_code1": "",
    "admin_name2": "",
    "admin_code2": "",
    "admin_name3": "",
    "admin_code3": "",
    "latitude": "62.2167",
    "longitude": "-6.6833",
    "accuracy": "4"
  },
  {
    "country_code": "FO",
    "postal_code": "530",
    "place_name": "Fuglafjørdur",
    "admin_name1": "",
    "admin_code1": "",
    "admin_name2": "",
    "admin_code2": "",
    "admin_name3": "",
    "admin_code3": "",
    "latitude": "62.244",
    "longitude": "-6.8139",
    "accuracy": "4"
  },
  {
    "country_code": "FO",
    "postal_code": "535",
    "place_name": "Fuglafjørdur",
    "admin_name1": "",
    "admin_code1": "",
    "admin_name2": "",
    "admin_code2": "",
    "admin_name3": "",
    "admin_code3": "",
    "latitude": "62.244",
    "longitude": "-6.8139",
    "accuracy": "4"
  },
  {
    "country_code": "FO",
    "postal_code": "600",
    "place_name": "Saltangará",
    "admin_name1": "",
    "admin_code1": "",
    "admin_name2": "",
    "admin_code2": "",
    "admin_name3": "",
    "admin_code3": "",
    "latitude": "62.1167",
    "longitude": "-6.7167",
    "accuracy": "4"
  },
  {
    "country_code": "FO",
    "postal_code": "610",
    "place_name": "Saltangará",
    "admin_name1": "",
    "admin_code1": "",
    "admin_name2": "",
    "admin_code2": "",
    "admin_name3": "",
    "admin_code3": "",
    "latitude": "62.1167",
    "longitude": "-6.7167",
    "accuracy": "4"
  },
  {
    "country_code": "FO",
    "postal_code": "620",
    "place_name": "Runavik",
    "admin_name1": "",
    "admin_code1": "",
    "admin_name2": "",
    "admin_code2": "",
    "admin_name3": "",
    "admin_code3": "",
    "latitude": "62.1167",
    "longitude": "-6.7167",
    "accuracy": "4"
  },
  {
    "country_code": "FO",
    "postal_code": "625",
    "place_name": "Glyvrar",
    "admin_name1": "",
    "admin_code1": "",
    "admin_name2": "",
    "admin_code2": "",
    "admin_name3": "",
    "admin_code3": "",
    "latitude": "62.1333",
    "longitude": "-6.7167",
    "accuracy": "4"
  },
  {
    "country_code": "FO",
    "postal_code": "626",
    "place_name": "Lambareidi",
    "admin_name1": "",
    "admin_code1": "",
    "admin_name2": "",
    "admin_code2": "",
    "admin_name3": "",
    "admin_code3": "",
    "latitude": "62.1333",
    "longitude": "-6.7167",
    "accuracy": "4"
  },
  {
    "country_code": "FO",
    "postal_code": "627",
    "place_name": "Lambi",
    "admin_name1": "",
    "admin_code1": "",
    "admin_name2": "",
    "admin_code2": "",
    "admin_name3": "",
    "admin_code3": "",
    "latitude": "62.1333",
    "longitude": "-6.6833",
    "accuracy": "4"
  },
  {
    "country_code": "FO",
    "postal_code": "640",
    "place_name": "Rituvik",
    "admin_name1": "",
    "admin_code1": "",
    "admin_name2": "",
    "admin_code2": "",
    "admin_name3": "",
    "admin_code3": "",
    "latitude": "62.1",
    "longitude": "-6.6667",
    "accuracy": "4"
  },
  {
    "country_code": "FO",
    "postal_code": "645",
    "place_name": "Æduvik",
    "admin_name1": "",
    "admin_code1": "",
    "admin_name2": "",
    "admin_code2": "",
    "admin_name3": "",
    "admin_code3": "",
    "latitude": "62.0667",
    "longitude": "-6.6833",
    "accuracy": "4"
  },
  {
    "country_code": "FO",
    "postal_code": "650",
    "place_name": "Toftir",
    "admin_name1": "",
    "admin_code1": "",
    "admin_name2": "",
    "admin_code2": "",
    "admin_name3": "",
    "admin_code3": "",
    "latitude": "62.1",
    "longitude": "-6.7333",
    "accuracy": "4"
  },
  {
    "country_code": "FO",
    "postal_code": "655",
    "place_name": "Nes, Eysturoy",
    "admin_name1": "",
    "admin_code1": "",
    "admin_name2": "",
    "admin_code2": "",
    "admin_name3": "",
    "admin_code3": "",
    "latitude": "62.0833",
    "longitude": "-6.7167",
    "accuracy": "4"
  },
  {
    "country_code": "FO",
    "postal_code": "656",
    "place_name": "Saltnes",
    "admin_name1": "",
    "admin_code1": "",
    "admin_name2": "",
    "admin_code2": "",
    "admin_name3": "",
    "admin_code3": "",
    "latitude": "62.1",
    "longitude": "-6.7333",
    "accuracy": "4"
  },
  {
    "country_code": "FO",
    "postal_code": "660",
    "place_name": "Søldarfjørdur",
    "admin_name1": "",
    "admin_code1": "",
    "admin_name2": "",
    "admin_code2": "",
    "admin_name3": "",
    "admin_code3": "",
    "latitude": "62.15",
    "longitude": "-6.7333",
    "accuracy": "4"
  },
  {
    "country_code": "FO",
    "postal_code": "665",
    "place_name": "Skipanes",
    "admin_name1": "",
    "admin_code1": "",
    "admin_name2": "",
    "admin_code2": "",
    "admin_name3": "",
    "admin_code3": "",
    "latitude": "62.1667",
    "longitude": "-6.75",
    "accuracy": "4"
  },
  {
    "country_code": "FO",
    "postal_code": "666",
    "place_name": "Gøtueidi",
    "admin_name1": "",
    "admin_code1": "",
    "admin_name2": "",
    "admin_code2": "",
    "admin_name3": "",
    "admin_code3": "",
    "latitude": "62.1833",
    "longitude": "-6.7667",
    "accuracy": "4"
  },
  {
    "country_code": "FO",
    "postal_code": "690",
    "place_name": "Oyndarfjørdur",
    "admin_name1": "",
    "admin_code1": "",
    "admin_name2": "",
    "admin_code2": "",
    "admin_name3": "",
    "admin_code3": "",
    "latitude": "62.2833",
    "longitude": "-6.8333",
    "accuracy": "4"
  },
  {
    "country_code": "FO",
    "postal_code": "695",
    "place_name": "Hellur",
    "admin_name1": "",
    "admin_code1": "",
    "admin_name2": "",
    "admin_code2": "",
    "admin_name3": "",
    "admin_code3": "",
    "latitude": "62.2667",
    "longitude": "-6.8333",
    "accuracy": "4"
  },
  {
    "country_code": "FO",
    "postal_code": "700",
    "place_name": "Klaksvik",
    "admin_name1": "",
    "admin_code1": "",
    "admin_name2": "",
    "admin_code2": "",
    "admin_name3": "",
    "admin_code3": "",
    "latitude": "62.2265",
    "longitude": "-6.589",
    "accuracy": "4"
  },
  {
    "country_code": "FO",
    "postal_code": "710",
    "place_name": "Klaksvík",
    "admin_name1": "",
    "admin_code1": "",
    "admin_name2": "",
    "admin_code2": "",
    "admin_name3": "",
    "admin_code3": "",
    "latitude": "62.2265",
    "longitude": "-6.589",
    "accuracy": "4"
  },
  {
    "country_code": "FO",
    "postal_code": "725",
    "place_name": "Nordoyri",
    "admin_name1": "",
    "admin_code1": "",
    "admin_name2": "",
    "admin_code2": "",
    "admin_name3": "",
    "admin_code3": "",
    "latitude": "62.2167",
    "longitude": "-6.5333",
    "accuracy": "4"
  },
  {
    "country_code": "FO",
    "postal_code": "726",
    "place_name": "Ánir",
    "admin_name1": "",
    "admin_code1": "",
    "admin_name2": "",
    "admin_code2": "",
    "admin_name3": "",
    "admin_code3": "",
    "latitude": "62.25",
    "longitude": "-6.5667",
    "accuracy": "4"
  },
  {
    "country_code": "FO",
    "postal_code": "727",
    "place_name": "Árnafjørdur",
    "admin_name1": "",
    "admin_code1": "",
    "admin_name2": "",
    "admin_code2": "",
    "admin_name3": "",
    "admin_code3": "",
    "latitude": "62.25",
    "longitude": "-6.5167",
    "accuracy": "4"
  },
  {
    "country_code": "FO",
    "postal_code": "730",
    "place_name": "Norddepil",
    "admin_name1": "",
    "admin_code1": "",
    "admin_name2": "",
    "admin_code2": "",
    "admin_name3": "",
    "admin_code3": "",
    "latitude": "62.3",
    "longitude": "-6.5167",
    "accuracy": "4"
  },
  {
    "country_code": "FO",
    "postal_code": "735",
    "place_name": "Depil",
    "admin_name1": "",
    "admin_code1": "",
    "admin_name2": "",
    "admin_code2": "",
    "admin_name3": "",
    "admin_code3": "",
    "latitude": "62.2833",
    "longitude": "-6.5167",
    "accuracy": "4"
  },
  {
    "country_code": "FO",
    "postal_code": "736",
    "place_name": "Nordtoftir",
    "admin_name1": "",
    "admin_code1": "",
    "admin_name2": "",
    "admin_code2": "",
    "admin_name3": "",
    "admin_code3": "",
    "latitude": "62.2667",
    "longitude": "-6.5",
    "accuracy": "4"
  },
  {
    "country_code": "FO",
    "postal_code": "737",
    "place_name": "Múli",
    "admin_name1": "",
    "admin_code1": "",
    "admin_name2": "",
    "admin_code2": "",
    "admin_name3": "",
    "admin_code3": "",
    "latitude": "62.35",
    "longitude": "-6.5667",
    "accuracy": "4"
  },
  {
    "country_code": "FO",
    "postal_code": "740",
    "place_name": "Hvannasund",
    "admin_name1": "",
    "admin_code1": "",
    "admin_name2": "",
    "admin_code2": "",
    "admin_name3": "",
    "admin_code3": "",
    "latitude": "62.3",
    "longitude": "-6.5",
    "accuracy": "4"
  },
  {
    "country_code": "FO",
    "postal_code": "750",
    "place_name": "Vidareidi",
    "admin_name1": "",
    "admin_code1": "",
    "admin_name2": "",
    "admin_code2": "",
    "admin_name3": "",
    "admin_code3": "",
    "latitude": "62.3667",
    "longitude": "-6.5333",
    "accuracy": "4"
  },
  {
    "country_code": "FO",
    "postal_code": "765",
    "place_name": "Svinoy",
    "admin_name1": "",
    "admin_code1": "",
    "admin_name2": "",
    "admin_code2": "",
    "admin_name3": "",
    "admin_code3": "",
    "latitude": "62.2833",
    "longitude": "-6.3333",
    "accuracy": "4"
  },
  {
    "country_code": "FO",
    "postal_code": "766",
    "place_name": "Kirkja",
    "admin_name1": "",
    "admin_code1": "",
    "admin_name2": "",
    "admin_code2": "",
    "admin_name3": "",
    "admin_code3": "",
    "latitude": "62.3167",
    "longitude": "-6.3",
    "accuracy": "4"
  },
  {
    "country_code": "FO",
    "postal_code": "767",
    "place_name": "Hattarvik",
    "admin_name1": "",
    "admin_code1": "",
    "admin_name2": "",
    "admin_code2": "",
    "admin_name3": "",
    "admin_code3": "",
    "latitude": "62.3333",
    "longitude": "-6.25",
    "accuracy": "4"
  },
  {
    "country_code": "FO",
    "postal_code": "780",
    "place_name": "Kunoy",
    "admin_name1": "",
    "admin_code1": "",
    "admin_name2": "",
    "admin_code2": "",
    "admin_name3": "",
    "admin_code3": "",
    "latitude": "62.2833",
    "longitude": "-6.6667",
    "accuracy": "4"
  },
  {
    "country_code": "FO",
    "postal_code": "785",
    "place_name": "Haraldssund",
    "admin_name1": "",
    "admin_code1": "",
    "admin_name2": "",
    "admin_code2": "",
    "admin_name3": "",
    "admin_code3": "",
    "latitude": "62.2667",
    "longitude": "-6.6",
    "accuracy": "4"
  },
  {
    "country_code": "FO",
    "postal_code": "795",
    "place_name": "Sydradalur, Kalsoy",
    "admin_name1": "",
    "admin_code1": "",
    "admin_name2": "",
    "admin_code2": "",
    "admin_name3": "",
    "admin_code3": "",
    "latitude": "62.3222",
    "longitude": "-6.7389",
    "accuracy": "1"
  },
  {
    "country_code": "FO",
    "postal_code": "796",
    "place_name": "Húsar",
    "admin_name1": "",
    "admin_code1": "",
    "admin_name2": "",
    "admin_code2": "",
    "admin_name3": "",
    "admin_code3": "",
    "latitude": "62.2667",
    "longitude": "-6.6833",
    "accuracy": "4"
  },
  {
    "country_code": "FO",
    "postal_code": "797",
    "place_name": "Mikladalur",
    "admin_name1": "",
    "admin_code1": "",
    "admin_name2": "",
    "admin_code2": "",
    "admin_name3": "",
    "admin_code3": "",
    "latitude": "62.3333",
    "longitude": "-6.75",
    "accuracy": "4"
  },
  {
    "country_code": "FO",
    "postal_code": "798",
    "place_name": "Trøllanes",
    "admin_name1": "",
    "admin_code1": "",
    "admin_name2": "",
    "admin_code2": "",
    "admin_name3": "",
    "admin_code3": "",
    "latitude": "62.3667",
    "longitude": "-6.7833",
    "accuracy": "4"
  },
  {
    "country_code": "FO",
    "postal_code": "800",
    "place_name": "Tvøroyri",
    "admin_name1": "",
    "admin_code1": "",
    "admin_name2": "",
    "admin_code2": "",
    "admin_name3": "",
    "admin_code3": "",
    "latitude": "61.5556",
    "longitude": "-6.8111",
    "accuracy": "4"
  },
  {
    "country_code": "FO",
    "postal_code": "810",
    "place_name": "Tvøroyri",
    "admin_name1": "",
    "admin_code1": "",
    "admin_name2": "",
    "admin_code2": "",
    "admin_name3": "",
    "admin_code3": "",
    "latitude": "61.5556",
    "longitude": "-6.8111",
    "accuracy": "4"
  },
  {
    "country_code": "FO",
    "postal_code": "825",
    "place_name": "Frodba",
    "admin_name1": "",
    "admin_code1": "",
    "admin_name2": "",
    "admin_code2": "",
    "admin_name3": "",
    "admin_code3": "",
    "latitude": "61.55",
    "longitude": "-6.7667",
    "accuracy": "4"
  },
  {
    "country_code": "FO",
    "postal_code": "826",
    "place_name": "Trongisvágur",
    "admin_name1": "",
    "admin_code1": "",
    "admin_name2": "",
    "admin_code2": "",
    "admin_name3": "",
    "admin_code3": "",
    "latitude": "61.5667",
    "longitude": "-6.8333",
    "accuracy": "4"
  },
  {
    "country_code": "FO",
    "postal_code": "827",
    "place_name": "Øravik",
    "admin_name1": "",
    "admin_code1": "",
    "admin_name2": "",
    "admin_code2": "",
    "admin_name3": "",
    "admin_code3": "",
    "latitude": "61.5333",
    "longitude": "-6.8",
    "accuracy": "4"
  },
  {
    "country_code": "FO",
    "postal_code": "850",
    "place_name": "Hvalba",
    "admin_name1": "",
    "admin_code1": "",
    "admin_name2": "",
    "admin_code2": "",
    "admin_name3": "",
    "admin_code3": "",
    "latitude": "61.6",
    "longitude": "-6.95",
    "accuracy": "4"
  },
  {
    "country_code": "FO",
    "postal_code": "860",
    "place_name": "Sandvik",
    "admin_name1": "",
    "admin_code1": "",
    "admin_name2": "",
    "admin_code2": "",
    "admin_name3": "",
    "admin_code3": "",
    "latitude": "61.6333",
    "longitude": "-6.9167",
    "accuracy": "4"
  },
  {
    "country_code": "FO",
    "postal_code": "870",
    "place_name": "Fámjin",
    "admin_name1": "",
    "admin_code1": "",
    "admin_name2": "",
    "admin_code2": "",
    "admin_name3": "",
    "admin_code3": "",
    "latitude": "61.5167",
    "longitude": "-6.8667",
    "accuracy": "4"
  },
  {
    "country_code": "FO",
    "postal_code": "900",
    "place_name": "Vágur",
    "admin_name1": "",
    "admin_code1": "",
    "admin_name2": "",
    "admin_code2": "",
    "admin_name3": "",
    "admin_code3": "",
    "latitude": "61.4732",
    "longitude": "-6.8118",
    "accuracy": "4"
  },
  {
    "country_code": "FO",
    "postal_code": "910",
    "place_name": "Vágur",
    "admin_name1": "",
    "admin_code1": "",
    "admin_name2": "",
    "admin_code2": "",
    "admin_name3": "",
    "admin_code3": "",
    "latitude": "61.4732",
    "longitude": "-6.8118",
    "accuracy": "4"
  },
  {
    "country_code": "FO",
    "postal_code": "925",
    "place_name": "Nes, Vágur",
    "admin_name1": "",
    "admin_code1": "",
    "admin_name2": "",
    "admin_code2": "",
    "admin_name3": "",
    "admin_code3": "",
    "latitude": "61.4389",
    "longitude": "-6.7444",
    "accuracy": "1"
  },
  {
    "country_code": "FO",
    "postal_code": "926",
    "place_name": "Lopra",
    "admin_name1": "",
    "admin_code1": "",
    "admin_name2": "",
    "admin_code2": "",
    "admin_name3": "",
    "admin_code3": "",
    "latitude": "61.4333",
    "longitude": "-6.7667",
    "accuracy": "4"
  },
  {
    "country_code": "FO",
    "postal_code": "927",
    "place_name": "Akrar",
    "admin_name1": "",
    "admin_code1": "",
    "admin_name2": "",
    "admin_code2": "",
    "admin_name3": "",
    "admin_code3": "",
    "latitude": "61.45",
    "longitude": "-6.75",
    "accuracy": "4"
  },
  {
    "country_code": "FO",
    "postal_code": "928",
    "place_name": "Vikarbyrgi",
    "admin_name1": "",
    "admin_code1": "",
    "admin_name2": "",
    "admin_code2": "",
    "admin_name3": "",
    "admin_code3": "",
    "latitude": "61.4333",
    "longitude": "-6.7167",
    "accuracy": "4"
  },
  {
    "country_code": "FO",
    "postal_code": "950",
    "place_name": "Porkeri",
    "admin_name1": "",
    "admin_code1": "",
    "admin_name2": "",
    "admin_code2": "",
    "admin_name3": "",
    "admin_code3": "",
    "latitude": "61.4833",
    "longitude": "-6.7333",
    "accuracy": "4"
  },
  {
    "country_code": "FO",
    "postal_code": "960",
    "place_name": "Hov",
    "admin_name1": "",
    "admin_code1": "",
    "admin_name2": "",
    "admin_code2": "",
    "admin_name3": "",
    "admin_code3": "",
    "latitude": "61.5167",
    "longitude": "-6.7333",
    "accuracy": "4"
  },
  {
    "country_code": "FO",
    "postal_code": "970",
    "place_name": "Sumba",
    "admin_name1": "",
    "admin_code1": "",
    "admin_name2": "",
    "admin_code2": "",
    "admin_name3": "",
    "admin_code3": "",
    "latitude": "61.4",
    "longitude": "-6.7",
    "accuracy": "4"
  }
]