[
  {
    "country_code": "GF",
    "postal_code": "97300",
    "place_name": "Cayenne",
    "admin_name1": "Guyane",
    "admin_code1": "GF",
    "admin_name2": "Guyane",
    "admin_code2": "973",
    "admin_name3": "Arrondissement de Cayenne",
    "admin_code3": "9731",
    "latitude": "4.9333",
    "longitude": "-52.3333",
    "accuracy": "5"
  },
  {
    "country_code": "GF",
    "postal_code": "97305 CEDEX",
    "place_name": "Cayenne",
    "admin_name1": "Guyane",
    "admin_code1": "GF",
    "admin_name2": "Guyane",
    "admin_code2": "973",
    "admin_name3": "Arrondissement de Cayenne",
    "admin_code3": "9731",
    "latitude": "4.9333",
    "longitude": "-52.3333",
    "accuracy": "5"
  },
  {
    "country_code": "GF",
    "postal_code": "97306 CEDEX",
    "place_name": "Cayenne",
    "admin_name1": "Guyane",
    "admin_code1": "GF",
    "admin_name2": "Guyane",
    "admin_code2": "973",
    "admin_name3": "Arrondissement de Cayenne",
    "admin_code3": "9731",
    "latitude": "4.9333",
    "longitude": "-52.3333",
    "accuracy": "5"
  },
  {
    "country_code": "GF",
    "postal_code": "97307 CEDEX",
    "place_name": "Cayenne",
    "admin_name1": "Guyane",
    "admin_code1": "GF",
    "admin_name2": "Guyane",
    "admin_code2": "973",
    "admin_name3": "Arrondissement de Cayenne",
    "admin_code3": "9731",
    "latitude": "4.9333",
    "longitude": "-52.3333",
    "accuracy": "5"
  },
  {
    "country_code": "GF",
    "postal_code": "97308 CEDEX",
    "place_name": "Cayenne",
    "admin_name1": "Guyane",
    "admin_code1": "GF",
    "admin_name2": "Guyane",
    "admin_code2": "973",
    "admin_name3": "Arrondissement de Cayenne",
    "admin_code3": "9731",
    "latitude": "4.9333",
    "longitude": "-52.3333",
    "accuracy": "5"
  },
  {
    "country_code": "GF",
    "postal_code": "97309 CEDEX",
    "place_name": "Cayenne",
    "admin_name1": "Guyane",
    "admin_code1": "GF",
    "admin_name2": "Guyane",
    "admin_code2": "973",
    "admin_name3": "Arrondissement de Cayenne",
    "admin_code3": "9731",
    "latitude": "4.9333",
    "longitude": "-52.3333",
    "accuracy": "5"
  },
  {
    "country_code": "GF",
    "postal_code": "97310",
    "place_name": "Kourou",
    "admin_name1": "Guyane",
    "admin_code1": "GF",
    "admin_name2": "Guyane",
    "admin_code2": "973",
    "admin_name3": "Arrondissement de Cayenne",
    "admin_code3": "9731",
    "latitude": "5.1628",
    "longitude": "-52.6427",
    "accuracy": "5"
  },
  {
    "country_code": "GF",
    "postal_code": "97311",
    "place_name": "Roura",
    "admin_name1": "Guyane",
    "admin_code1": "GF",
    "admin_name2": "Guyane",
    "admin_code2": "973",
    "admin_name3": "Arrondissement de Cayenne",
    "admin_code3": "9731",
    "latitude": "4.7252",
    "longitude": "-52.3262",
    "accuracy": "5"
  },
  {
    "country_code": "GF",
    "postal_code": "97312",
    "place_name": "Saint-Élie",
    "admin_name1": "Guyane",
    "admin_code1": "GF",
    "admin_name2": "Guyane",
    "admin_code2": "973",
    "admin_name3": "Arrondissement de Cayenne",
    "admin_code3": "9731",
    "latitude": "4.8243",
    "longitude": "-53.2882",
    "accuracy": "5"
  },
  {
    "country_code": "GF",
    "postal_code": "97313",
    "place_name": "Saint-Georges",
    "admin_name1": "Guyane",
    "admin_code1": "GF",
    "admin_name2": "Guyane",
    "admin_code2": "973",
    "admin_name3": "Arrondissement de Cayenne",
    "admin_code3": "9731",
    "latitude": "3.9",
    "longitude": "-51.8",
    "accuracy": "5"
  },
  {
    "country_code": "GF",
    "postal_code": "97314",
    "place_name": "Saül",
    "admin_name1": "Guyane",
    "admin_code1": "GF",
    "admin_name2": "Guyane",
    "admin_code2": "973",
    "admin_name3": "Arrondissement de Saint-Laurent-du-Maroni",
    "admin_code3": "9732",
    "latitude": "3.6231",
    "longitude": "-53.2092",
    "accuracy": "5"
  },
  {
    "country_code": "GF",
    "postal_code": "97315",
    "place_name": "Sinnamary",
    "admin_name1": "Guyane",
    "admin_code1": "GF",
    "admin_name2": "Guyane",
    "admin_code2": "973",
    "admin_name3": "Arrondissement de Cayenne",
    "admin_code3": "9731",
    "latitude": "5.3768",
    "longitude": "-52.9568",
    "accuracy": "5"
  },
  {
    "country_code": "GF",
    "postal_code": "97316",
    "place_name": "Papaïchton",
    "admin_name1": "Guyane",
    "admin_code1": "GF",
    "admin_name2": "Guyane",
    "admin_code2": "973",
    "admin_name3": "Arrondissement de Saint-Laurent-du-Maroni",
    "admin_code3": "9732",
    "latitude": "3.8058",
    "longitude": "-54.1446",
    "accuracy": "5"
  },
  {
    "country_code": "GF",
    "postal_code": "97317",
    "place_name": "Apatou",
    "admin_name1": "Guyane",
    "admin_code1": "GF",
    "admin_name2": "Guyane",
    "admin_code2": "973",
    "admin_name3": "Arrondissement de Saint-Laurent-du-Maroni",
    "admin_code3": "9732",
    "latitude": "5.1553",
    "longitude": "-54.3431",
    "accuracy": "5"
  },
  {
    "country_code": "GF",
    "postal_code": "97318",
    "place_name": "Mana",
    "admin_name1": "Guyane",
    "admin_code1": "GF",
    "admin_name2": "Guyane",
    "admin_code2": "973",
    "admin_name3": "Arrondissement de Saint-Laurent-du-Maroni",
    "admin_code3": "9732",
    "latitude": "5.6677",
    "longitude": "-53.7783",
    "accuracy": "5"
  },
  {
    "country_code": "GF",
    "postal_code": "97319",
    "place_name": "Awala-Yalimapo",
    "admin_name1": "Guyane",
    "admin_code1": "GF",
    "admin_name2": "Guyane",
    "admin_code2": "973",
    "admin_name3": "Arrondissement de Saint-Laurent-du-Maroni",
    "admin_code3": "9732",
    "latitude": "5.7364",
    "longitude": "-53.9087",
    "accuracy": "5"
  },
  {
    "country_code": "GF",
    "postal_code": "97320",
    "place_name": "Saint-Laurent-du-Maroni",
    "admin_name1": "Guyane",
    "admin_code1": "GF",
    "admin_name2": "Guyane",
    "admin_code2": "973",
    "admin_name3": "Arrondissement de Saint-Laurent-du-Maroni",
    "admin_code3": "9732",
    "latitude": "5.501",
    "longitude": "-54.0294",
    "accuracy": "5"
  },
  {
    "country_code": "GF",
    "postal_code": "97321 CEDEX",
    "place_name": "Cayenne",
    "admin_name1": "Guyane",
    "admin_code1": "GF",
    "admin_name2": "Guyane",
    "admin_code2": "973",
    "admin_name3": "Arrondissement de Cayenne",
    "admin_code3": "9731",
    "latitude": "4.9333",
    "longitude": "-52.3333",
    "accuracy": "5"
  },
  {
    "country_code": "GF",
    "postal_code": "97322 CEDEX",
    "place_name": "Cayenne",
    "admin_name1": "Guyane",
    "admin_code1": "GF",
    "admin_name2": "Guyane",
    "admin_code2": "973",
    "admin_name3": "Arrondissement de Cayenne",
    "admin_code3": "9731",
    "latitude": "4.9333",
    "longitude": "-52.3333",
    "accuracy": "5"
  },
  {
    "country_code": "GF",
    "postal_code": "97323 CEDEX",
    "place_name": "Cayenne",
    "admin_name1": "Guyane",
    "admin_code1": "GF",
    "admin_name2": "Guyane",
    "admin_code2": "973",
    "admin_name3": "Arrondissement de Cayenne",
    "admin_code3": "9731",
    "latitude": "4.9333",
    "longitude": "-52.3333",
    "accuracy": "5"
  },
  {
    "country_code": "GF",
    "postal_code": "97324 CEDEX",
    "place_name": "Cayenne",
    "admin_name1": "Guyane",
    "admin_code1": "GF",
    "admin_name2": "Guyane",
    "admin_code2": "973",
    "admin_name3": "Arrondissement de Cayenne",
    "admin_code3": "9731",
    "latitude": "4.9333",
    "longitude": "-52.3333",
    "accuracy": "5"
  },
  {
    "country_code": "GF",
    "postal_code": "97325 CEDEX",
    "place_name": "Cayenne",
    "admin_name1": "Guyane",
    "admin_code1": "GF",
    "admin_name2": "Guyane",
    "admin_code2": "973",
    "admin_name3": "Arrondissement de Cayenne",
    "admin_code3": "9731",
    "latitude": "4.9333",
    "longitude": "-52.3333",
    "accuracy": "5"
  },
  {
    "country_code": "GF",
    "postal_code": "97326 CEDEX",
    "place_name": "Cayenne",
    "admin_name1": "Guyane",
    "admin_code1": "GF",
    "admin_name2": "Guyane",
    "admin_code2": "973",
    "admin_name3": "Arrondissement de Cayenne",
    "admin_code3": "9731",
    "latitude": "4.9333",
    "longitude": "-52.3333",
    "accuracy": "5"
  },
  {
    "country_code": "GF",
    "postal_code": "97327 CEDEX",
    "place_name": "Cayenne",
    "admin_name1": "Guyane",
    "admin_code1": "GF",
    "admin_name2": "Guyane",
    "admin_code2": "973",
    "admin_name3": "Arrondissement de Cayenne",
    "admin_code3": "9731",
    "latitude": "4.9333",
    "longitude": "-52.3333",
    "accuracy": "5"
  },
  {
    "country_code": "GF",
    "postal_code": "97328 CEDEX",
    "place_name": "Cayenne",
    "admin_name1": "Guyane",
    "admin_code1": "GF",
    "admin_name2": "Guyane",
    "admin_code2": "973",
    "admin_name3": "Arrondissement de Cayenne",
    "admin_code3": "9731",
    "latitude": "4.9333",
    "longitude": "-52.3333",
    "accuracy": "5"
  },
  {
    "country_code": "GF",
    "postal_code": "97329 CEDEX",
    "place_name": "Cayenne",
    "admin_name1": "Guyane",
    "admin_code1": "GF",
    "admin_name2": "Guyane",
    "admin_code2": "973",
    "admin_name3": "Arrondissement de Cayenne",
    "admin_code3": "9731",
    "latitude": "4.9333",
    "longitude": "-52.3333",
    "accuracy": "5"
  },
  {
    "country_code": "GF",
    "postal_code": "97330",
    "place_name": "Camopi",
    "admin_name1": "Guyane",
    "admin_code1": "GF",
    "admin_name2": "Guyane",
    "admin_code2": "973",
    "admin_name3": "Arrondissement de Cayenne",
    "admin_code3": "9731",
    "latitude": "3.1689",
    "longitude": "-52.3353",
    "accuracy": "5"
  },
  {
    "country_code": "GF",
    "postal_code": "97331 CEDEX",
    "place_name": "Cayenne",
    "admin_name1": "Guyane",
    "admin_code1": "GF",
    "admin_name2": "Guyane",
    "admin_code2": "973",
    "admin_name3": "Arrondissement de Cayenne",
    "admin_code3": "9731",
    "latitude": "4.9333",
    "longitude": "-52.3333",
    "accuracy": "5"
  },
  {
    "country_code": "GF",
    "postal_code": "97332 CEDEX",
    "place_name": "Cayenne",
    "admin_name1": "Guyane",
    "admin_code1": "GF",
    "admin_name2": "Guyane",
    "admin_code2": "973",
    "admin_name3": "Arrondissement de Cayenne",
    "admin_code3": "9731",
    "latitude": "4.9333",
    "longitude": "-52.3333",
    "accuracy": "5"
  },
  {
    "country_code": "GF",
    "postal_code": "97333 CEDEX",
    "place_name": "Cayenne",
    "admin_name1": "Guyane",
    "admin_code1": "GF",
    "admin_name2": "Guyane",
    "admin_code2": "973",
    "admin_name3": "Arrondissement de Cayenne",
    "admin_code3": "9731",
    "latitude": "4.9333",
    "longitude": "-52.3333",
    "accuracy": "5"
  },
  {
    "country_code": "GF",
    "postal_code": "97334 CEDEX",
    "place_name": "Cayenne",
    "admin_name1": "Guyane",
    "admin_code1": "GF",
    "admin_name2": "Guyane",
    "admin_code2": "973",
    "admin_name3": "Arrondissement de Cayenne",
    "admin_code3": "9731",
    "latitude": "4.9333",
    "longitude": "-52.3333",
    "accuracy": "5"
  },
  {
    "country_code": "GF",
    "postal_code": "97335 CEDEX",
    "place_name": "Cayenne",
    "admin_name1": "Guyane",
    "admin_code1": "GF",
    "admin_name2": "Guyane",
    "admin_code2": "973",
    "admin_name3": "Arrondissement de Cayenne",
    "admin_code3": "9731",
    "latitude": "4.9333",
    "longitude": "-52.3333",
    "accuracy": "5"
  },
  {
    "country_code": "GF",
    "postal_code": "97336 CEDEX",
    "place_name": "Cayenne",
    "admin_name1": "Guyane",
    "admin_code1": "GF",
    "admin_name2": "Guyane",
    "admin_code2": "973",
    "admin_name3": "Arrondissement de Cayenne",
    "admin_code3": "9731",
    "latitude": "4.9333",
    "longitude": "-52.3333",
    "accuracy": "5"
  },
  {
    "country_code": "GF",
    "postal_code": "97337 CEDEX",
    "place_name": "Cayenne",
    "admin_name1": "Guyane",
    "admin_code1": "GF",
    "admin_name2": "Guyane",
    "admin_code2": "973",
    "admin_name3": "Arrondissement de Cayenne",
    "admin_code3": "9731",
    "latitude": "4.9333",
    "longitude": "-52.3333",
    "accuracy": "5"
  },
  {
    "country_code": "GF",
    "postal_code": "97338 CEDEX",
    "place_name": "Cayenne",
    "admin_name1": "Guyane",
    "admin_code1": "GF",
    "admin_name2": "Guyane",
    "admin_code2": "973",
    "admin_name3": "Arrondissement de Cayenne",
    "admin_code3": "9731",
    "latitude": "4.9333",
    "longitude": "-52.3333",
    "accuracy": "5"
  },
  {
    "country_code": "GF",
    "postal_code": "97339 CEDEX",
    "place_name": "Cayenne",
    "admin_name1": "Guyane",
    "admin_code1": "GF",
    "admin_name2": "Guyane",
    "admin_code2": "973",
    "admin_name3": "Arrondissement de Cayenne",
    "admin_code3": "9731",
    "latitude": "4.9333",
    "longitude": "-52.3333",
    "accuracy": "5"
  },
  {
    "country_code": "GF",
    "postal_code": "97340",
    "place_name": "Grand-Santi",
    "admin_name1": "Guyane",
    "admin_code1": "GF",
    "admin_name2": "Guyane",
    "admin_code2": "973",
    "admin_name3": "Arrondissement de Saint-Laurent-du-Maroni",
    "admin_code3": "9732",
    "latitude": "4.2729",
    "longitude": "-54.3815",
    "accuracy": "5"
  },
  {
    "country_code": "GF",
    "postal_code": "97341 CEDEX",
    "place_name": "Cayenne",
    "admin_name1": "Guyane",
    "admin_code1": "GF",
    "admin_name2": "Guyane",
    "admin_code2": "973",
    "admin_name3": "Arrondissement de Cayenne",
    "admin_code3": "9731",
    "latitude": "4.9333",
    "longitude": "-52.3333",
    "accuracy": "5"
  },
  {
    "country_code": "GF",
    "postal_code": "97342 CEDEX",
    "place_name": "Cayenne",
    "admin_name1": "Guyane",
    "admin_code1": "GF",
    "admin_name2": "Guyane",
    "admin_code2": "973",
    "admin_name3": "Arrondissement de Cayenne",
    "admin_code3": "9731",
    "latitude": "4.9333",
    "longitude": "-52.3333",
    "accuracy": "5"
  },
  {
    "country_code": "GF",
    "postal_code": "97343 CEDEX",
    "place_name": "Cayenne",
    "admin_name1": "Guyane",
    "admin_code1": "GF",
    "admin_name2": "Guyane",
    "admin_code2": "973",
    "admin_name3": "Arrondissement de Cayenne",
    "admin_code3": "9731",
    "latitude": "4.9333",
    "longitude": "-52.3333",
    "accuracy": "5"
  },
  {
    "country_code": "GF",
    "postal_code": "97344 CEDEX",
    "place_name": "Cayenne",
    "admin_name1": "Guyane",
    "admin_code1": "GF",
    "admin_name2": "Guyane",
    "admin_code2": "973",
    "admin_name3": "Arrondissement de Cayenne",
    "admin_code3": "9731",
    "latitude": "4.9333",
    "longitude": "-52.3333",
    "accuracy": "5"
  },
  {
    "country_code": "GF",
    "postal_code": "97345 CEDEX",
    "place_name": "Cayenne",
    "admin_name1": "Guyane",
    "admin_code1": "GF",
    "admin_name2": "Guyane",
    "admin_code2": "973",
    "admin_name3": "Arrondissement de Cayenne",
    "admin_code3": "9731",
    "latitude": "4.9333",
    "longitude": "-52.3333",
    "accuracy": "5"
  },
  {
    "country_code": "GF",
    "postal_code": "97346 CEDEX",
    "place_name": "Cayenne",
    "admin_name1": "Guyane",
    "admin_code1": "GF",
    "admin_name2": "Guyane",
    "admin_code2": "973",
    "admin_name3": "Arrondissement de Cayenne",
    "admin_code3": "9731",
    "latitude": "4.9333",
    "longitude": "-52.3333",
    "accuracy": "5"
  },
  {
    "country_code": "GF",
    "postal_code": "97347 CEDEX",
    "place_name": "Cayenne",
    "admin_name1": "Guyane",
    "admin_code1": "GF",
    "admin_name2": "Guyane",
    "admin_code2": "973",
    "admin_name3": "Arrondissement de Cayenne",
    "admin_code3": "9731",
    "latitude": "4.9333",
    "longitude": "-52.3333",
    "accuracy": "5"
  },
  {
    "country_code": "GF",
    "postal_code": "97350",
    "place_name": "Iracoubo",
    "admin_name1": "Guyane",
    "admin_code1": "GF",
    "admin_name2": "Guyane",
    "admin_code2": "973",
    "admin_name3": "Arrondissement de Cayenne",
    "admin_code3": "9731",
    "latitude": "5.4787",
    "longitude": "-53.2052",
    "accuracy": "5"
  },
  {
    "country_code": "GF",
    "postal_code": "97351",
    "place_name": "Matoury",
    "admin_name1": "Guyane",
    "admin_code1": "GF",
    "admin_name2": "Guyane",
    "admin_code2": "973",
    "admin_name3": "Arrondissement de Cayenne",
    "admin_code3": "9731",
    "latitude": "4.8487",
    "longitude": "-52.3257",
    "accuracy": "5"
  },
  {
    "country_code": "GF",
    "postal_code": "97352",
    "place_name": "Roura",
    "admin_name1": "Guyane",
    "admin_code1": "GF",
    "admin_name2": "Guyane",
    "admin_code2": "973",
    "admin_name3": "Arrondissement de Cayenne",
    "admin_code3": "9731",
    "latitude": "4.7252",
    "longitude": "-52.3262",
    "accuracy": "5"
  },
  {
    "country_code": "GF",
    "postal_code": "97353",
    "place_name": "Régina",
    "admin_name1": "Guyane",
    "admin_code1": "GF",
    "admin_name2": "Guyane",
    "admin_code2": "973",
    "admin_name3": "Arrondissement de Cayenne",
    "admin_code3": "9731",
    "latitude": "4.313",
    "longitude": "-52.1308",
    "accuracy": "5"
  },
  {
    "country_code": "GF",
    "postal_code": "97354",
    "place_name": "Rémire-Montjoly",
    "admin_name1": "Guyane",
    "admin_code1": "GF",
    "admin_name2": "Guyane",
    "admin_code2": "973",
    "admin_name3": "Arrondissement de Cayenne",
    "admin_code3": "9731",
    "latitude": "4.9167",
    "longitude": "-52.2667",
    "accuracy": "5"
  },
  {
    "country_code": "GF",
    "postal_code": "97355",
    "place_name": "Macouria",
    "admin_name1": "Guyane",
    "admin_code1": "GF",
    "admin_name2": "Guyane",
    "admin_code2": "973",
    "admin_name3": "Arrondissement de Cayenne",
    "admin_code3": "9731",
    "latitude": "5.0136",
    "longitude": "-52.4739",
    "accuracy": "5"
  },
  {
    "country_code": "GF",
    "postal_code": "97356",
    "place_name": "Montsinéry-Tonnegrande",
    "admin_name1": "Guyane",
    "admin_code1": "GF",
    "admin_name2": "Guyane",
    "admin_code2": "973",
    "admin_name3": "Arrondissement de Cayenne",
    "admin_code3": "9731",
    "latitude": "4.9",
    "longitude": "-52.5",
    "accuracy": "5"
  },
  {
    "country_code": "GF",
    "postal_code": "97357 CEDEX",
    "place_name": "Matoury",
    "admin_name1": "Guyane",
    "admin_code1": "GF",
    "admin_name2": "Guyane",
    "admin_code2": "973",
    "admin_name3": "Arrondissement de Cayenne",
    "admin_code3": "9731",
    "latitude": "4.8487",
    "longitude": "-52.3257",
    "accuracy": "5"
  },
  {
    "country_code": "GF",
    "postal_code": "97360",
    "place_name": "Mana",
    "admin_name1": "Guyane",
    "admin_code1": "GF",
    "admin_name2": "Guyane",
    "admin_code2": "973",
    "admin_name3": "Arrondissement de Saint-Laurent-du-Maroni",
    "admin_code3": "9732",
    "latitude": "5.6677",
    "longitude": "-53.7783",
    "accuracy": "5"
  },
  {
    "country_code": "GF",
    "postal_code": "97370",
    "place_name": "Maripasoula",
    "admin_name1": "Guyane",
    "admin_code1": "GF",
    "admin_name2": "Guyane",
    "admin_code2": "973",
    "admin_name3": "Arrondissement de Saint-Laurent-du-Maroni",
    "admin_code3": "9732",
    "latitude": "3.6416",
    "longitude": "-54.0317",
    "accuracy": "5"
  },
  {
    "country_code": "GF",
    "postal_code": "97371 CEDEX",
    "place_name": "Kourou",
    "admin_name1": "Guyane",
    "admin_code1": "GF",
    "admin_name2": "Guyane",
    "admin_code2": "973",
    "admin_name3": "Arrondissement de Cayenne",
    "admin_code3": "9731",
    "latitude": "5.1628",
    "longitude": "-52.6427",
    "accuracy": "5"
  },
  {
    "country_code": "GF",
    "postal_code": "97372 CEDEX",
    "place_name": "Kourou",
    "admin_name1": "Guyane",
    "admin_code1": "GF",
    "admin_name2": "Guyane",
    "admin_code2": "973",
    "admin_name3": "Arrondissement de Cayenne",
    "admin_code3": "9731",
    "latitude": "5.1628",
    "longitude": "-52.6427",
    "accuracy": "5"
  },
  {
    "country_code": "GF",
    "postal_code": "97373 CEDEX",
    "place_name": "Kourou",
    "admin_name1": "Guyane",
    "admin_code1": "GF",
    "admin_name2": "Guyane",
    "admin_code2": "973",
    "admin_name3": "Arrondissement de Cayenne",
    "admin_code3": "9731",
    "latitude": "5.1628",
    "longitude": "-52.6427",
    "accuracy": "5"
  },
  {
    "country_code": "GF",
    "postal_code": "97374 CEDEX",
    "place_name": "Kourou",
    "admin_name1": "Guyane",
    "admin_code1": "GF",
    "admin_name2": "Guyane",
    "admin_code2": "973",
    "admin_name3": "Arrondissement de Cayenne",
    "admin_code3": "9731",
    "latitude": "5.1628",
    "longitude": "-52.6427",
    "accuracy": "5"
  },
  {
    "country_code": "GF",
    "postal_code": "97375 CEDEX",
    "place_name": "Kourou",
    "admin_name1": "Guyane",
    "admin_code1": "GF",
    "admin_name2": "Guyane",
    "admin_code2": "973",
    "admin_name3": "Arrondissement de Cayenne",
    "admin_code3": "9731",
    "latitude": "5.1628",
    "longitude": "-52.6427",
    "accuracy": "5"
  },
  {
    "country_code": "GF",
    "postal_code": "97376 CEDEX",
    "place_name": "Kourou",
    "admin_name1": "Guyane",
    "admin_code1": "GF",
    "admin_name2": "Guyane",
    "admin_code2": "973",
    "admin_name3": "Arrondissement de Cayenne",
    "admin_code3": "9731",
    "latitude": "5.1628",
    "longitude": "-52.6427",
    "accuracy": "5"
  },
  {
    "country_code": "GF",
    "postal_code": "97377 CEDEX",
    "place_name": "Kourou",
    "admin_name1": "Guyane",
    "admin_code1": "GF",
    "admin_name2": "Guyane",
    "admin_code2": "973",
    "admin_name3": "Arrondissement de Cayenne",
    "admin_code3": "9731",
    "latitude": "5.1628",
    "longitude": "-52.6427",
    "accuracy": "5"
  },
  {
    "country_code": "GF",
    "postal_code": "97378 CEDEX",
    "place_name": "Kourou",
    "admin_name1": "Guyane",
    "admin_code1": "GF",
    "admin_name2": "Guyane",
    "admin_code2": "973",
    "admin_name3": "Arrondissement de Cayenne",
    "admin_code3": "9731",
    "latitude": "5.1628",
    "longitude": "-52.6427",
    "accuracy": "5"
  },
  {
    "country_code": "GF",
    "postal_code": "97379 CEDEX",
    "place_name": "Kourou",
    "admin_name1": "Guyane",
    "admin_code1": "GF",
    "admin_name2": "Guyane",
    "admin_code2": "973",
    "admin_name3": "Arrondissement de Cayenne",
    "admin_code3": "9731",
    "latitude": "5.1628",
    "longitude": "-52.6427",
    "accuracy": "5"
  },
  {
    "country_code": "GF",
    "postal_code": "97380",
    "place_name": "Ouanary",
    "admin_name1": "Guyane",
    "admin_code1": "GF",
    "admin_name2": "Guyane",
    "admin_code2": "973",
    "admin_name3": "Arrondissement de Cayenne",
    "admin_code3": "9731",
    "latitude": "4.2087",
    "longitude": "-51.6741",
    "accuracy": "5"
  },
  {
    "country_code": "GF",
    "postal_code": "97381 CEDEX",
    "place_name": "Kourou",
    "admin_name1": "Guyane",
    "admin_code1": "GF",
    "admin_name2": "Guyane",
    "admin_code2": "973",
    "admin_name3": "Arrondissement de Cayenne",
    "admin_code3": "9731",
    "latitude": "5.1628",
    "longitude": "-52.6427",
    "accuracy": "5"
  },
  {
    "country_code": "GF",
    "postal_code": "97382 CEDEX",
    "place_name": "Kourou",
    "admin_name1": "Guyane",
    "admin_code1": "GF",
    "admin_name2": "Guyane",
    "admin_code2": "973",
    "admin_name3": "Arrondissement de Cayenne",
    "admin_code3": "9731",
    "latitude": "5.1628",
    "longitude": "-52.6427",
    "accuracy": "5"
  },
  {
    "country_code": "GF",
    "postal_code": "97383 CEDEX",
    "place_name": "Kourou",
    "admin_name1": "Guyane",
    "admin_code1": "GF",
    "admin_name2": "Guyane",
    "admin_code2": "973",
    "admin_name3": "Arrondissement de Cayenne",
    "admin_code3": "9731",
    "latitude": "5.1628",
    "longitude": "-52.6427",
    "accuracy": "5"
  },
  {
    "country_code": "GF",
    "postal_code": "97384 CEDEX",
    "place_name": "Kourou",
    "admin_name1": "Guyane",
    "admin_code1": "GF",
    "admin_name2": "Guyane",
    "admin_code2": "973",
    "admin_name3": "Arrondissement de Cayenne",
    "admin_code3": "9731",
    "latitude": "5.1628",
    "longitude": "-52.6427",
    "accuracy": "5"
  },
  {
    "country_code": "GF",
    "postal_code": "97387 CEDEX",
    "place_name": "Kourou",
    "admin_name1": "Guyane",
    "admin_code1": "GF",
    "admin_name2": "Guyane",
    "admin_code2": "973",
    "admin_name3": "Arrondissement de Cayenne",
    "admin_code3": "9731",
    "latitude": "5.1628",
    "longitude": "-52.6427",
    "accuracy": "5"
  },
  {
    "country_code": "GF",
    "postal_code": "97388 CEDEX",
    "place_name": "Kourou",
    "admin_name1": "Guyane",
    "admin_code1": "GF",
    "admin_name2": "Guyane",
    "admin_code2": "973",
    "admin_name3": "Arrondissement de Cayenne",
    "admin_code3": "9731",
    "latitude": "5.1628",
    "longitude": "-52.6427",
    "accuracy": "5"
  },
  {
    "country_code": "GF",
    "postal_code": "97389 CEDEX",
    "place_name": "Kourou",
    "admin_name1": "Guyane",
    "admin_code1": "GF",
    "admin_name2": "Guyane",
    "admin_code2": "973",
    "admin_name3": "Arrondissement de Cayenne",
    "admin_code3": "9731",
    "latitude": "5.1628",
    "longitude": "-52.6427",
    "accuracy": "5"
  },
  {
    "country_code": "GF",
    "postal_code": "97390",
    "place_name": "Régina",
    "admin_name1": "Guyane",
    "admin_code1": "GF",
    "admin_name2": "Guyane",
    "admin_code2": "973",
    "admin_name3": "Arrondissement de Cayenne",
    "admin_code3": "9731",
    "latitude": "4.313",
    "longitude": "-52.1308",
    "accuracy": "5"
  },
  {
    "country_code": "GF",
    "postal_code": "97391 CEDEX 2",
    "place_name": "Cayenne",
    "admin_name1": "Guyane",
    "admin_code1": "GF",
    "admin_name2": "Guyane",
    "admin_code2": "973",
    "admin_name3": "Arrondissement de Cayenne",
    "admin_code3": "9731",
    "latitude": "4.9333",
    "longitude": "-52.3333",
    "accuracy": "5"
  },
  {
    "country_code": "GF",
    "postal_code": "97392 CEDEX 2",
    "place_name": "Cayenne",
    "admin_name1": "Guyane",
    "admin_code1": "GF",
    "admin_name2": "Guyane",
    "admin_code2": "973",
    "admin_name3": "Arrondissement de Cayenne",
    "admin_code3": "9731",
    "latitude": "4.9333",
    "longitude": "-52.3333",
    "accuracy": "5"
  },
  {
    "country_code": "GF",
    "postal_code": "97393 CEDEX",
    "place_name": "Saint-Laurent-du-Maroni",
    "admin_name1": "Guyane",
    "admin_code1": "GF",
    "admin_name2": "Guyane",
    "admin_code2": "973",
    "admin_name3": "Arrondissement de Saint-Laurent-du-Maroni",
    "admin_code3": "9732",
    "latitude": "5.501",
    "longitude": "-54.0294",
    "accuracy": "5"
  },
  {
    "country_code": "GF",
    "postal_code": "97394 CEDEX",
    "place_name": "Rémire-Montjoly",
    "admin_name1": "Guyane",
    "admin_code1": "GF",
    "admin_name2": "Guyane",
    "admin_code2": "973",
    "admin_name3": "Arrondissement de Cayenne",
    "admin_code3": "9731",
    "latitude": "4.9167",
    "longitude": "-52.2667",
    "accuracy": "5"
  },
  {
    "country_code": "GF",
    "postal_code": "97399 CEDEX",
    "place_name": "Cayenne",
    "admin_name1": "Guyane",
    "admin_code1": "GF",
    "admin_name2": "Guyane",
    "admin_code2": "973",
    "admin_name3": "Arrondissement de Cayenne",
    "admin_code3": "9731",
    "latitude": "4.9333",
    "longitude": "-52.3333",
    "accuracy": "5"
  }
]