[
  {
    "country_code": "GG",
    "postal_code": "GY1",
    "place_name": "St Peter Port",
    "admin_name1": "",
    "admin_code1": "",
    "admin_name2": "Guernsey Channel Islands",
    "admin_code2": "",
    "admin_name3": "",
    "admin_code3": "",
    "latitude": "49.45",
    "longitude": "-2.6",
    "accuracy": ""
  },
  {
    "country_code": "GG",
    "postal_code": "GY10",
    "place_name": "Sark",
    "admin_name1": "",
    "admin_code1": "",
    "admin_name2": "Channel Islands",
    "admin_code2": "",
    "admin_name3": "",
    "admin_code3": "",
    "latitude": "49.71",
    "longitude": "-2.2",
    "accuracy": ""
  },
  {
    "country_code": "GG",
    "postal_code": "GY2",
    "place_name": "St Sampsons",
    "admin_name1": "",
    "admin_code1": "",
    "admin_name2": "Guernsey Channel Islands",
    "admin_code2": "",
    "admin_name3": "",
    "admin_code3": "",
    "latitude": "49.45",
    "longitude": "-2.6",
    "accuracy": ""
  },
  {
    "country_code": "GG",
    "postal_code": "GY2",
    "place_name": "Delancey",
    "admin_name1": "",
    "admin_code1": "",
    "admin_name2": "Guernsey Channel Islands",
    "admin_code2": "",
    "admin_name3": "",
    "admin_code3": "",
    "latitude": "49.45",
    "longitude": "-2.6",
    "accuracy": ""
  },
  {
    "country_code": "GG",
    "postal_code": "GY3",
    "place_name": "Vale",
    "admin_name1": "",
    "admin_code1": "",
    "admin_name2": "Guernsey Channel Islands",
    "admin_code2": "",
    "admin_name3": "",
    "admin_code3": "",
    "latitude": "49.45",
    "longitude": "-2.6",
    "accuracy": ""
  },
  {
    "country_code": "GG",
    "postal_code": "GY4",
    "place_name": "St Martin",
    "admin_name1": "",
    "admin_code1": "",
    "admin_name2": "Guernsey Channel Islands",
    "admin_code2": "",
    "admin_name3": "",
    "admin_code3": "",
    "latitude": "49.45",
    "longitude": "-2.6",
    "accuracy": ""
  },
  {
    "country_code": "GG",
    "postal_code": "GY5",
    "place_name": "Castel",
    "admin_name1": "",
    "admin_code1": "",
    "admin_name2": "Guernsey Channel Islands",
    "admin_code2": "",
    "admin_name3": "",
    "admin_code3": "",
    "latitude": "49.45",
    "longitude": "-2.6",
    "accuracy": ""
  },
  {
    "country_code": "GG",
    "postal_code": "GY6",
    "place_name": "Vale",
    "admin_name1": "",
    "admin_code1": "",
    "admin_name2": "Guernsey Channel Islands",
    "admin_code2": "",
    "admin_name3": "",
    "admin_code3": "",
    "latitude": "49.4858",
    "longitude": "-2.5196",
    "accuracy": "4"
  },
  {
    "country_code": "GG",
    "postal_code": "GY6",
    "place_name": "Saint Andrew",
    "admin_name1": "",
    "admin_code1": "",
    "admin_name2": "Guernsey Channel Islands",
    "admin_code2": "",
    "admin_name3": "",
    "admin_code3": "",
    "latitude": "49.4519",
    "longitude": "-2.5729",
    "accuracy": "4"
  },
  {
    "country_code": "GG",
    "postal_code": "GY7",
    "place_name": "Saint Saviour",
    "admin_name1": "",
    "admin_code1": "",
    "admin_name2": "Guernsey Channel Islands",
    "admin_code2": "",
    "admin_name3": "",
    "admin_code3": "",
    "latitude": "49.4569",
    "longitude": "-2.6358",
    "accuracy": "4"
  },
  {
    "country_code": "GG",
    "postal_code": "GY7",
    "place_name": "Saint Pierre du Bois",
    "admin_name1": "",
    "admin_code1": "",
    "admin_name2": "Guernsey Channel Islands",
    "admin_code2": "",
    "admin_name3": "",
    "admin_code3": "",
    "latitude": "49.4456",
    "longitude": "-2.6436",
    "accuracy": "4"
  },
  {
    "country_code": "GG",
    "postal_code": "GY8",
    "place_name": "Torteval",
    "admin_name1": "",
    "admin_code1": "",
    "admin_name2": "Guernsey Channel Islands",
    "admin_code2": "",
    "admin_name3": "",
    "admin_code3": "",
    "latitude": "49.4333",
    "longitude": "-2.65",
    "accuracy": "4"
  },
  {
    "country_code": "GG",
    "postal_code": "GY8",
    "place_name": "Forest",
    "admin_name1": "",
    "admin_code1": "",
    "admin_name2": "Guernsey Channel Islands",
    "admin_code2": "",
    "admin_name3": "",
    "admin_code3": "",
    "latitude": "49.4258",
    "longitude": "-2.5919",
    "accuracy": "4"
  },
  {
    "country_code": "GG",
    "postal_code": "GY9",
    "place_name": "Alderney",
    "admin_name1": "",
    "admin_code1": "",
    "admin_name2": "Channel Islands",
    "admin_code2": "",
    "admin_name3": "",
    "admin_code3": "",
    "latitude": "49.71",
    "longitude": "-2.2",
    "accuracy": ""
  }
]