[
  {
    "country_code": "GL",
    "postal_code": "2412",
    "place_name": "Santa Claus/Julemanden",
    "admin_name1": "",
    "admin_code1": "",
    "admin_name2": "",
    "admin_code2": "",
    "admin_name3": "",
    "admin_code3": "",
    "latitude": "90",
    "longitude": "0",
    "accuracy": ""
  },
  {
    "country_code": "GL",
    "postal_code": "3900",
    "place_name": "Nuuk",
    "admin_name1": "",
    "admin_code1": "",
    "admin_name2": "",
    "admin_code2": "",
    "admin_name3": "",
    "admin_code3": "",
    "latitude": "64.1738",
    "longitude": "-51.7384",
    "accuracy": "4"
  },
  {
    "country_code": "GL",
    "postal_code": "3905",
    "place_name": "Nuussuaq",
    "admin_name1": "",
    "admin_code1": "",
    "admin_name2": "",
    "admin_code2": "",
    "admin_name3": "",
    "admin_code3": "",
    "latitude": "74.1167",
    "longitude": "-57.0667",
    "accuracy": "4"
  },
  {
    "country_code": "GL",
    "postal_code": "3910",
    "place_name": "Kangerlussuaq",
    "admin_name1": "",
    "admin_code1": "",
    "admin_name2": "",
    "admin_code2": "",
    "admin_name3": "",
    "admin_code3": "",
    "latitude": "67.0088",
    "longitude": "-50.6894",
    "accuracy": "4"
  },
  {
    "country_code": "GL",
    "postal_code": "3911",
    "place_name": "Sisimiut",
    "admin_name1": "",
    "admin_code1": "",
    "admin_name2": "",
    "admin_code2": "",
    "admin_name3": "",
    "admin_code3": "",
    "latitude": "66.9333",
    "longitude": "-53.6833",
    "accuracy": "4"
  },
  {
    "country_code": "GL",
    "postal_code": "3912",
    "place_name": "Maniitsoq",
    "admin_name1": "",
    "admin_code1": "",
    "admin_name2": "",
    "admin_code2": "",
    "admin_name3": "",
    "admin_code3": "",
    "latitude": "65.4167",
    "longitude": "-52.9",
    "accuracy": "4"
  },
  {
    "country_code": "GL",
    "postal_code": "3913",
    "place_name": "Tasiilaq",
    "admin_name1": "",
    "admin_code1": "",
    "admin_name2": "",
    "admin_code2": "",
    "admin_name3": "",
    "admin_code3": "",
    "latitude": "65.6",
    "longitude": "-37.6333",
    "accuracy": "4"
  },
  {
    "country_code": "GL",
    "postal_code": "3915",
    "place_name": "Kulusuk",
    "admin_name1": "",
    "admin_code1": "",
    "admin_name2": "",
    "admin_code2": "",
    "admin_name3": "",
    "admin_code3": "",
    "latitude": "65.5667",
    "longitude": "-37.1833",
    "accuracy": "4"
  },
  {
    "country_code": "GL",
    "postal_code": "3919",
    "place_name": "Alluitsup Paa",
    "admin_name1": "",
    "admin_code1": "",
    "admin_name2": "",
    "admin_code2": "",
    "admin_name3": "",
    "admin_code3": "",
    "latitude": "60.45",
    "longitude": "-45.55",
    "accuracy": "4"
  },
  {
    "country_code": "GL",
    "postal_code": "3920",
    "place_name": "Qaqortoq",
    "admin_name1": "",
    "admin_code1": "",
    "admin_name2": "",
    "admin_code2": "",
    "admin_name3": "",
    "admin_code3": "",
    "latitude": "60.7167",
    "longitude": "-46.0333",
    "accuracy": "4"
  },
  {
    "country_code": "GL",
    "postal_code": "3921",
    "place_name": "Narsaq",
    "admin_name1": "",
    "admin_code1": "",
    "admin_name2": "",
    "admin_code2": "",
    "admin_name3": "",
    "admin_code3": "",
    "latitude": "60.9167",
    "longitude": "-46.05",
    "accuracy": "4"
  },
  {
    "country_code": "GL",
    "postal_code": "3922",
    "place_name": "Nanortalik",
    "admin_name1": "",
    "admin_code1": "",
    "admin_name2": "",
    "admin_code2": "",
    "admin_name3": "",
    "admin_code3": "",
    "latitude": "60.1167",
    "longitude": "-45.2167",
    "accuracy": "4"
  },
  {
    "country_code": "GL",
    "postal_code": "3923",
    "place_name": "Narsarsuaq",
    "admin_name1": "",
    "admin_code1": "",
    "admin_name2": "",
    "admin_code2": "",
    "admin_name3": "",
    "admin_code3": "",
    "latitude": "61.1667",
    "longitude": "-45.4167",
    "accuracy": "4"
  },
  {
    "country_code": "GL",
    "postal_code": "3924",
    "place_name": "Ikerasassuaq",
    "admin_name1": "",
    "admin_code1": "",
    "admin_name2": "",
    "admin_code2": "",
    "admin_name3": "",
    "admin_code3": "",
    "latitude": "60.05",
    "longitude": "-43.1667",
    "accuracy": "4"
  },
  {
    "country_code": "GL",
    "postal_code": "3930",
    "place_name": "Kangilinnguit",
    "admin_name1": "",
    "admin_code1": "",
    "admin_name2": "",
    "admin_code2": "",
    "admin_name3": "",
    "admin_code3": "",
    "latitude": "61.23",
    "longitude": "-48.09",
    "accuracy": "4"
  },
  {
    "country_code": "GL",
    "postal_code": "3932",
    "place_name": "Arsuk",
    "admin_name1": "",
    "admin_code1": "",
    "admin_name2": "",
    "admin_code2": "",
    "admin_name3": "",
    "admin_code3": "",
    "latitude": "61.1667",
    "longitude": "-48.45",
    "accuracy": "4"
  },
  {
    "country_code": "GL",
    "postal_code": "3940",
    "place_name": "Paamiut",
    "admin_name1": "",
    "admin_code1": "",
    "admin_name2": "",
    "admin_code2": "",
    "admin_name3": "",
    "admin_code3": "",
    "latitude": "62",
    "longitude": "-49.75",
    "accuracy": "4"
  },
  {
    "country_code": "GL",
    "postal_code": "3950",
    "place_name": "Aasiaat",
    "admin_name1": "",
    "admin_code1": "",
    "admin_name2": "",
    "admin_code2": "",
    "admin_name3": "",
    "admin_code3": "",
    "latitude": "68.7167",
    "longitude": "-52.8667",
    "accuracy": "4"
  },
  {
    "country_code": "GL",
    "postal_code": "3951",
    "place_name": "Qasigiannguit",
    "admin_name1": "",
    "admin_code1": "",
    "admin_name2": "",
    "admin_code2": "",
    "admin_name3": "",
    "admin_code3": "",
    "latitude": "68.8167",
    "longitude": "-51.1833",
    "accuracy": "4"
  },
  {
    "country_code": "GL",
    "postal_code": "3952",
    "place_name": "Ilulissat",
    "admin_name1": "",
    "admin_code1": "",
    "admin_name2": "",
    "admin_code2": "",
    "admin_name3": "",
    "admin_code3": "",
    "latitude": "69.2167",
    "longitude": "-51.1",
    "accuracy": "4"
  },
  {
    "country_code": "GL",
    "postal_code": "3953",
    "place_name": "Qeqertarsuaq",
    "admin_name1": "",
    "admin_code1": "",
    "admin_name2": "",
    "admin_code2": "",
    "admin_name3": "",
    "admin_code3": "",
    "latitude": "62.1167",
    "longitude": "-49.7833",
    "accuracy": "4"
  },
  {
    "country_code": "GL",
    "postal_code": "3955",
    "place_name": "Kangaatsiaq",
    "admin_name1": "",
    "admin_code1": "",
    "admin_name2": "",
    "admin_code2": "",
    "admin_name3": "",
    "admin_code3": "",
    "latitude": "68.3",
    "longitude": "-53.4667",
    "accuracy": "4"
  },
  {
    "country_code": "GL",
    "postal_code": "3961",
    "place_name": "Uummannaq",
    "admin_name1": "",
    "admin_code1": "",
    "admin_name2": "",
    "admin_code2": "",
    "admin_name3": "",
    "admin_code3": "",
    "latitude": "70.6747",
    "longitude": "-52.1264",
    "accuracy": "4"
  },
  {
    "country_code": "GL",
    "postal_code": "3962",
    "place_name": "Upernavik",
    "admin_name1": "",
    "admin_code1": "",
    "admin_name2": "",
    "admin_code2": "",
    "admin_name3": "",
    "admin_code3": "",
    "latitude": "72.7833",
    "longitude": "-56.1667",
    "accuracy": "4"
  },
  {
    "country_code": "GL",
    "postal_code": "3964",
    "place_name": "Qaarsut",
    "admin_name1": "",
    "admin_code1": "",
    "admin_name2": "",
    "admin_code2": "",
    "admin_name3": "",
    "admin_code3": "",
    "latitude": "70.7333",
    "longitude": "-52.65",
    "accuracy": "4"
  },
  {
    "country_code": "GL",
    "postal_code": "3970",
    "place_name": "Pituffik",
    "admin_name1": "",
    "admin_code1": "",
    "admin_name2": "",
    "admin_code2": "",
    "admin_name3": "",
    "admin_code3": "",
    "latitude": "76.5478",
    "longitude": "-68.8428",
    "accuracy": "4"
  },
  {
    "country_code": "GL",
    "postal_code": "3971",
    "place_name": "Qaanaaq",
    "admin_name1": "",
    "admin_code1": "",
    "admin_name2": "",
    "admin_code2": "",
    "admin_name3": "",
    "admin_code3": "",
    "latitude": "77.4894",
    "longitude": "-69.3322",
    "accuracy": "4"
  },
  {
    "country_code": "GL",
    "postal_code": "3972",
    "place_name": "Station Nord",
    "admin_name1": "",
    "admin_code1": "",
    "admin_name2": "",
    "admin_code2": "",
    "admin_name3": "",
    "admin_code3": "",
    "latitude": "77.0186",
    "longitude": "-69.0875",
    "accuracy": "1"
  },
  {
    "country_code": "GL",
    "postal_code": "3980",
    "place_name": "Ittoqqortoormiit",
    "admin_name1": "",
    "admin_code1": "",
    "admin_name2": "",
    "admin_code2": "",
    "admin_name3": "",
    "admin_code3": "",
    "latitude": "70.4846",
    "longitude": "-21.9622",
    "accuracy": "4"
  },
  {
    "country_code": "GL",
    "postal_code": "3982",
    "place_name": "Mestervi",
    "admin_name1": "",
    "admin_code1": "",
    "admin_name2": "",
    "admin_code2": "",
    "admin_name3": "",
    "admin_code3": "",
    "latitude": "72.6754",
    "longitude": "-21.0735",
    "accuracy": "1"
  },
  {
    "country_code": "GL",
    "postal_code": "3984",
    "place_name": "Danmarkshavn",
    "admin_name1": "",
    "admin_code1": "",
    "admin_name2": "",
    "admin_code2": "",
    "admin_name3": "",
    "admin_code3": "",
    "latitude": "76.8",
    "longitude": "-18.6",
    "accuracy": "4"
  },
  {
    "country_code": "GL",
    "postal_code": "3985",
    "place_name": "Constable Pynt",
    "admin_name1": "",
    "admin_code1": "",
    "admin_name2": "",
    "admin_code2": "",
    "admin_name3": "",
    "admin_code3": "",
    "latitude": "70.7417",
    "longitude": "-22.6583",
    "accuracy": "4"
  },
  {
    "country_code": "GL",
    "postal_code": "3992",
    "place_name": "Slædepatruljen Sirius",
    "admin_name1": "",
    "admin_code1": "",
    "admin_name2": "",
    "admin_code2": "",
    "admin_name3": "",
    "admin_code3": "",
    "latitude": "67.2561",
    "longitude": "-48.0617",
    "accuracy": "1"
  }
]