[
  {
    "country_code": "GP",
    "postal_code": "97001 CEDEX",
    "place_name": "Les Abymes",
    "admin_name1": "Guadeloupe",
    "admin_code1": "GP",
    "admin_name2": "Guadeloupe",
    "admin_code2": "971",
    "admin_name3": "Arrondissement de Pointe-à-Pitre",
    "admin_code3": "9712",
    "latitude": "16.271",
    "longitude": "-61.5045",
    "accuracy": "5"
  },
  {
    "country_code": "GP",
    "postal_code": "97002 CEDEX",
    "place_name": "Pointe-à-Pitre",
    "admin_name1": "Guadeloupe",
    "admin_code1": "GP",
    "admin_name2": "Guadeloupe",
    "admin_code2": "971",
    "admin_name3": "Arrondissement de Pointe-à-Pitre",
    "admin_code3": "9712",
    "latitude": "16.2422",
    "longitude": "-61.5343",
    "accuracy": "5"
  },
  {
    "country_code": "GP",
    "postal_code": "97003 CEDEX",
    "place_name": "Pointe-à-Pitre",
    "admin_name1": "Guadeloupe",
    "admin_code1": "GP",
    "admin_name2": "Guadeloupe",
    "admin_code2": "971",
    "admin_name3": "Arrondissement de Pointe-à-Pitre",
    "admin_code3": "9712",
    "latitude": "16.2422",
    "longitude": "-61.5343",
    "accuracy": "5"
  },
  {
    "country_code": "GP",
    "postal_code": "97004 CEDEX",
    "place_name": "Pointe-à-Pitre",
    "admin_name1": "Guadeloupe",
    "admin_code1": "GP",
    "admin_name2": "Guadeloupe",
    "admin_code2": "971",
    "admin_name3": "Arrondissement de Pointe-à-Pitre",
    "admin_code3": "9712",
    "latitude": "16.2422",
    "longitude": "-61.5343",
    "accuracy": "5"
  },
  {
    "country_code": "GP",
    "postal_code": "97005 CEDEX",
    "place_name": "Pointe-à-Pitre",
    "admin_name1": "Guadeloupe",
    "admin_code1": "GP",
    "admin_name2": "Guadeloupe",
    "admin_code2": "971",
    "admin_name3": "Arrondissement de Pointe-à-Pitre",
    "admin_code3": "9712",
    "latitude": "16.2422",
    "longitude": "-61.5343",
    "accuracy": "5"
  },
  {
    "country_code": "GP",
    "postal_code": "97006 CEDEX",
    "place_name": "Pointe-à-Pitre",
    "admin_name1": "Guadeloupe",
    "admin_code1": "GP",
    "admin_name2": "Guadeloupe",
    "admin_code2": "971",
    "admin_name3": "Arrondissement de Pointe-à-Pitre",
    "admin_code3": "9712",
    "latitude": "16.2422",
    "longitude": "-61.5343",
    "accuracy": "5"
  },
  {
    "country_code": "GP",
    "postal_code": "97007 CEDEX",
    "place_name": "Pointe-à-Pitre",
    "admin_name1": "Guadeloupe",
    "admin_code1": "GP",
    "admin_name2": "Guadeloupe",
    "admin_code2": "971",
    "admin_name3": "Arrondissement de Pointe-à-Pitre",
    "admin_code3": "9712",
    "latitude": "16.2422",
    "longitude": "-61.5343",
    "accuracy": "5"
  },
  {
    "country_code": "GP",
    "postal_code": "97008 CEDEX",
    "place_name": "Pointe-à-Pitre",
    "admin_name1": "Guadeloupe",
    "admin_code1": "GP",
    "admin_name2": "Guadeloupe",
    "admin_code2": "971",
    "admin_name3": "Arrondissement de Pointe-à-Pitre",
    "admin_code3": "9712",
    "latitude": "16.2422",
    "longitude": "-61.5343",
    "accuracy": "5"
  },
  {
    "country_code": "GP",
    "postal_code": "97009 CEDEX",
    "place_name": "Les Abymes",
    "admin_name1": "Guadeloupe",
    "admin_code1": "GP",
    "admin_name2": "Guadeloupe",
    "admin_code2": "971",
    "admin_name3": "Arrondissement de Pointe-à-Pitre",
    "admin_code3": "9712",
    "latitude": "16.271",
    "longitude": "-61.5045",
    "accuracy": "5"
  },
  {
    "country_code": "GP",
    "postal_code": "97010 CEDEX",
    "place_name": "Pointe-à-Pitre",
    "admin_name1": "Guadeloupe",
    "admin_code1": "GP",
    "admin_name2": "Guadeloupe",
    "admin_code2": "971",
    "admin_name3": "Arrondissement de Pointe-à-Pitre",
    "admin_code3": "9712",
    "latitude": "16.2422",
    "longitude": "-61.5343",
    "accuracy": "5"
  },
  {
    "country_code": "GP",
    "postal_code": "97011 CEDEX",
    "place_name": "Pointe-à-Pitre",
    "admin_name1": "Guadeloupe",
    "admin_code1": "GP",
    "admin_name2": "Guadeloupe",
    "admin_code2": "971",
    "admin_name3": "Arrondissement de Pointe-à-Pitre",
    "admin_code3": "9712",
    "latitude": "16.2422",
    "longitude": "-61.5343",
    "accuracy": "5"
  },
  {
    "country_code": "GP",
    "postal_code": "97019 CEDEX",
    "place_name": "Pointe-à-Pitre",
    "admin_name1": "Guadeloupe",
    "admin_code1": "GP",
    "admin_name2": "Guadeloupe",
    "admin_code2": "971",
    "admin_name3": "Arrondissement de Pointe-à-Pitre",
    "admin_code3": "9712",
    "latitude": "16.2422",
    "longitude": "-61.5343",
    "accuracy": "5"
  },
  {
    "country_code": "GP",
    "postal_code": "97023 CEDEX",
    "place_name": "Basse-Terre",
    "admin_name1": "Guadeloupe",
    "admin_code1": "GP",
    "admin_name2": "Guadeloupe",
    "admin_code2": "971",
    "admin_name3": "Arrondissement de la Basse-Terre",
    "admin_code3": "9711",
    "latitude": "15.9985",
    "longitude": "-61.7255",
    "accuracy": "5"
  },
  {
    "country_code": "GP",
    "postal_code": "97029 CEDEX",
    "place_name": "Basse-Terre",
    "admin_name1": "Guadeloupe",
    "admin_code1": "GP",
    "admin_name2": "Guadeloupe",
    "admin_code2": "971",
    "admin_name3": "Arrondissement de la Basse-Terre",
    "admin_code3": "9711",
    "latitude": "15.9985",
    "longitude": "-61.7255",
    "accuracy": "5"
  },
  {
    "country_code": "GP",
    "postal_code": "97082 CEDEX",
    "place_name": "Petit-Bourg",
    "admin_name1": "Guadeloupe",
    "admin_code1": "GP",
    "admin_name2": "Guadeloupe",
    "admin_code2": "971",
    "admin_name3": "Arrondissement de la Basse-Terre",
    "admin_code3": "9711",
    "latitude": "16.1914",
    "longitude": "-61.5916",
    "accuracy": "5"
  },
  {
    "country_code": "GP",
    "postal_code": "97084 CEDEX",
    "place_name": "Jarry",
    "admin_name1": "Guadeloupe",
    "admin_code1": "GP",
    "admin_name2": "Guadeloupe",
    "admin_code2": "971",
    "admin_name3": "Arrondissement de Pointe-à-Pitre",
    "admin_code3": "9712",
    "latitude": "16.2359",
    "longitude": "-61.558",
    "accuracy": "5"
  },
  {
    "country_code": "GP",
    "postal_code": "97085 CEDEX",
    "place_name": "Jarry",
    "admin_name1": "Guadeloupe",
    "admin_code1": "GP",
    "admin_name2": "Guadeloupe",
    "admin_code2": "971",
    "admin_name3": "Arrondissement de Pointe-à-Pitre",
    "admin_code3": "9712",
    "latitude": "16.2359",
    "longitude": "-61.558",
    "accuracy": "5"
  },
  {
    "country_code": "GP",
    "postal_code": "97086 CEDEX",
    "place_name": "Jarry",
    "admin_name1": "Guadeloupe",
    "admin_code1": "GP",
    "admin_name2": "Guadeloupe",
    "admin_code2": "971",
    "admin_name3": "Arrondissement de Pointe-à-Pitre",
    "admin_code3": "9712",
    "latitude": "16.2359",
    "longitude": "-61.558",
    "accuracy": "5"
  },
  {
    "country_code": "GP",
    "postal_code": "97100",
    "place_name": "Basse-Terre",
    "admin_name1": "Guadeloupe",
    "admin_code1": "GP",
    "admin_name2": "Guadeloupe",
    "admin_code2": "971",
    "admin_name3": "Arrondissement de la Basse-Terre",
    "admin_code3": "9711",
    "latitude": "15.9985",
    "longitude": "-61.7255",
    "accuracy": "5"
  },
  {
    "country_code": "GP",
    "postal_code": "97101 CEDEX",
    "place_name": "Basse-Terre",
    "admin_name1": "Guadeloupe",
    "admin_code1": "GP",
    "admin_name2": "Guadeloupe",
    "admin_code2": "971",
    "admin_name3": "Arrondissement de la Basse-Terre",
    "admin_code3": "9711",
    "latitude": "15.9985",
    "longitude": "-61.7255",
    "accuracy": "5"
  },
  {
    "country_code": "GP",
    "postal_code": "97102 CEDEX",
    "place_name": "Basse-Terre",
    "admin_name1": "Guadeloupe",
    "admin_code1": "GP",
    "admin_name2": "Guadeloupe",
    "admin_code2": "971",
    "admin_name3": "Arrondissement de la Basse-Terre",
    "admin_code3": "9711",
    "latitude": "15.9985",
    "longitude": "-61.7255",
    "accuracy": "5"
  },
  {
    "country_code": "GP",
    "postal_code": "97103 CEDEX",
    "place_name": "Basse-Terre",
    "admin_name1": "Guadeloupe",
    "admin_code1": "GP",
    "admin_name2": "Guadeloupe",
    "admin_code2": "971",
    "admin_name3": "Arrondissement de la Basse-Terre",
    "admin_code3": "9711",
    "latitude": "15.9985",
    "longitude": "-61.7255",
    "accuracy": "5"
  },
  {
    "country_code": "GP",
    "postal_code": "97104 CEDEX",
    "place_name": "Basse-Terre",
    "admin_name1": "Guadeloupe",
    "admin_code1": "GP",
    "admin_name2": "Guadeloupe",
    "admin_code2": "971",
    "admin_name3": "Arrondissement de la Basse-Terre",
    "admin_code3": "9711",
    "latitude": "15.9985",
    "longitude": "-61.7255",
    "accuracy": "5"
  },
  {
    "country_code": "GP",
    "postal_code": "97105 CEDEX",
    "place_name": "Basse-Terre",
    "admin_name1": "Guadeloupe",
    "admin_code1": "GP",
    "admin_name2": "Guadeloupe",
    "admin_code2": "971",
    "admin_name3": "Arrondissement de la Basse-Terre",
    "admin_code3": "9711",
    "latitude": "15.9985",
    "longitude": "-61.7255",
    "accuracy": "5"
  },
  {
    "country_code": "GP",
    "postal_code": "97106 CEDEX",
    "place_name": "Basse-Terre",
    "admin_name1": "Guadeloupe",
    "admin_code1": "GP",
    "admin_name2": "Guadeloupe",
    "admin_code2": "971",
    "admin_name3": "Arrondissement de la Basse-Terre",
    "admin_code3": "9711",
    "latitude": "15.9985",
    "longitude": "-61.7255",
    "accuracy": "5"
  },
  {
    "country_code": "GP",
    "postal_code": "97107 CEDEX",
    "place_name": "Basse-Terre",
    "admin_name1": "Guadeloupe",
    "admin_code1": "GP",
    "admin_name2": "Guadeloupe",
    "admin_code2": "971",
    "admin_name3": "Arrondissement de la Basse-Terre",
    "admin_code3": "9711",
    "latitude": "15.9985",
    "longitude": "-61.7255",
    "accuracy": "5"
  },
  {
    "country_code": "GP",
    "postal_code": "97108 CEDEX",
    "place_name": "Basse-Terre",
    "admin_name1": "Guadeloupe",
    "admin_code1": "GP",
    "admin_name2": "Guadeloupe",
    "admin_code2": "971",
    "admin_name3": "Arrondissement de la Basse-Terre",
    "admin_code3": "9711",
    "latitude": "15.9985",
    "longitude": "-61.7255",
    "accuracy": "5"
  },
  {
    "country_code": "GP",
    "postal_code": "97109 CEDEX",
    "place_name": "Basse-Terre",
    "admin_name1": "Guadeloupe",
    "admin_code1": "GP",
    "admin_name2": "Guadeloupe",
    "admin_code2": "971",
    "admin_name3": "Arrondissement de la Basse-Terre",
    "admin_code3": "9711",
    "latitude": "15.9985",
    "longitude": "-61.7255",
    "accuracy": "5"
  },
  {
    "country_code": "GP",
    "postal_code": "97110",
    "place_name": "Pointe-à-Pitre",
    "admin_name1": "Guadeloupe",
    "admin_code1": "GP",
    "admin_name2": "Guadeloupe",
    "admin_code2": "971",
    "admin_name3": "Arrondissement de Pointe-à-Pitre",
    "admin_code3": "9712",
    "latitude": "16.2422",
    "longitude": "-61.5343",
    "accuracy": "5"
  },
  {
    "country_code": "GP",
    "postal_code": "97111",
    "place_name": "Morne-à-l'Eau",
    "admin_name1": "Guadeloupe",
    "admin_code1": "GP",
    "admin_name2": "Guadeloupe",
    "admin_code2": "971",
    "admin_name3": "Arrondissement de Pointe-à-Pitre",
    "admin_code3": "9712",
    "latitude": "16.3334",
    "longitude": "-61.4588",
    "accuracy": "5"
  },
  {
    "country_code": "GP",
    "postal_code": "97112",
    "place_name": "Grand-Bourg",
    "admin_name1": "Guadeloupe",
    "admin_code1": "GP",
    "admin_name2": "Guadeloupe",
    "admin_code2": "971",
    "admin_name3": "Arrondissement de Pointe-à-Pitre",
    "admin_code3": "9712",
    "latitude": "15.8835",
    "longitude": "-61.3148",
    "accuracy": "5"
  },
  {
    "country_code": "GP",
    "postal_code": "97113",
    "place_name": "Gourbeyre",
    "admin_name1": "Guadeloupe",
    "admin_code1": "GP",
    "admin_name2": "Guadeloupe",
    "admin_code2": "971",
    "admin_name3": "Arrondissement de la Basse-Terre",
    "admin_code3": "9711",
    "latitude": "15.9938",
    "longitude": "-61.6914",
    "accuracy": "5"
  },
  {
    "country_code": "GP",
    "postal_code": "97114",
    "place_name": "Trois-Rivières",
    "admin_name1": "Guadeloupe",
    "admin_code1": "GP",
    "admin_name2": "Guadeloupe",
    "admin_code2": "971",
    "admin_name3": "Arrondissement de la Basse-Terre",
    "admin_code3": "9711",
    "latitude": "15.9757",
    "longitude": "-61.6451",
    "accuracy": "5"
  },
  {
    "country_code": "GP",
    "postal_code": "97115",
    "place_name": "Sainte-Rose",
    "admin_name1": "Guadeloupe",
    "admin_code1": "GP",
    "admin_name2": "Guadeloupe",
    "admin_code2": "971",
    "admin_name3": "Arrondissement de la Basse-Terre",
    "admin_code3": "9711",
    "latitude": "16.3324",
    "longitude": "-61.6979",
    "accuracy": "5"
  },
  {
    "country_code": "GP",
    "postal_code": "97116",
    "place_name": "Pointe-Noire",
    "admin_name1": "Guadeloupe",
    "admin_code1": "GP",
    "admin_name2": "Guadeloupe",
    "admin_code2": "971",
    "admin_name3": "Arrondissement de la Basse-Terre",
    "admin_code3": "9711",
    "latitude": "16.2309",
    "longitude": "-61.7878",
    "accuracy": "5"
  },
  {
    "country_code": "GP",
    "postal_code": "97117",
    "place_name": "Port-Louis",
    "admin_name1": "Guadeloupe",
    "admin_code1": "GP",
    "admin_name2": "Guadeloupe",
    "admin_code2": "971",
    "admin_name3": "Arrondissement de Pointe-à-Pitre",
    "admin_code3": "9712",
    "latitude": "16.419",
    "longitude": "-61.5313",
    "accuracy": "5"
  },
  {
    "country_code": "GP",
    "postal_code": "97118",
    "place_name": "Saint-François",
    "admin_name1": "Guadeloupe",
    "admin_code1": "GP",
    "admin_name2": "Guadeloupe",
    "admin_code2": "971",
    "admin_name3": "Arrondissement de Pointe-à-Pitre",
    "admin_code3": "9712",
    "latitude": "16.2526",
    "longitude": "-61.2741",
    "accuracy": "5"
  },
  {
    "country_code": "GP",
    "postal_code": "97119",
    "place_name": "Vieux-Habitants",
    "admin_name1": "Guadeloupe",
    "admin_code1": "GP",
    "admin_name2": "Guadeloupe",
    "admin_code2": "971",
    "admin_name3": "Arrondissement de la Basse-Terre",
    "admin_code3": "9711",
    "latitude": "16.0589",
    "longitude": "-61.766",
    "accuracy": "5"
  },
  {
    "country_code": "GP",
    "postal_code": "97120",
    "place_name": "Saint-Claude",
    "admin_name1": "Guadeloupe",
    "admin_code1": "GP",
    "admin_name2": "Guadeloupe",
    "admin_code2": "971",
    "admin_name3": "Arrondissement de la Basse-Terre",
    "admin_code3": "9711",
    "latitude": "16.0241",
    "longitude": "-61.7022",
    "accuracy": "5"
  },
  {
    "country_code": "GP",
    "postal_code": "97121",
    "place_name": "Anse-Bertrand",
    "admin_name1": "Guadeloupe",
    "admin_code1": "GP",
    "admin_name2": "Guadeloupe",
    "admin_code2": "971",
    "admin_name3": "Arrondissement de Pointe-à-Pitre",
    "admin_code3": "9712",
    "latitude": "16.4721",
    "longitude": "-61.5078",
    "accuracy": "5"
  },
  {
    "country_code": "GP",
    "postal_code": "97122",
    "place_name": "Baie-Mahault",
    "admin_name1": "Guadeloupe",
    "admin_code1": "GP",
    "admin_name2": "Guadeloupe",
    "admin_code2": "971",
    "admin_name3": "Arrondissement de la Basse-Terre",
    "admin_code3": "9711",
    "latitude": "16.2674",
    "longitude": "-61.5854",
    "accuracy": "5"
  },
  {
    "country_code": "GP",
    "postal_code": "97123",
    "place_name": "Baillif",
    "admin_name1": "Guadeloupe",
    "admin_code1": "GP",
    "admin_name2": "Guadeloupe",
    "admin_code2": "971",
    "admin_name3": "Arrondissement de la Basse-Terre",
    "admin_code3": "9711",
    "latitude": "16.0202",
    "longitude": "-61.7463",
    "accuracy": "5"
  },
  {
    "country_code": "GP",
    "postal_code": "97125",
    "place_name": "Bouillante",
    "admin_name1": "Guadeloupe",
    "admin_code1": "GP",
    "admin_name2": "Guadeloupe",
    "admin_code2": "971",
    "admin_name3": "Arrondissement de la Basse-Terre",
    "admin_code3": "9711",
    "latitude": "16.1304",
    "longitude": "-61.7692",
    "accuracy": "5"
  },
  {
    "country_code": "GP",
    "postal_code": "97126",
    "place_name": "Deshaies",
    "admin_name1": "Guadeloupe",
    "admin_code1": "GP",
    "admin_name2": "Guadeloupe",
    "admin_code2": "971",
    "admin_name3": "Arrondissement de la Basse-Terre",
    "admin_code3": "9711",
    "latitude": "16.3065",
    "longitude": "-61.7942",
    "accuracy": "5"
  },
  {
    "country_code": "GP",
    "postal_code": "97127",
    "place_name": "La Désirade",
    "admin_name1": "Guadeloupe",
    "admin_code1": "GP",
    "admin_name2": "Guadeloupe",
    "admin_code2": "971",
    "admin_name3": "Arrondissement de Pointe-à-Pitre",
    "admin_code3": "9712",
    "latitude": "16.3167",
    "longitude": "-61.0333",
    "accuracy": "5"
  },
  {
    "country_code": "GP",
    "postal_code": "97128",
    "place_name": "Goyave",
    "admin_name1": "Guadeloupe",
    "admin_code1": "GP",
    "admin_name2": "Guadeloupe",
    "admin_code2": "971",
    "admin_name3": "Arrondissement de la Basse-Terre",
    "admin_code3": "9711",
    "latitude": "16.1352",
    "longitude": "-61.574",
    "accuracy": "5"
  },
  {
    "country_code": "GP",
    "postal_code": "97129",
    "place_name": "Lamentin",
    "admin_name1": "Guadeloupe",
    "admin_code1": "GP",
    "admin_name2": "Guadeloupe",
    "admin_code2": "971",
    "admin_name3": "Arrondissement de la Basse-Terre",
    "admin_code3": "9711",
    "latitude": "16.271",
    "longitude": "-61.6312",
    "accuracy": "5"
  },
  {
    "country_code": "GP",
    "postal_code": "97130",
    "place_name": "Capesterre-Belle-Eau",
    "admin_name1": "Guadeloupe",
    "admin_code1": "GP",
    "admin_name2": "Guadeloupe",
    "admin_code2": "971",
    "admin_name3": "Arrondissement de la Basse-Terre",
    "admin_code3": "9711",
    "latitude": "16.0432",
    "longitude": "-61.566",
    "accuracy": "5"
  },
  {
    "country_code": "GP",
    "postal_code": "97131",
    "place_name": "Petit-Canal",
    "admin_name1": "Guadeloupe",
    "admin_code1": "GP",
    "admin_name2": "Guadeloupe",
    "admin_code2": "971",
    "admin_name3": "Arrondissement de Pointe-à-Pitre",
    "admin_code3": "9712",
    "latitude": "16.3784",
    "longitude": "-61.4879",
    "accuracy": "5"
  },
  {
    "country_code": "GP",
    "postal_code": "97134",
    "place_name": "Saint-Louis",
    "admin_name1": "Guadeloupe",
    "admin_code1": "GP",
    "admin_name2": "Guadeloupe",
    "admin_code2": "971",
    "admin_name3": "Arrondissement de Pointe-à-Pitre",
    "admin_code3": "9712",
    "latitude": "15.9549",
    "longitude": "-61.3178",
    "accuracy": "5"
  },
  {
    "country_code": "GP",
    "postal_code": "97136",
    "place_name": "Terre-de-Bas",
    "admin_name1": "Guadeloupe",
    "admin_code1": "GP",
    "admin_name2": "Guadeloupe",
    "admin_code2": "971",
    "admin_name3": "Arrondissement de la Basse-Terre",
    "admin_code3": "9711",
    "latitude": "15.8501",
    "longitude": "-61.6442",
    "accuracy": "5"
  },
  {
    "country_code": "GP",
    "postal_code": "97137",
    "place_name": "Terre-de-Haut",
    "admin_name1": "Guadeloupe",
    "admin_code1": "GP",
    "admin_name2": "Guadeloupe",
    "admin_code2": "971",
    "admin_name3": "Arrondissement de la Basse-Terre",
    "admin_code3": "9711",
    "latitude": "15.8663",
    "longitude": "-61.5827",
    "accuracy": "5"
  },
  {
    "country_code": "GP",
    "postal_code": "97139",
    "place_name": "Les Abymes",
    "admin_name1": "Guadeloupe",
    "admin_code1": "GP",
    "admin_name2": "Guadeloupe",
    "admin_code2": "971",
    "admin_name3": "Arrondissement de Pointe-à-Pitre",
    "admin_code3": "9712",
    "latitude": "16.271",
    "longitude": "-61.5045",
    "accuracy": "5"
  },
  {
    "country_code": "GP",
    "postal_code": "97140",
    "place_name": "Capesterre-de-Marie-Galante",
    "admin_name1": "Guadeloupe",
    "admin_code1": "GP",
    "admin_name2": "Guadeloupe",
    "admin_code2": "971",
    "admin_name3": "Arrondissement de Pointe-à-Pitre",
    "admin_code3": "9712",
    "latitude": "15.8833",
    "longitude": "-61.2167",
    "accuracy": "5"
  },
  {
    "country_code": "GP",
    "postal_code": "97141",
    "place_name": "Vieux-Fort",
    "admin_name1": "Guadeloupe",
    "admin_code1": "GP",
    "admin_name2": "Guadeloupe",
    "admin_code2": "971",
    "admin_name3": "Arrondissement de la Basse-Terre",
    "admin_code3": "9711",
    "latitude": "15.9513",
    "longitude": "-61.6991",
    "accuracy": "5"
  },
  {
    "country_code": "GP",
    "postal_code": "97142",
    "place_name": "Les Abymes",
    "admin_name1": "Guadeloupe",
    "admin_code1": "GP",
    "admin_name2": "Guadeloupe",
    "admin_code2": "971",
    "admin_name3": "Arrondissement de Pointe-à-Pitre",
    "admin_code3": "9712",
    "latitude": "16.271",
    "longitude": "-61.5045",
    "accuracy": "5"
  },
  {
    "country_code": "GP",
    "postal_code": "97151 CEDEX",
    "place_name": "Pointe-à-Pitre",
    "admin_name1": "Guadeloupe",
    "admin_code1": "GP",
    "admin_name2": "Guadeloupe",
    "admin_code2": "971",
    "admin_name3": "Arrondissement de Pointe-à-Pitre",
    "admin_code3": "9712",
    "latitude": "16.2422",
    "longitude": "-61.5343",
    "accuracy": "5"
  },
  {
    "country_code": "GP",
    "postal_code": "97152 CEDEX",
    "place_name": "Pointe-à-Pitre",
    "admin_name1": "Guadeloupe",
    "admin_code1": "GP",
    "admin_name2": "Guadeloupe",
    "admin_code2": "971",
    "admin_name3": "Arrondissement de Pointe-à-Pitre",
    "admin_code3": "9712",
    "latitude": "16.2422",
    "longitude": "-61.5343",
    "accuracy": "5"
  },
  {
    "country_code": "GP",
    "postal_code": "97153 CEDEX",
    "place_name": "Pointe-à-Pitre",
    "admin_name1": "Guadeloupe",
    "admin_code1": "GP",
    "admin_name2": "Guadeloupe",
    "admin_code2": "971",
    "admin_name3": "Arrondissement de Pointe-à-Pitre",
    "admin_code3": "9712",
    "latitude": "16.2422",
    "longitude": "-61.5343",
    "accuracy": "5"
  },
  {
    "country_code": "GP",
    "postal_code": "97154 CEDEX",
    "place_name": "Pointe-à-Pitre",
    "admin_name1": "Guadeloupe",
    "admin_code1": "GP",
    "admin_name2": "Guadeloupe",
    "admin_code2": "971",
    "admin_name3": "Arrondissement de Pointe-à-Pitre",
    "admin_code3": "9712",
    "latitude": "16.2422",
    "longitude": "-61.5343",
    "accuracy": "5"
  },
  {
    "country_code": "GP",
    "postal_code": "97155 CEDEX",
    "place_name": "Pointe-à-Pitre",
    "admin_name1": "Guadeloupe",
    "admin_code1": "GP",
    "admin_name2": "Guadeloupe",
    "admin_code2": "971",
    "admin_name3": "Arrondissement de Pointe-à-Pitre",
    "admin_code3": "9712",
    "latitude": "16.2422",
    "longitude": "-61.5343",
    "accuracy": "5"
  },
  {
    "country_code": "GP",
    "postal_code": "97156 CEDEX",
    "place_name": "Pointe-à-Pitre",
    "admin_name1": "Guadeloupe",
    "admin_code1": "GP",
    "admin_name2": "Guadeloupe",
    "admin_code2": "971",
    "admin_name3": "Arrondissement de Pointe-à-Pitre",
    "admin_code3": "9712",
    "latitude": "16.2422",
    "longitude": "-61.5343",
    "accuracy": "5"
  },
  {
    "country_code": "GP",
    "postal_code": "97157 CEDEX",
    "place_name": "Pointe-à-Pitre",
    "admin_name1": "Guadeloupe",
    "admin_code1": "GP",
    "admin_name2": "Guadeloupe",
    "admin_code2": "971",
    "admin_name3": "Arrondissement de Pointe-à-Pitre",
    "admin_code3": "9712",
    "latitude": "16.2422",
    "longitude": "-61.5343",
    "accuracy": "5"
  },
  {
    "country_code": "GP",
    "postal_code": "97158 CEDEX",
    "place_name": "Pointe-à-Pitre",
    "admin_name1": "Guadeloupe",
    "admin_code1": "GP",
    "admin_name2": "Guadeloupe",
    "admin_code2": "971",
    "admin_name3": "Arrondissement de Pointe-à-Pitre",
    "admin_code3": "9712",
    "latitude": "16.2422",
    "longitude": "-61.5343",
    "accuracy": "5"
  },
  {
    "country_code": "GP",
    "postal_code": "97159 CEDEX",
    "place_name": "Pointe-à-Pitre",
    "admin_name1": "Guadeloupe",
    "admin_code1": "GP",
    "admin_name2": "Guadeloupe",
    "admin_code2": "971",
    "admin_name3": "Arrondissement de Pointe-à-Pitre",
    "admin_code3": "9712",
    "latitude": "16.2422",
    "longitude": "-61.5343",
    "accuracy": "5"
  },
  {
    "country_code": "GP",
    "postal_code": "97160",
    "place_name": "Le Moule",
    "admin_name1": "Guadeloupe",
    "admin_code1": "GP",
    "admin_name2": "Guadeloupe",
    "admin_code2": "971",
    "admin_name3": "Arrondissement de Pointe-à-Pitre",
    "admin_code3": "9712",
    "latitude": "16.3332",
    "longitude": "-61.3473",
    "accuracy": "5"
  },
  {
    "country_code": "GP",
    "postal_code": "97161 CEDEX",
    "place_name": "Pointe-à-Pitre",
    "admin_name1": "Guadeloupe",
    "admin_code1": "GP",
    "admin_name2": "Guadeloupe",
    "admin_code2": "971",
    "admin_name3": "Arrondissement de Pointe-à-Pitre",
    "admin_code3": "9712",
    "latitude": "16.2422",
    "longitude": "-61.5343",
    "accuracy": "5"
  },
  {
    "country_code": "GP",
    "postal_code": "97162 CEDEX",
    "place_name": "Pointe-à-Pitre",
    "admin_name1": "Guadeloupe",
    "admin_code1": "GP",
    "admin_name2": "Guadeloupe",
    "admin_code2": "971",
    "admin_name3": "Arrondissement de Pointe-à-Pitre",
    "admin_code3": "9712",
    "latitude": "16.2422",
    "longitude": "-61.5343",
    "accuracy": "5"
  },
  {
    "country_code": "GP",
    "postal_code": "97163 CEDEX",
    "place_name": "Pointe-à-Pitre",
    "admin_name1": "Guadeloupe",
    "admin_code1": "GP",
    "admin_name2": "Guadeloupe",
    "admin_code2": "971",
    "admin_name3": "Arrondissement de Pointe-à-Pitre",
    "admin_code3": "9712",
    "latitude": "16.2422",
    "longitude": "-61.5343",
    "accuracy": "5"
  },
  {
    "country_code": "GP",
    "postal_code": "97164 CEDEX",
    "place_name": "Pointe-à-Pitre",
    "admin_name1": "Guadeloupe",
    "admin_code1": "GP",
    "admin_name2": "Guadeloupe",
    "admin_code2": "971",
    "admin_name3": "Arrondissement de Pointe-à-Pitre",
    "admin_code3": "9712",
    "latitude": "16.2422",
    "longitude": "-61.5343",
    "accuracy": "5"
  },
  {
    "country_code": "GP",
    "postal_code": "97165 CEDEX",
    "place_name": "Pointe-à-Pitre",
    "admin_name1": "Guadeloupe",
    "admin_code1": "GP",
    "admin_name2": "Guadeloupe",
    "admin_code2": "971",
    "admin_name3": "Arrondissement de Pointe-à-Pitre",
    "admin_code3": "9712",
    "latitude": "16.2422",
    "longitude": "-61.5343",
    "accuracy": "5"
  },
  {
    "country_code": "GP",
    "postal_code": "97166 CEDEX",
    "place_name": "Pointe-à-Pitre",
    "admin_name1": "Guadeloupe",
    "admin_code1": "GP",
    "admin_name2": "Guadeloupe",
    "admin_code2": "971",
    "admin_name3": "Arrondissement de Pointe-à-Pitre",
    "admin_code3": "9712",
    "latitude": "16.2422",
    "longitude": "-61.5343",
    "accuracy": "5"
  },
  {
    "country_code": "GP",
    "postal_code": "97167 CEDEX",
    "place_name": "Pointe-à-Pitre",
    "admin_name1": "Guadeloupe",
    "admin_code1": "GP",
    "admin_name2": "Guadeloupe",
    "admin_code2": "971",
    "admin_name3": "Arrondissement de Pointe-à-Pitre",
    "admin_code3": "9712",
    "latitude": "16.2422",
    "longitude": "-61.5343",
    "accuracy": "5"
  },
  {
    "country_code": "GP",
    "postal_code": "97168 CEDEX",
    "place_name": "Pointe-à-Pitre",
    "admin_name1": "Guadeloupe",
    "admin_code1": "GP",
    "admin_name2": "Guadeloupe",
    "admin_code2": "971",
    "admin_name3": "Arrondissement de Pointe-à-Pitre",
    "admin_code3": "9712",
    "latitude": "16.2422",
    "longitude": "-61.5343",
    "accuracy": "5"
  },
  {
    "country_code": "GP",
    "postal_code": "97169 CEDEX",
    "place_name": "Pointe-à-Pitre",
    "admin_name1": "Guadeloupe",
    "admin_code1": "GP",
    "admin_name2": "Guadeloupe",
    "admin_code2": "971",
    "admin_name3": "Arrondissement de Pointe-à-Pitre",
    "admin_code3": "9712",
    "latitude": "16.2422",
    "longitude": "-61.5343",
    "accuracy": "5"
  },
  {
    "country_code": "GP",
    "postal_code": "97170",
    "place_name": "Petit-Bourg",
    "admin_name1": "Guadeloupe",
    "admin_code1": "GP",
    "admin_name2": "Guadeloupe",
    "admin_code2": "971",
    "admin_name3": "Arrondissement de la Basse-Terre",
    "admin_code3": "9711",
    "latitude": "16.1914",
    "longitude": "-61.5916",
    "accuracy": "5"
  },
  {
    "country_code": "GP",
    "postal_code": "97171 CEDEX",
    "place_name": "Pointe-à-Pitre",
    "admin_name1": "Guadeloupe",
    "admin_code1": "GP",
    "admin_name2": "Guadeloupe",
    "admin_code2": "971",
    "admin_name3": "Arrondissement de Pointe-à-Pitre",
    "admin_code3": "9712",
    "latitude": "16.2422",
    "longitude": "-61.5343",
    "accuracy": "5"
  },
  {
    "country_code": "GP",
    "postal_code": "97172 CEDEX",
    "place_name": "Pointe-à-Pitre",
    "admin_name1": "Guadeloupe",
    "admin_code1": "GP",
    "admin_name2": "Guadeloupe",
    "admin_code2": "971",
    "admin_name3": "Arrondissement de Pointe-à-Pitre",
    "admin_code3": "9712",
    "latitude": "16.2422",
    "longitude": "-61.5343",
    "accuracy": "5"
  },
  {
    "country_code": "GP",
    "postal_code": "97173 CEDEX",
    "place_name": "Pointe-à-Pitre",
    "admin_name1": "Guadeloupe",
    "admin_code1": "GP",
    "admin_name2": "Guadeloupe",
    "admin_code2": "971",
    "admin_name3": "Arrondissement de Pointe-à-Pitre",
    "admin_code3": "9712",
    "latitude": "16.2422",
    "longitude": "-61.5343",
    "accuracy": "5"
  },
  {
    "country_code": "GP",
    "postal_code": "97174 CEDEX",
    "place_name": "Pointe-à-Pitre",
    "admin_name1": "Guadeloupe",
    "admin_code1": "GP",
    "admin_name2": "Guadeloupe",
    "admin_code2": "971",
    "admin_name3": "Arrondissement de Pointe-à-Pitre",
    "admin_code3": "9712",
    "latitude": "16.2422",
    "longitude": "-61.5343",
    "accuracy": "5"
  },
  {
    "country_code": "GP",
    "postal_code": "97175 CEDEX",
    "place_name": "Les Abymes",
    "admin_name1": "Guadeloupe",
    "admin_code1": "GP",
    "admin_name2": "Guadeloupe",
    "admin_code2": "971",
    "admin_name3": "Arrondissement de Pointe-à-Pitre",
    "admin_code3": "9712",
    "latitude": "16.271",
    "longitude": "-61.5045",
    "accuracy": "5"
  },
  {
    "country_code": "GP",
    "postal_code": "97176 CEDEX",
    "place_name": "Les Abymes",
    "admin_name1": "Guadeloupe",
    "admin_code1": "GP",
    "admin_name2": "Guadeloupe",
    "admin_code2": "971",
    "admin_name3": "Arrondissement de Pointe-à-Pitre",
    "admin_code3": "9712",
    "latitude": "16.271",
    "longitude": "-61.5045",
    "accuracy": "5"
  },
  {
    "country_code": "GP",
    "postal_code": "97177 CEDEX",
    "place_name": "Les Abymes",
    "admin_name1": "Guadeloupe",
    "admin_code1": "GP",
    "admin_name2": "Guadeloupe",
    "admin_code2": "971",
    "admin_name3": "Arrondissement de Pointe-à-Pitre",
    "admin_code3": "9712",
    "latitude": "16.271",
    "longitude": "-61.5045",
    "accuracy": "5"
  },
  {
    "country_code": "GP",
    "postal_code": "97178 CEDEX",
    "place_name": "Les Abymes",
    "admin_name1": "Guadeloupe",
    "admin_code1": "GP",
    "admin_name2": "Guadeloupe",
    "admin_code2": "971",
    "admin_name3": "Arrondissement de Pointe-à-Pitre",
    "admin_code3": "9712",
    "latitude": "16.271",
    "longitude": "-61.5045",
    "accuracy": "5"
  },
  {
    "country_code": "GP",
    "postal_code": "97179 CEDEX",
    "place_name": "Pointe-à-Pitre",
    "admin_name1": "Guadeloupe",
    "admin_code1": "GP",
    "admin_name2": "Guadeloupe",
    "admin_code2": "971",
    "admin_name3": "Arrondissement de Pointe-à-Pitre",
    "admin_code3": "9712",
    "latitude": "16.2422",
    "longitude": "-61.5343",
    "accuracy": "5"
  },
  {
    "country_code": "GP",
    "postal_code": "97180",
    "place_name": "Sainte-Anne",
    "admin_name1": "Guadeloupe",
    "admin_code1": "GP",
    "admin_name2": "Guadeloupe",
    "admin_code2": "971",
    "admin_name3": "Arrondissement de Pointe-à-Pitre",
    "admin_code3": "9712",
    "latitude": "16.2264",
    "longitude": "-61.3792",
    "accuracy": "5"
  },
  {
    "country_code": "GP",
    "postal_code": "97181 CEDEX",
    "place_name": "Les Abymes",
    "admin_name1": "Guadeloupe",
    "admin_code1": "GP",
    "admin_name2": "Guadeloupe",
    "admin_code2": "971",
    "admin_name3": "Arrondissement de Pointe-à-Pitre",
    "admin_code3": "9712",
    "latitude": "16.271",
    "longitude": "-61.5045",
    "accuracy": "5"
  },
  {
    "country_code": "GP",
    "postal_code": "97182 CEDEX",
    "place_name": "Les Abymes",
    "admin_name1": "Guadeloupe",
    "admin_code1": "GP",
    "admin_name2": "Guadeloupe",
    "admin_code2": "971",
    "admin_name3": "Arrondissement de Pointe-à-Pitre",
    "admin_code3": "9712",
    "latitude": "16.271",
    "longitude": "-61.5045",
    "accuracy": "5"
  },
  {
    "country_code": "GP",
    "postal_code": "97183 CEDEX",
    "place_name": "Les Abymes",
    "admin_name1": "Guadeloupe",
    "admin_code1": "GP",
    "admin_name2": "Guadeloupe",
    "admin_code2": "971",
    "admin_name3": "Arrondissement de Pointe-à-Pitre",
    "admin_code3": "9712",
    "latitude": "16.271",
    "longitude": "-61.5045",
    "accuracy": "5"
  },
  {
    "country_code": "GP",
    "postal_code": "97184 CEDEX",
    "place_name": "Les Abymes",
    "admin_name1": "Guadeloupe",
    "admin_code1": "GP",
    "admin_name2": "Guadeloupe",
    "admin_code2": "971",
    "admin_name3": "Arrondissement de Pointe-à-Pitre",
    "admin_code3": "9712",
    "latitude": "16.271",
    "longitude": "-61.5045",
    "accuracy": "5"
  },
  {
    "country_code": "GP",
    "postal_code": "97185 CEDEX",
    "place_name": "Les Abymes",
    "admin_name1": "Guadeloupe",
    "admin_code1": "GP",
    "admin_name2": "Guadeloupe",
    "admin_code2": "971",
    "admin_name3": "Arrondissement de Pointe-à-Pitre",
    "admin_code3": "9712",
    "latitude": "16.271",
    "longitude": "-61.5045",
    "accuracy": "5"
  },
  {
    "country_code": "GP",
    "postal_code": "97186 CEDEX",
    "place_name": "Les Abymes",
    "admin_name1": "Guadeloupe",
    "admin_code1": "GP",
    "admin_name2": "Guadeloupe",
    "admin_code2": "971",
    "admin_name3": "Arrondissement de Pointe-à-Pitre",
    "admin_code3": "9712",
    "latitude": "16.271",
    "longitude": "-61.5045",
    "accuracy": "5"
  },
  {
    "country_code": "GP",
    "postal_code": "97187 CEDEX",
    "place_name": "Jarry",
    "admin_name1": "Guadeloupe",
    "admin_code1": "GP",
    "admin_name2": "Guadeloupe",
    "admin_code2": "971",
    "admin_name3": "Arrondissement de Pointe-à-Pitre",
    "admin_code3": "9712",
    "latitude": "16.2359",
    "longitude": "-61.558",
    "accuracy": "5"
  },
  {
    "country_code": "GP",
    "postal_code": "97188 CEDEX",
    "place_name": "Jarry",
    "admin_name1": "Guadeloupe",
    "admin_code1": "GP",
    "admin_name2": "Guadeloupe",
    "admin_code2": "971",
    "admin_name3": "Arrondissement de Pointe-à-Pitre",
    "admin_code3": "9712",
    "latitude": "16.2359",
    "longitude": "-61.558",
    "accuracy": "5"
  },
  {
    "country_code": "GP",
    "postal_code": "97189 CEDEX",
    "place_name": "Jarry",
    "admin_name1": "Guadeloupe",
    "admin_code1": "GP",
    "admin_name2": "Guadeloupe",
    "admin_code2": "971",
    "admin_name3": "Arrondissement de Pointe-à-Pitre",
    "admin_code3": "9712",
    "latitude": "16.2359",
    "longitude": "-61.558",
    "accuracy": "5"
  },
  {
    "country_code": "GP",
    "postal_code": "97190",
    "place_name": "Le Gosier",
    "admin_name1": "Guadeloupe",
    "admin_code1": "GP",
    "admin_name2": "Guadeloupe",
    "admin_code2": "971",
    "admin_name3": "Arrondissement de Pointe-à-Pitre",
    "admin_code3": "9712",
    "latitude": "16.2069",
    "longitude": "-61.4933",
    "accuracy": "5"
  },
  {
    "country_code": "GP",
    "postal_code": "97191 CEDEX",
    "place_name": "Jarry",
    "admin_name1": "Guadeloupe",
    "admin_code1": "GP",
    "admin_name2": "Guadeloupe",
    "admin_code2": "971",
    "admin_name3": "Arrondissement de Pointe-à-Pitre",
    "admin_code3": "9712",
    "latitude": "16.2359",
    "longitude": "-61.558",
    "accuracy": "5"
  },
  {
    "country_code": "GP",
    "postal_code": "97192 CEDEX",
    "place_name": "Jarry",
    "admin_name1": "Guadeloupe",
    "admin_code1": "GP",
    "admin_name2": "Guadeloupe",
    "admin_code2": "971",
    "admin_name3": "Arrondissement de Pointe-à-Pitre",
    "admin_code3": "9712",
    "latitude": "16.2359",
    "longitude": "-61.558",
    "accuracy": "5"
  },
  {
    "country_code": "GP",
    "postal_code": "97193 CEDEX",
    "place_name": "Jarry",
    "admin_name1": "Guadeloupe",
    "admin_code1": "GP",
    "admin_name2": "Guadeloupe",
    "admin_code2": "971",
    "admin_name3": "Arrondissement de Pointe-à-Pitre",
    "admin_code3": "9712",
    "latitude": "16.2359",
    "longitude": "-61.558",
    "accuracy": "5"
  },
  {
    "country_code": "GP",
    "postal_code": "97194 CEDEX",
    "place_name": "Jarry",
    "admin_name1": "Guadeloupe",
    "admin_code1": "GP",
    "admin_name2": "Guadeloupe",
    "admin_code2": "971",
    "admin_name3": "Arrondissement de Pointe-à-Pitre",
    "admin_code3": "9712",
    "latitude": "16.2359",
    "longitude": "-61.558",
    "accuracy": "5"
  },
  {
    "country_code": "GP",
    "postal_code": "97195 CEDEX",
    "place_name": "Jarry",
    "admin_name1": "Guadeloupe",
    "admin_code1": "GP",
    "admin_name2": "Guadeloupe",
    "admin_code2": "971",
    "admin_name3": "Arrondissement de Pointe-à-Pitre",
    "admin_code3": "9712",
    "latitude": "16.2359",
    "longitude": "-61.558",
    "accuracy": "5"
  },
  {
    "country_code": "GP",
    "postal_code": "97196 CEDEX",
    "place_name": "Jarry",
    "admin_name1": "Guadeloupe",
    "admin_code1": "GP",
    "admin_name2": "Guadeloupe",
    "admin_code2": "971",
    "admin_name3": "Arrondissement de Pointe-à-Pitre",
    "admin_code3": "9712",
    "latitude": "16.2359",
    "longitude": "-61.558",
    "accuracy": "5"
  },
  {
    "country_code": "GP",
    "postal_code": "97197 CEDEX",
    "place_name": "Jarry",
    "admin_name1": "Guadeloupe",
    "admin_code1": "GP",
    "admin_name2": "Guadeloupe",
    "admin_code2": "971",
    "admin_name3": "Arrondissement de Pointe-à-Pitre",
    "admin_code3": "9712",
    "latitude": "16.2359",
    "longitude": "-61.558",
    "accuracy": "5"
  },
  {
    "country_code": "GP",
    "postal_code": "97198 CEDEX",
    "place_name": "Jarry",
    "admin_name1": "Guadeloupe",
    "admin_code1": "GP",
    "admin_name2": "Guadeloupe",
    "admin_code2": "971",
    "admin_name3": "Arrondissement de Pointe-à-Pitre",
    "admin_code3": "9712",
    "latitude": "16.2359",
    "longitude": "-61.558",
    "accuracy": "5"
  },
  {
    "country_code": "GP",
    "postal_code": "97199 CEDEX",
    "place_name": "Jarry",
    "admin_name1": "Guadeloupe",
    "admin_code1": "GP",
    "admin_name2": "Guadeloupe",
    "admin_code2": "971",
    "admin_name3": "Arrondissement de Pointe-à-Pitre",
    "admin_code3": "9712",
    "latitude": "16.2359",
    "longitude": "-61.558",
    "accuracy": "5"
  }
]