[
  {
    "country_code": "GU",
    "postal_code": "96910",
    "place_name": "Hagatna",
    "admin_name1": "Gu",
    "admin_code1": "66",
    "admin_name2": "Guam",
    "admin_code2": "010",
    "admin_name3": "",
    "admin_code3": "",
    "latitude": "13.452",
    "longitude": "144.7465",
    "accuracy": "6"
  },
  {
    "country_code": "GU",
    "postal_code": "96911",
    "place_name": "Tamuning",
    "admin_name1": "Gu",
    "admin_code1": "66",
    "admin_name2": "Guam",
    "admin_code2": "010",
    "admin_name3": "",
    "admin_code3": "",
    "latitude": "13.4443",
    "longitude": "144.7863",
    "accuracy": ""
  },
  {
    "country_code": "GU",
    "postal_code": "96912",
    "place_name": "Dededo",
    "admin_name1": "Gu",
    "admin_code1": "66",
    "admin_name2": "Guam",
    "admin_code2": "010",
    "admin_name3": "",
    "admin_code3": "",
    "latitude": "13.4443",
    "longitude": "144.7863",
    "accuracy": ""
  },
  {
    "country_code": "GU",
    "postal_code": "96913",
    "place_name": "Barrigada",
    "admin_name1": "Gu",
    "admin_code1": "66",
    "admin_name2": "Guam",
    "admin_code2": "010",
    "admin_name3": "",
    "admin_code3": "",
    "latitude": "13.4443",
    "longitude": "144.7863",
    "accuracy": "6"
  },
  {
    "country_code": "GU",
    "postal_code": "96914",
    "place_name": "Yona",
    "admin_name1": "Gu",
    "admin_code1": "66",
    "admin_name2": "Guam",
    "admin_code2": "010",
    "admin_name3": "",
    "admin_code3": "",
    "latitude": "13.4443",
    "longitude": "144.7863",
    "accuracy": ""
  },
  {
    "country_code": "GU",
    "postal_code": "96915",
    "place_name": "Santa Rita",
    "admin_name1": "Gu",
    "admin_code1": "66",
    "admin_name2": "Guam",
    "admin_code2": "010",
    "admin_name3": "",
    "admin_code3": "",
    "latitude": "13.3633",
    "longitude": "144.7102",
    "accuracy": "6"
  },
  {
    "country_code": "GU",
    "postal_code": "96916",
    "place_name": "Merizo",
    "admin_name1": "Gu",
    "admin_code1": "66",
    "admin_name2": "Guam",
    "admin_code2": "010",
    "admin_name3": "",
    "admin_code3": "",
    "latitude": "13.2637",
    "longitude": "144.7016",
    "accuracy": "6"
  },
  {
    "country_code": "GU",
    "postal_code": "96917",
    "place_name": "Inarajan",
    "admin_name1": "Gu",
    "admin_code1": "66",
    "admin_name2": "Guam",
    "admin_code2": "010",
    "admin_name3": "",
    "admin_code3": "",
    "latitude": "13.2944",
    "longitude": "144.7211",
    "accuracy": "6"
  },
  {
    "country_code": "GU",
    "postal_code": "96918",
    "place_name": "Umatac",
    "admin_name1": "Gu",
    "admin_code1": "66",
    "admin_name2": "Guam",
    "admin_code2": "010",
    "admin_name3": "",
    "admin_code3": "",
    "latitude": "13.4443",
    "longitude": "144.7863",
    "accuracy": ""
  },
  {
    "country_code": "GU",
    "postal_code": "96919",
    "place_name": "Agana Heights",
    "admin_name1": "Gu",
    "admin_code1": "66",
    "admin_name2": "Guam",
    "admin_code2": "010",
    "admin_name3": "",
    "admin_code3": "",
    "latitude": "13.4443",
    "longitude": "144.7863",
    "accuracy": ""
  },
  {
    "country_code": "GU",
    "postal_code": "96921",
    "place_name": "Barrigada",
    "admin_name1": "Gu",
    "admin_code1": "66",
    "admin_name2": "Guam",
    "admin_code2": "010",
    "admin_name3": "",
    "admin_code3": "",
    "latitude": "13.4593",
    "longitude": "144.7942",
    "accuracy": "6"
  },
  {
    "country_code": "GU",
    "postal_code": "96922",
    "place_name": "Asan",
    "admin_name1": "Gu",
    "admin_code1": "66",
    "admin_name2": "Guam",
    "admin_code2": "010",
    "admin_name3": "",
    "admin_code3": "",
    "latitude": "13.4443",
    "longitude": "144.7863",
    "accuracy": ""
  },
  {
    "country_code": "GU",
    "postal_code": "96923",
    "place_name": "Mangilao",
    "admin_name1": "Gu",
    "admin_code1": "66",
    "admin_name2": "Guam",
    "admin_code2": "010",
    "admin_name3": "",
    "admin_code3": "",
    "latitude": "13.4443",
    "longitude": "144.7863",
    "accuracy": ""
  },
  {
    "country_code": "GU",
    "postal_code": "96925",
    "place_name": "Piti",
    "admin_name1": "Gu",
    "admin_code1": "66",
    "admin_name2": "Guam",
    "admin_code2": "010",
    "admin_name3": "",
    "admin_code3": "",
    "latitude": "13.4443",
    "longitude": "144.7863",
    "accuracy": ""
  },
  {
    "country_code": "GU",
    "postal_code": "96926",
    "place_name": "Sinajana",
    "admin_name1": "Gu",
    "admin_code1": "66",
    "admin_name2": "Guam",
    "admin_code2": "010",
    "admin_name3": "",
    "admin_code3": "",
    "latitude": "13.4443",
    "longitude": "144.7863",
    "accuracy": ""
  },
  {
    "country_code": "GU",
    "postal_code": "96927",
    "place_name": "Mongmong",
    "admin_name1": "Gu",
    "admin_code1": "66",
    "admin_name2": "Guam",
    "admin_code2": "010",
    "admin_name3": "",
    "admin_code3": "",
    "latitude": "13.4443",
    "longitude": "144.7863",
    "accuracy": ""
  },
  {
    "country_code": "GU",
    "postal_code": "96928",
    "place_name": "Agat",
    "admin_name1": "Gu",
    "admin_code1": "66",
    "admin_name2": "Guam",
    "admin_code2": "010",
    "admin_name3": "",
    "admin_code3": "",
    "latitude": "13.3893",
    "longitude": "144.6604",
    "accuracy": "6"
  },
  {
    "country_code": "GU",
    "postal_code": "96929",
    "place_name": "Yigo",
    "admin_name1": "Gu",
    "admin_code1": "66",
    "admin_name2": "Guam",
    "admin_code2": "010",
    "admin_name3": "",
    "admin_code3": "",
    "latitude": "13.5702",
    "longitude": "144.8834",
    "accuracy": "6"
  },
  {
    "country_code": "GU",
    "postal_code": "96930",
    "place_name": "Talofofo",
    "admin_name1": "Gu",
    "admin_code1": "66",
    "admin_name2": "Guam",
    "admin_code2": "010",
    "admin_name3": "",
    "admin_code3": "",
    "latitude": "13.4443",
    "longitude": "144.7863",
    "accuracy": ""
  },
  {
    "country_code": "GU",
    "postal_code": "96931",
    "place_name": "Tamuning",
    "admin_name1": "Gu",
    "admin_code1": "66",
    "admin_name2": "Guam",
    "admin_code2": "010",
    "admin_name3": "",
    "admin_code3": "",
    "latitude": "13.4443",
    "longitude": "144.7863",
    "accuracy": ""
  },
  {
    "country_code": "GU",
    "postal_code": "96932",
    "place_name": "Hagatna",
    "admin_name1": "Gu",
    "admin_code1": "66",
    "admin_name2": "Guam",
    "admin_code2": "010",
    "admin_name3": "",
    "admin_code3": "",
    "latitude": "13.4746",
    "longitude": "144.7464",
    "accuracy": "6"
  }
]