[
  {
    "country_code": "HT",
    "postal_code": "HT3110",
    "place_name": "Port-de-Paix",
    "admin_name1": "Nord-Ouest",
    "admin_code1": "03",
    "admin_name2": "",
    "admin_code2": "",
    "admin_name3": "",
    "admin_code3": "",
    "latitude": "19.9398",
    "longitude": "-72.8304",
    "accuracy": "4"
  },
  {
    "country_code": "HT",
    "postal_code": "HT3111",
    "place_name": "La Pointe",
    "admin_name1": "Nord-Ouest",
    "admin_code1": "03",
    "admin_name2": "",
    "admin_code2": "",
    "admin_name3": "",
    "admin_code3": "",
    "latitude": "19.9452",
    "longitude": "-72.7751",
    "accuracy": "4"
  },
  {
    "country_code": "HT",
    "postal_code": "HT3120",
    "place_name": "La Tortue",
    "admin_name1": "Nord-Ouest",
    "admin_code1": "03",
    "admin_name2": "",
    "admin_code2": "",
    "admin_name3": "",
    "admin_code3": "",
    "latitude": "20.0251",
    "longitude": "-72.7778",
    "accuracy": "1"
  },
  {
    "country_code": "HT",
    "postal_code": "HT3121",
    "place_name": "Pointe des Oiseaux",
    "admin_name1": "Nord-Ouest",
    "admin_code1": "03",
    "admin_name2": "",
    "admin_code2": "",
    "admin_name3": "",
    "admin_code3": "",
    "latitude": "20.0157",
    "longitude": "-72.764",
    "accuracy": "4"
  },
  {
    "country_code": "HT",
    "postal_code": "HT3122",
    "place_name": "Mare Rouge",
    "admin_name1": "Nord-Ouest",
    "admin_code1": "03",
    "admin_name2": "",
    "admin_code2": "",
    "admin_name3": "",
    "admin_code3": "",
    "latitude": "20.0344",
    "longitude": "-72.7916",
    "accuracy": "4"
  },
  {
    "country_code": "HT",
    "postal_code": "HT3130",
    "place_name": "Bassin-Bleu",
    "admin_name1": "Nord-Ouest",
    "admin_code1": "03",
    "admin_name2": "",
    "admin_code2": "",
    "admin_name3": "",
    "admin_code3": "",
    "latitude": "19.9637",
    "longitude": "-72.7993",
    "accuracy": "1"
  },
  {
    "country_code": "HT",
    "postal_code": "HT3140",
    "place_name": "Chansolme",
    "admin_name1": "Nord-Ouest",
    "admin_code1": "03",
    "admin_name2": "",
    "admin_code2": "",
    "admin_name3": "",
    "admin_code3": "",
    "latitude": "19.8832",
    "longitude": "-72.8355",
    "accuracy": "4"
  },
  {
    "country_code": "HT",
    "postal_code": "HT3210",
    "place_name": "Saint-Louis-du-Nord",
    "admin_name1": "Nord-Ouest",
    "admin_code1": "03",
    "admin_name2": "",
    "admin_code2": "",
    "admin_name3": "",
    "admin_code3": "",
    "latitude": "19.9038",
    "longitude": "-72.6868",
    "accuracy": "1"
  },
  {
    "country_code": "HT",
    "postal_code": "HT3211",
    "place_name": "Bonneau",
    "admin_name1": "Nord-Ouest",
    "admin_code1": "03",
    "admin_name2": "",
    "admin_code2": "",
    "admin_name3": "",
    "admin_code3": "",
    "latitude": "19.9076",
    "longitude": "-72.6569",
    "accuracy": "4"
  },
  {
    "country_code": "HT",
    "postal_code": "HT3212",
    "place_name": "Guichard",
    "admin_name1": "Nord-Ouest",
    "admin_code1": "03",
    "admin_name2": "",
    "admin_code2": "",
    "admin_name3": "",
    "admin_code3": "",
    "latitude": "19.9",
    "longitude": "-72.7167",
    "accuracy": "4"
  },
  {
    "country_code": "HT",
    "postal_code": "HT3220",
    "place_name": "Anse-à-Foleur",
    "admin_name1": "Nord-Ouest",
    "admin_code1": "03",
    "admin_name2": "",
    "admin_code2": "",
    "admin_name3": "",
    "admin_code3": "",
    "latitude": "19.8926",
    "longitude": "-72.6201",
    "accuracy": "4"
  },
  {
    "country_code": "HT",
    "postal_code": "HT3310",
    "place_name": "Môle-Saint-Nicolas",
    "admin_name1": "Nord-Ouest",
    "admin_code1": "03",
    "admin_name2": "",
    "admin_code2": "",
    "admin_name3": "",
    "admin_code3": "",
    "latitude": "19.7361",
    "longitude": "-73.2461",
    "accuracy": "1"
  },
  {
    "country_code": "HT",
    "postal_code": "HT3320",
    "place_name": "Bombardopolis",
    "admin_name1": "Nord-Ouest",
    "admin_code1": "03",
    "admin_name2": "",
    "admin_code2": "",
    "admin_name3": "",
    "admin_code3": "",
    "latitude": "19.6914",
    "longitude": "-73.3377",
    "accuracy": "4"
  },
  {
    "country_code": "HT",
    "postal_code": "HT3330",
    "place_name": "Baie-de-Henne",
    "admin_name1": "Nord-Ouest",
    "admin_code1": "03",
    "admin_name2": "",
    "admin_code2": "",
    "admin_name3": "",
    "admin_code3": "",
    "latitude": "19.6631",
    "longitude": "-73.2094",
    "accuracy": "4"
  },
  {
    "country_code": "HT",
    "postal_code": "HT3340",
    "place_name": "Jean-Rabel",
    "admin_name1": "Nord-Ouest",
    "admin_code1": "03",
    "admin_name2": "",
    "admin_code2": "",
    "admin_name3": "",
    "admin_code3": "",
    "latitude": "19.8538",
    "longitude": "-73.1913",
    "accuracy": "4"
  },
  {
    "country_code": "HT",
    "postal_code": "HT4110",
    "place_name": "Gonaïves",
    "admin_name1": "Artibonite",
    "admin_code1": "06",
    "admin_name2": "",
    "admin_code2": "",
    "admin_name3": "",
    "admin_code3": "",
    "latitude": "19.4475",
    "longitude": "-72.6893",
    "accuracy": "4"
  },
  {
    "country_code": "HT",
    "postal_code": "HT4111",
    "place_name": "Petite Rivière de l’Artibonite",
    "admin_name1": "Artibonite",
    "admin_code1": "06",
    "admin_name2": "",
    "admin_code2": "",
    "admin_name3": "",
    "admin_code3": "",
    "latitude": "19.124",
    "longitude": "-72.4817",
    "accuracy": "4"
  },
  {
    "country_code": "HT",
    "postal_code": "HT4120",
    "place_name": "Ennery",
    "admin_name1": "Artibonite",
    "admin_code1": "06",
    "admin_name2": "",
    "admin_code2": "",
    "admin_name3": "",
    "admin_code3": "",
    "latitude": "19.4834",
    "longitude": "-72.4854",
    "accuracy": "4"
  },
  {
    "country_code": "HT",
    "postal_code": "HT4130",
    "place_name": "L'Estère",
    "admin_name1": "Artibonite",
    "admin_code1": "06",
    "admin_name2": "",
    "admin_code2": "",
    "admin_name3": "",
    "admin_code3": "",
    "latitude": "19.3031",
    "longitude": "-72.6097",
    "accuracy": "4"
  },
  {
    "country_code": "HT",
    "postal_code": "HT4210",
    "place_name": "Gros Morne",
    "admin_name1": "Artibonite",
    "admin_code1": "06",
    "admin_name2": "",
    "admin_code2": "",
    "admin_name3": "",
    "admin_code3": "",
    "latitude": "19.6708",
    "longitude": "-72.6781",
    "accuracy": "4"
  },
  {
    "country_code": "HT",
    "postal_code": "HT4220",
    "place_name": "Terre-Neuve",
    "admin_name1": "Artibonite",
    "admin_code1": "06",
    "admin_name2": "",
    "admin_code2": "",
    "admin_name3": "",
    "admin_code3": "",
    "latitude": "19.5995",
    "longitude": "-72.7809",
    "accuracy": "4"
  },
  {
    "country_code": "HT",
    "postal_code": "HT4230",
    "place_name": "Anse-Rouge",
    "admin_name1": "Artibonite",
    "admin_code1": "06",
    "admin_name2": "",
    "admin_code2": "",
    "admin_name3": "",
    "admin_code3": "",
    "latitude": "19.6345",
    "longitude": "-72.9179",
    "accuracy": "1"
  },
  {
    "country_code": "HT",
    "postal_code": "HT4231",
    "place_name": "Sources Chaudes",
    "admin_name1": "Artibonite",
    "admin_code1": "06",
    "admin_name2": "",
    "admin_code2": "",
    "admin_name3": "",
    "admin_code3": "",
    "latitude": "19.6345",
    "longitude": "-72.9179",
    "accuracy": "4"
  },
  {
    "country_code": "HT",
    "postal_code": "HT4310",
    "place_name": "Saint-Marc",
    "admin_name1": "Artibonite",
    "admin_code1": "06",
    "admin_name2": "",
    "admin_code2": "",
    "admin_name3": "",
    "admin_code3": "",
    "latitude": "19.1082",
    "longitude": "-72.6938",
    "accuracy": "4"
  },
  {
    "country_code": "HT",
    "postal_code": "HT4311",
    "place_name": "Montrouis",
    "admin_name1": "Artibonite",
    "admin_code1": "06",
    "admin_name2": "",
    "admin_code2": "",
    "admin_name3": "",
    "admin_code3": "",
    "latitude": "19.0977",
    "longitude": "-72.7082",
    "accuracy": "4"
  },
  {
    "country_code": "HT",
    "postal_code": "HT4320",
    "place_name": "Verrettes",
    "admin_name1": "Artibonite",
    "admin_code1": "06",
    "admin_name2": "",
    "admin_code2": "",
    "admin_name3": "",
    "admin_code3": "",
    "latitude": "19.0505",
    "longitude": "-72.4658",
    "accuracy": "4"
  },
  {
    "country_code": "HT",
    "postal_code": "HT4321",
    "place_name": "Désarmes",
    "admin_name1": "Artibonite",
    "admin_code1": "06",
    "admin_name2": "",
    "admin_code2": "",
    "admin_name3": "",
    "admin_code3": "",
    "latitude": "18.9935",
    "longitude": "-72.3906",
    "accuracy": "4"
  },
  {
    "country_code": "HT",
    "postal_code": "HT4322",
    "place_name": "Deschapelles",
    "admin_name1": "Artibonite",
    "admin_code1": "06",
    "admin_name2": "",
    "admin_code2": "",
    "admin_name3": "",
    "admin_code3": "",
    "latitude": "19.0736",
    "longitude": "-72.4918",
    "accuracy": "4"
  },
  {
    "country_code": "HT",
    "postal_code": "HT4323",
    "place_name": "Liancourt",
    "admin_name1": "Artibonite",
    "admin_code1": "06",
    "admin_name2": "",
    "admin_code2": "",
    "admin_name3": "",
    "admin_code3": "",
    "latitude": "19.1247",
    "longitude": "-72.5371",
    "accuracy": "4"
  },
  {
    "country_code": "HT",
    "postal_code": "HT4410",
    "place_name": "Dessalines (Marchand-Dessalines)",
    "admin_name1": "Artibonite",
    "admin_code1": "06",
    "admin_name2": "",
    "admin_code2": "",
    "admin_name3": "",
    "admin_code3": "",
    "latitude": "19.1731",
    "longitude": "-72.5656",
    "accuracy": "1"
  },
  {
    "country_code": "HT",
    "postal_code": "HT4420",
    "place_name": "Petite-Rivière-de-l’Artibonite",
    "admin_name1": "Artibonite",
    "admin_code1": "06",
    "admin_name2": "",
    "admin_code2": "",
    "admin_name3": "",
    "admin_code3": "",
    "latitude": "19.124",
    "longitude": "-72.4817",
    "accuracy": "4"
  },
  {
    "country_code": "HT",
    "postal_code": "HT4421",
    "place_name": "Savane à Roches",
    "admin_name1": "Artibonite",
    "admin_code1": "06",
    "admin_name2": "",
    "admin_code2": "",
    "admin_name3": "",
    "admin_code3": "",
    "latitude": "19.011",
    "longitude": "-72.367",
    "accuracy": "4"
  },
  {
    "country_code": "HT",
    "postal_code": "HT4430",
    "place_name": "Grande-Saline",
    "admin_name1": "Artibonite",
    "admin_code1": "06",
    "admin_name2": "",
    "admin_code2": "",
    "admin_name3": "",
    "admin_code3": "",
    "latitude": "19.2651",
    "longitude": "-72.769",
    "accuracy": "4"
  },
  {
    "country_code": "HT",
    "postal_code": "HT4440",
    "place_name": "Desdunes",
    "admin_name1": "Artibonite",
    "admin_code1": "06",
    "admin_name2": "",
    "admin_code2": "",
    "admin_name3": "",
    "admin_code3": "",
    "latitude": "19.2924",
    "longitude": "-72.6448",
    "accuracy": "4"
  },
  {
    "country_code": "HT",
    "postal_code": "HT4510",
    "place_name": "Marmelade",
    "admin_name1": "Artibonite",
    "admin_code1": "06",
    "admin_name2": "",
    "admin_code2": "",
    "admin_name3": "",
    "admin_code3": "",
    "latitude": "19.5174",
    "longitude": "-72.3613",
    "accuracy": "4"
  },
  {
    "country_code": "HT",
    "postal_code": "HT4520",
    "place_name": "Saint-Michel-de-l’Attalaye",
    "admin_name1": "Artibonite",
    "admin_code1": "06",
    "admin_name2": "",
    "admin_code2": "",
    "admin_name3": "",
    "admin_code3": "",
    "latitude": "19.5174",
    "longitude": "-72.3613",
    "accuracy": "1"
  },
  {
    "country_code": "HT",
    "postal_code": "HT4530",
    "place_name": "Moreau Paye",
    "admin_name1": "Artibonite",
    "admin_code1": "06",
    "admin_name2": "",
    "admin_code2": "",
    "admin_name3": "",
    "admin_code3": "",
    "latitude": "19.5174",
    "longitude": "-72.3613",
    "accuracy": "1"
  },
  {
    "country_code": "HT",
    "postal_code": "HT5110",
    "place_name": "Hinche",
    "admin_name1": "Centre",
    "admin_code1": "07",
    "admin_name2": "",
    "admin_code2": "",
    "admin_name3": "",
    "admin_code3": "",
    "latitude": "19.15",
    "longitude": "-72.0167",
    "accuracy": "4"
  },
  {
    "country_code": "HT",
    "postal_code": "HT5111",
    "place_name": "Los Palis",
    "admin_name1": "Centre",
    "admin_code1": "07",
    "admin_name2": "",
    "admin_code2": "",
    "admin_name3": "",
    "admin_code3": "",
    "latitude": "19.1417",
    "longitude": "-71.9402",
    "accuracy": "4"
  },
  {
    "country_code": "HT",
    "postal_code": "HT5120",
    "place_name": "Maïssade",
    "admin_name1": "Centre",
    "admin_code1": "07",
    "admin_name2": "",
    "admin_code2": "",
    "admin_name3": "",
    "admin_code3": "",
    "latitude": "19.1761",
    "longitude": "-72.1396",
    "accuracy": "4"
  },
  {
    "country_code": "HT",
    "postal_code": "HT5121",
    "place_name": "Louverture",
    "admin_name1": "Centre",
    "admin_code1": "07",
    "admin_name2": "",
    "admin_code2": "",
    "admin_name3": "",
    "admin_code3": "",
    "latitude": "19.4263",
    "longitude": "-72.3139",
    "accuracy": "4"
  },
  {
    "country_code": "HT",
    "postal_code": "HT5130",
    "place_name": "Thomonde",
    "admin_name1": "Centre",
    "admin_code1": "07",
    "admin_name2": "",
    "admin_code2": "",
    "admin_name3": "",
    "admin_code3": "",
    "latitude": "19.0173",
    "longitude": "-71.9623",
    "accuracy": "4"
  },
  {
    "country_code": "HT",
    "postal_code": "HT5140",
    "place_name": "Cerca-Carvajal",
    "admin_name1": "Centre",
    "admin_code1": "07",
    "admin_name2": "",
    "admin_code2": "",
    "admin_name3": "",
    "admin_code3": "",
    "latitude": "19.2696",
    "longitude": "-71.9386",
    "accuracy": "4"
  },
  {
    "country_code": "HT",
    "postal_code": "HT5210",
    "place_name": "Mirebalais",
    "admin_name1": "Centre",
    "admin_code1": "07",
    "admin_name2": "",
    "admin_code2": "",
    "admin_name3": "",
    "admin_code3": "",
    "latitude": "18.8345",
    "longitude": "-72.1048",
    "accuracy": "4"
  },
  {
    "country_code": "HT",
    "postal_code": "HT5211",
    "place_name": "Dufailly",
    "admin_name1": "Centre",
    "admin_code1": "07",
    "admin_name2": "",
    "admin_code2": "",
    "admin_name3": "",
    "admin_code3": "",
    "latitude": "18.5128",
    "longitude": "-74.2844",
    "accuracy": "4"
  },
  {
    "country_code": "HT",
    "postal_code": "HT5220",
    "place_name": "Saut-d’Eau",
    "admin_name1": "Centre",
    "admin_code1": "07",
    "admin_name2": "",
    "admin_code2": "",
    "admin_name3": "",
    "admin_code3": "",
    "latitude": "18.7502",
    "longitude": "-72.8095",
    "accuracy": "1"
  },
  {
    "country_code": "HT",
    "postal_code": "HT5230",
    "place_name": "Boucan-Carré",
    "admin_name1": "Centre",
    "admin_code1": "07",
    "admin_name2": "",
    "admin_code2": "",
    "admin_name3": "",
    "admin_code3": "",
    "latitude": "18.9033",
    "longitude": "-72.0392",
    "accuracy": "1"
  },
  {
    "country_code": "HT",
    "postal_code": "HT5231",
    "place_name": "Péligre",
    "admin_name1": "Centre",
    "admin_code1": "07",
    "admin_name2": "",
    "admin_code2": "",
    "admin_name3": "",
    "admin_code3": "",
    "latitude": "18.9033",
    "longitude": "-72.0392",
    "accuracy": "4"
  },
  {
    "country_code": "HT",
    "postal_code": "HT5310",
    "place_name": "Lascahobas",
    "admin_name1": "Centre",
    "admin_code1": "07",
    "admin_name2": "",
    "admin_code2": "",
    "admin_name3": "",
    "admin_code3": "",
    "latitude": "18.8305",
    "longitude": "-71.9356",
    "accuracy": "4"
  },
  {
    "country_code": "HT",
    "postal_code": "HT5320",
    "place_name": "Belladère",
    "admin_name1": "Centre",
    "admin_code1": "07",
    "admin_name2": "",
    "admin_code2": "",
    "admin_name3": "",
    "admin_code3": "",
    "latitude": "18.8679",
    "longitude": "-71.7622",
    "accuracy": "4"
  },
  {
    "country_code": "HT",
    "postal_code": "HT5321",
    "place_name": "Baptiste",
    "admin_name1": "Centre",
    "admin_code1": "07",
    "admin_name2": "",
    "admin_code2": "",
    "admin_name3": "",
    "admin_code3": "",
    "latitude": "18.7976",
    "longitude": "-71.7831",
    "accuracy": "4"
  },
  {
    "country_code": "HT",
    "postal_code": "HT5330",
    "place_name": "Savanette",
    "admin_name1": "Centre",
    "admin_code1": "07",
    "admin_name2": "",
    "admin_code2": "",
    "admin_name3": "",
    "admin_code3": "",
    "latitude": "18.7443",
    "longitude": "-71.8219",
    "accuracy": "4"
  },
  {
    "country_code": "HT",
    "postal_code": "HT5410",
    "place_name": "Cerca-la-Source",
    "admin_name1": "Centre",
    "admin_code1": "07",
    "admin_name2": "",
    "admin_code2": "",
    "admin_name3": "",
    "admin_code3": "",
    "latitude": "19.1887",
    "longitude": "-71.7308",
    "accuracy": "1"
  },
  {
    "country_code": "HT",
    "postal_code": "HT5411",
    "place_name": "Saltadère",
    "admin_name1": "Centre",
    "admin_code1": "07",
    "admin_name2": "",
    "admin_code2": "",
    "admin_name3": "",
    "admin_code3": "",
    "latitude": "19.1342",
    "longitude": "-71.7327",
    "accuracy": "4"
  },
  {
    "country_code": "HT",
    "postal_code": "HT5412",
    "place_name": "Lamielle",
    "admin_name1": "Centre",
    "admin_code1": "07",
    "admin_name2": "",
    "admin_code2": "",
    "admin_name3": "",
    "admin_code3": "",
    "latitude": "19.2432",
    "longitude": "-71.7288",
    "accuracy": "4"
  },
  {
    "country_code": "HT",
    "postal_code": "HT5420",
    "place_name": "Thomassique",
    "admin_name1": "Centre",
    "admin_code1": "07",
    "admin_name2": "",
    "admin_code2": "",
    "admin_name3": "",
    "admin_code3": "",
    "latitude": "19.0821",
    "longitude": "-71.8385",
    "accuracy": "4"
  },
  {
    "country_code": "HT",
    "postal_code": "HT1110",
    "place_name": "Cap-Haïtien (la ville)",
    "admin_name1": "Nord",
    "admin_code1": "09",
    "admin_name2": "",
    "admin_code2": "",
    "admin_name3": "",
    "admin_code3": "",
    "latitude": "19.7394",
    "longitude": "-72.1825",
    "accuracy": "1"
  },
  {
    "country_code": "HT",
    "postal_code": "HT1111",
    "place_name": "Bande-du-Nord (quartier du Cap)",
    "admin_name1": "Nord",
    "admin_code1": "09",
    "admin_name2": "",
    "admin_code2": "",
    "admin_name3": "",
    "admin_code3": "",
    "latitude": "19.7394",
    "longitude": "-72.1825",
    "accuracy": "1"
  },
  {
    "country_code": "HT",
    "postal_code": "HT1112",
    "place_name": "Labadie (quartier du Cap)",
    "admin_name1": "Nord",
    "admin_code1": "09",
    "admin_name2": "",
    "admin_code2": "",
    "admin_name3": "",
    "admin_code3": "",
    "latitude": "19.7394",
    "longitude": "-72.1825",
    "accuracy": "1"
  },
  {
    "country_code": "HT",
    "postal_code": "HT1113",
    "place_name": "Haut-du-Cap (quartier du Cap)",
    "admin_name1": "Nord",
    "admin_code1": "09",
    "admin_name2": "",
    "admin_code2": "",
    "admin_name3": "",
    "admin_code3": "",
    "latitude": "19.7394",
    "longitude": "-72.1825",
    "accuracy": "1"
  },
  {
    "country_code": "HT",
    "postal_code": "HT1114",
    "place_name": "Petite-Anse",
    "admin_name1": "Nord",
    "admin_code1": "09",
    "admin_name2": "",
    "admin_code2": "",
    "admin_name3": "",
    "admin_code3": "",
    "latitude": "19.7394",
    "longitude": "-72.1825",
    "accuracy": "4"
  },
  {
    "country_code": "HT",
    "postal_code": "HT1120",
    "place_name": "Quartier-Morin",
    "admin_name1": "Nord",
    "admin_code1": "09",
    "admin_name2": "",
    "admin_code2": "",
    "admin_name3": "",
    "admin_code3": "",
    "latitude": "19.697",
    "longitude": "-72.1571",
    "accuracy": "4"
  },
  {
    "country_code": "HT",
    "postal_code": "HT1130",
    "place_name": "Limonade",
    "admin_name1": "Nord",
    "admin_code1": "09",
    "admin_name2": "",
    "admin_code2": "",
    "admin_name3": "",
    "admin_code3": "",
    "latitude": "19.6701",
    "longitude": "-72.1243",
    "accuracy": "4"
  },
  {
    "country_code": "HT",
    "postal_code": "HT1210",
    "place_name": "Acul-du-Nord",
    "admin_name1": "Nord",
    "admin_code1": "09",
    "admin_name2": "",
    "admin_code2": "",
    "admin_name3": "",
    "admin_code3": "",
    "latitude": "19.6052",
    "longitude": "-72.3522",
    "accuracy": "1"
  },
  {
    "country_code": "HT",
    "postal_code": "HT1211",
    "place_name": "La Soufrière",
    "admin_name1": "Nord",
    "admin_code1": "09",
    "admin_name2": "",
    "admin_code2": "",
    "admin_name3": "",
    "admin_code3": "",
    "latitude": "19.6052",
    "longitude": "-72.3522",
    "accuracy": "4"
  },
  {
    "country_code": "HT",
    "postal_code": "HT1220",
    "place_name": "Plaine-du-Nord",
    "admin_name1": "Nord",
    "admin_code1": "09",
    "admin_name2": "",
    "admin_code2": "",
    "admin_name3": "",
    "admin_code3": "",
    "latitude": "19.612",
    "longitude": "-72.2607",
    "accuracy": "1"
  },
  {
    "country_code": "HT",
    "postal_code": "HT1221",
    "place_name": "Robillard",
    "admin_name1": "Nord",
    "admin_code1": "09",
    "admin_name2": "",
    "admin_code2": "",
    "admin_name3": "",
    "admin_code3": "",
    "latitude": "19.612",
    "longitude": "-72.2607",
    "accuracy": "4"
  },
  {
    "country_code": "HT",
    "postal_code": "HT1230",
    "place_name": "Milot",
    "admin_name1": "Nord",
    "admin_code1": "09",
    "admin_name2": "",
    "admin_code2": "",
    "admin_name3": "",
    "admin_code3": "",
    "latitude": "19.6084",
    "longitude": "-72.2132",
    "accuracy": "4"
  },
  {
    "country_code": "HT",
    "postal_code": "HT1231",
    "place_name": "Carrefour-des-Pères",
    "admin_name1": "Nord",
    "admin_code1": "09",
    "admin_name2": "",
    "admin_code2": "",
    "admin_name3": "",
    "admin_code3": "",
    "latitude": "19.685",
    "longitude": "-72.2047",
    "accuracy": "4"
  },
  {
    "country_code": "HT",
    "postal_code": "HT1310",
    "place_name": "Grande-Rivière-du-Nord",
    "admin_name1": "Nord",
    "admin_code1": "09",
    "admin_name2": "",
    "admin_code2": "",
    "admin_name3": "",
    "admin_code3": "",
    "latitude": "19.631",
    "longitude": "-72.3013",
    "accuracy": "1"
  },
  {
    "country_code": "HT",
    "postal_code": "HT1320",
    "place_name": "Barbon",
    "admin_name1": "Nord",
    "admin_code1": "09",
    "admin_name2": "",
    "admin_code2": "",
    "admin_name3": "",
    "admin_code3": "",
    "latitude": "19.631",
    "longitude": "-72.3013",
    "accuracy": "1"
  },
  {
    "country_code": "HT",
    "postal_code": "HT1410",
    "place_name": "Saint-Raphaël",
    "admin_name1": "Nord",
    "admin_code1": "09",
    "admin_name2": "",
    "admin_code2": "",
    "admin_name3": "",
    "admin_code3": "",
    "latitude": "19.4388",
    "longitude": "-72.1991",
    "accuracy": "4"
  },
  {
    "country_code": "HT",
    "postal_code": "HT1420",
    "place_name": "Dondon",
    "admin_name1": "Nord",
    "admin_code1": "09",
    "admin_name2": "",
    "admin_code2": "",
    "admin_name3": "",
    "admin_code3": "",
    "latitude": "19.5273",
    "longitude": "-72.2434",
    "accuracy": "4"
  },
  {
    "country_code": "HT",
    "postal_code": "HT1430",
    "place_name": "Ranquitte",
    "admin_name1": "Nord",
    "admin_code1": "09",
    "admin_name2": "",
    "admin_code2": "",
    "admin_name3": "",
    "admin_code3": "",
    "latitude": "19.4133",
    "longitude": "-72.0808",
    "accuracy": "4"
  },
  {
    "country_code": "HT",
    "postal_code": "HT1440",
    "place_name": "Pignon",
    "admin_name1": "Nord",
    "admin_code1": "09",
    "admin_name2": "",
    "admin_code2": "",
    "admin_name3": "",
    "admin_code3": "",
    "latitude": "19.3359",
    "longitude": "-72.1166",
    "accuracy": "4"
  },
  {
    "country_code": "HT",
    "postal_code": "HT1450",
    "place_name": "La Victoire",
    "admin_name1": "Nord",
    "admin_code1": "09",
    "admin_name2": "",
    "admin_code2": "",
    "admin_name3": "",
    "admin_code3": "",
    "latitude": "19.3375",
    "longitude": "-72.0206",
    "accuracy": "4"
  },
  {
    "country_code": "HT",
    "postal_code": "HT1510",
    "place_name": "Borgne",
    "admin_name1": "Nord",
    "admin_code1": "09",
    "admin_name2": "",
    "admin_code2": "",
    "admin_name3": "",
    "admin_code3": "",
    "latitude": "19.8451",
    "longitude": "-72.5235",
    "accuracy": "4"
  },
  {
    "country_code": "HT",
    "postal_code": "HT1511",
    "place_name": "Petit-Bourg-de-Borgne",
    "admin_name1": "Nord",
    "admin_code1": "09",
    "admin_name2": "",
    "admin_code2": "",
    "admin_name3": "",
    "admin_code3": "",
    "latitude": "19.8451",
    "longitude": "-72.5235",
    "accuracy": "1"
  },
  {
    "country_code": "HT",
    "postal_code": "HT1517",
    "place_name": "Côte-de-Fer et Fond",
    "admin_name1": "Nord",
    "admin_code1": "09",
    "admin_name2": "",
    "admin_code2": "",
    "admin_name3": "",
    "admin_code3": "",
    "latitude": "19.8451",
    "longitude": "-72.5235",
    "accuracy": "1"
  },
  {
    "country_code": "HT",
    "postal_code": "HT1520",
    "place_name": "Port-Margot",
    "admin_name1": "Nord",
    "admin_code1": "09",
    "admin_name2": "",
    "admin_code2": "",
    "admin_name3": "",
    "admin_code3": "",
    "latitude": "19.7518",
    "longitude": "-72.4301",
    "accuracy": "4"
  },
  {
    "country_code": "HT",
    "postal_code": "HT1521",
    "place_name": "Bayeux",
    "admin_name1": "Nord",
    "admin_code1": "09",
    "admin_name2": "",
    "admin_code2": "",
    "admin_name3": "",
    "admin_code3": "",
    "latitude": "19.808",
    "longitude": "-72.4321",
    "accuracy": "4"
  },
  {
    "country_code": "HT",
    "postal_code": "HT1522",
    "place_name": "Margot",
    "admin_name1": "Nord",
    "admin_code1": "09",
    "admin_name2": "",
    "admin_code2": "",
    "admin_name3": "",
    "admin_code3": "",
    "latitude": "19.8036",
    "longitude": "-72.5428",
    "accuracy": "4"
  },
  {
    "country_code": "HT",
    "postal_code": "HT1610",
    "place_name": "Limbé",
    "admin_name1": "Nord",
    "admin_code1": "09",
    "admin_name2": "",
    "admin_code2": "",
    "admin_name3": "",
    "admin_code3": "",
    "latitude": "19.706",
    "longitude": "-72.4034",
    "accuracy": "4"
  },
  {
    "country_code": "HT",
    "postal_code": "HT1611",
    "place_name": "Camp-Coq",
    "admin_name1": "Nord",
    "admin_code1": "09",
    "admin_name2": "",
    "admin_code2": "",
    "admin_name3": "",
    "admin_code3": "",
    "latitude": "19.6333",
    "longitude": "-72.4333",
    "accuracy": "4"
  },
  {
    "country_code": "HT",
    "postal_code": "HT1620",
    "place_name": "Bas-Limbé",
    "admin_name1": "Nord",
    "admin_code1": "09",
    "admin_name2": "",
    "admin_code2": "",
    "admin_name3": "",
    "admin_code3": "",
    "latitude": "19.7684",
    "longitude": "-72.3847",
    "accuracy": "4"
  },
  {
    "country_code": "HT",
    "postal_code": "HT1710",
    "place_name": "Plaisance",
    "admin_name1": "Nord",
    "admin_code1": "09",
    "admin_name2": "",
    "admin_code2": "",
    "admin_name3": "",
    "admin_code3": "",
    "latitude": "19.598",
    "longitude": "-72.4699",
    "accuracy": "4"
  },
  {
    "country_code": "HT",
    "postal_code": "HT1720",
    "place_name": "Pilate",
    "admin_name1": "Nord",
    "admin_code1": "09",
    "admin_name2": "",
    "admin_code2": "",
    "admin_name3": "",
    "admin_code3": "",
    "latitude": "19.6675",
    "longitude": "-72.5523",
    "accuracy": "4"
  },
  {
    "country_code": "HT",
    "postal_code": "HT1723",
    "place_name": "Ravine-Trompette",
    "admin_name1": "Nord",
    "admin_code1": "09",
    "admin_name2": "",
    "admin_code2": "",
    "admin_name3": "",
    "admin_code3": "",
    "latitude": "19.6675",
    "longitude": "-72.5523",
    "accuracy": "1"
  },
  {
    "country_code": "HT",
    "postal_code": "HT2110",
    "place_name": "Fort-Liberté",
    "admin_name1": "Nord-Est",
    "admin_code1": "10",
    "admin_name2": "",
    "admin_code2": "",
    "admin_name3": "",
    "admin_code3": "",
    "latitude": "19.5868",
    "longitude": "-71.8483",
    "accuracy": "1"
  },
  {
    "country_code": "HT",
    "postal_code": "HT2111",
    "place_name": "Dérac",
    "admin_name1": "Nord-Est",
    "admin_code1": "10",
    "admin_name2": "",
    "admin_code2": "",
    "admin_name3": "",
    "admin_code3": "",
    "latitude": "19.6548",
    "longitude": "-71.8145",
    "accuracy": "4"
  },
  {
    "country_code": "HT",
    "postal_code": "HT2112",
    "place_name": "Acul Samedi",
    "admin_name1": "Nord-Est",
    "admin_code1": "10",
    "admin_name2": "",
    "admin_code2": "",
    "admin_name3": "",
    "admin_code3": "",
    "latitude": "19.5188",
    "longitude": "-71.8821",
    "accuracy": "4"
  },
  {
    "country_code": "HT",
    "postal_code": "HT2120",
    "place_name": "Ferrier",
    "admin_name1": "Nord-Est",
    "admin_code1": "10",
    "admin_name2": "",
    "admin_code2": "",
    "admin_name3": "",
    "admin_code3": "",
    "latitude": "19.6155",
    "longitude": "-71.7779",
    "accuracy": "4"
  },
  {
    "country_code": "HT",
    "postal_code": "HT2121",
    "place_name": "Maribahoux",
    "admin_name1": "Nord-Est",
    "admin_code1": "10",
    "admin_name2": "",
    "admin_code2": "",
    "admin_name3": "",
    "admin_code3": "",
    "latitude": "19.6155",
    "longitude": "-71.7779",
    "accuracy": "1"
  },
  {
    "country_code": "HT",
    "postal_code": "HT2130",
    "place_name": "Perches",
    "admin_name1": "Nord-Est",
    "admin_code1": "10",
    "admin_name2": "",
    "admin_code2": "",
    "admin_name3": "",
    "admin_code3": "",
    "latitude": "19.522",
    "longitude": "-71.9232",
    "accuracy": "4"
  },
  {
    "country_code": "HT",
    "postal_code": "HT2210",
    "place_name": "Ouanaminthe",
    "admin_name1": "Nord-Est",
    "admin_code1": "10",
    "admin_name2": "",
    "admin_code2": "",
    "admin_name3": "",
    "admin_code3": "",
    "latitude": "19.5493",
    "longitude": "-71.7248",
    "accuracy": "4"
  },
  {
    "country_code": "HT",
    "postal_code": "HT2220",
    "place_name": "Capotille",
    "admin_name1": "Nord-Est",
    "admin_code1": "10",
    "admin_name2": "",
    "admin_code2": "",
    "admin_name3": "",
    "admin_code3": "",
    "latitude": "19.448",
    "longitude": "-71.6929",
    "accuracy": "4"
  },
  {
    "country_code": "HT",
    "postal_code": "HT2230",
    "place_name": "Mont-Organisé",
    "admin_name1": "Nord-Est",
    "admin_code1": "10",
    "admin_name2": "",
    "admin_code2": "",
    "admin_name3": "",
    "admin_code3": "",
    "latitude": "19.4082",
    "longitude": "-71.7813",
    "accuracy": "4"
  },
  {
    "country_code": "HT",
    "postal_code": "HT2310",
    "place_name": "Trou-duNord",
    "admin_name1": "Nord-Est",
    "admin_code1": "10",
    "admin_name2": "",
    "admin_code2": "",
    "admin_name3": "",
    "admin_code3": "",
    "latitude": "19.6231",
    "longitude": "-71.9885",
    "accuracy": "1"
  },
  {
    "country_code": "HT",
    "postal_code": "HT2320",
    "place_name": "Sainte-Suzanne",
    "admin_name1": "Nord-Est",
    "admin_code1": "10",
    "admin_name2": "",
    "admin_code2": "",
    "admin_name3": "",
    "admin_code3": "",
    "latitude": "19.5834",
    "longitude": "-72.0889",
    "accuracy": "4"
  },
  {
    "country_code": "HT",
    "postal_code": "HT2321",
    "place_name": "Dupity",
    "admin_name1": "Nord-Est",
    "admin_code1": "10",
    "admin_name2": "",
    "admin_code2": "",
    "admin_name3": "",
    "admin_code3": "",
    "latitude": "19.4833",
    "longitude": "-72.05",
    "accuracy": "4"
  },
  {
    "country_code": "HT",
    "postal_code": "HT2330",
    "place_name": "Terrier-Rouge",
    "admin_name1": "Nord-Est",
    "admin_code1": "10",
    "admin_name2": "",
    "admin_code2": "",
    "admin_name3": "",
    "admin_code3": "",
    "latitude": "19.6363",
    "longitude": "-71.9548",
    "accuracy": "4"
  },
  {
    "country_code": "HT",
    "postal_code": "HT2331",
    "place_name": "Phaëton",
    "admin_name1": "Nord-Est",
    "admin_code1": "10",
    "admin_name2": "",
    "admin_code2": "",
    "admin_name3": "",
    "admin_code3": "",
    "latitude": "19.6753",
    "longitude": "-71.8969",
    "accuracy": "4"
  },
  {
    "country_code": "HT",
    "postal_code": "HT2332",
    "place_name": "Paulette",
    "admin_name1": "Nord-Est",
    "admin_code1": "10",
    "admin_name2": "",
    "admin_code2": "",
    "admin_name3": "",
    "admin_code3": "",
    "latitude": "19.6676",
    "longitude": "-71.9232",
    "accuracy": "4"
  },
  {
    "country_code": "HT",
    "postal_code": "HT2340",
    "place_name": "Caracol",
    "admin_name1": "Nord-Est",
    "admin_code1": "10",
    "admin_name2": "",
    "admin_code2": "",
    "admin_name3": "",
    "admin_code3": "",
    "latitude": "19.6927",
    "longitude": "-72.0173",
    "accuracy": "4"
  },
  {
    "country_code": "HT",
    "postal_code": "HT2410",
    "place_name": "Vallières",
    "admin_name1": "Nord-Est",
    "admin_code1": "10",
    "admin_name2": "",
    "admin_code2": "",
    "admin_name3": "",
    "admin_code3": "",
    "latitude": "19.4355",
    "longitude": "-71.9209",
    "accuracy": "4"
  },
  {
    "country_code": "HT",
    "postal_code": "HT2411",
    "place_name": "Grosse-Roche",
    "admin_name1": "Nord-Est",
    "admin_code1": "10",
    "admin_name2": "",
    "admin_code2": "",
    "admin_name3": "",
    "admin_code3": "",
    "latitude": "19.4355",
    "longitude": "-71.9209",
    "accuracy": "1"
  },
  {
    "country_code": "HT",
    "postal_code": "HT2420",
    "place_name": "Carice",
    "admin_name1": "Nord-Est",
    "admin_code1": "10",
    "admin_name2": "",
    "admin_code2": "",
    "admin_name3": "",
    "admin_code3": "",
    "latitude": "19.3779",
    "longitude": "-71.8303",
    "accuracy": "4"
  },
  {
    "country_code": "HT",
    "postal_code": "HT2430",
    "place_name": "Mombin-Crochu",
    "admin_name1": "Nord-Est",
    "admin_code1": "10",
    "admin_name2": "",
    "admin_code2": "",
    "admin_name3": "",
    "admin_code3": "",
    "latitude": "19.3688",
    "longitude": "-71.9824",
    "accuracy": "4"
  },
  {
    "country_code": "HT",
    "postal_code": "HT2431",
    "place_name": "Bois-Laurence",
    "admin_name1": "Nord-Est",
    "admin_code1": "10",
    "admin_name2": "",
    "admin_code2": "",
    "admin_name3": "",
    "admin_code3": "",
    "latitude": "19.3281",
    "longitude": "-71.8625",
    "accuracy": "4"
  },
  {
    "country_code": "HT",
    "postal_code": "HT3408",
    "place_name": "Puits Blain 38",
    "admin_name1": "Ouest",
    "admin_code1": "11",
    "admin_name2": "",
    "admin_code2": "",
    "admin_name3": "",
    "admin_code3": "",
    "latitude": "19.8843",
    "longitude": "-72.8844",
    "accuracy": "1"
  },
  {
    "country_code": "HT",
    "postal_code": "HT6110",
    "place_name": "Port-au-Prince",
    "admin_name1": "Ouest",
    "admin_code1": "11",
    "admin_name2": "",
    "admin_code2": "",
    "admin_name3": "",
    "admin_code3": "",
    "latitude": "18.5435",
    "longitude": "-72.3388",
    "accuracy": "4"
  },
  {
    "country_code": "HT",
    "postal_code": "HT6111",
    "place_name": "Bel-Air et Bourdon",
    "admin_name1": "Ouest",
    "admin_code1": "11",
    "admin_name2": "",
    "admin_code2": "",
    "admin_name3": "",
    "admin_code3": "",
    "latitude": "18.5333",
    "longitude": "-72.3374",
    "accuracy": "1"
  },
  {
    "country_code": "HT",
    "postal_code": "HT6113",
    "place_name": "Turgeau",
    "admin_name1": "Ouest",
    "admin_code1": "11",
    "admin_name2": "",
    "admin_code2": "",
    "admin_name3": "",
    "admin_code3": "",
    "latitude": "18.5347",
    "longitude": "-72.3317",
    "accuracy": "4"
  },
  {
    "country_code": "HT",
    "postal_code": "HT6114",
    "place_name": "Bois Verna",
    "admin_name1": "Ouest",
    "admin_code1": "11",
    "admin_name2": "",
    "admin_code2": "",
    "admin_name3": "",
    "admin_code3": "",
    "latitude": "18.5364",
    "longitude": "-72.33",
    "accuracy": "4"
  },
  {
    "country_code": "HT",
    "postal_code": "HT6115",
    "place_name": "Lalue",
    "admin_name1": "Ouest",
    "admin_code1": "11",
    "admin_name2": "",
    "admin_code2": "",
    "admin_name3": "",
    "admin_code3": "",
    "latitude": "18.5333",
    "longitude": "-72.3374",
    "accuracy": "1"
  },
  {
    "country_code": "HT",
    "postal_code": "HT6116",
    "place_name": "Carrefour Feuilles",
    "admin_name1": "Ouest",
    "admin_code1": "11",
    "admin_name2": "",
    "admin_code2": "",
    "admin_name3": "",
    "admin_code3": "",
    "latitude": "18.5231",
    "longitude": "-72.3378",
    "accuracy": "4"
  },
  {
    "country_code": "HT",
    "postal_code": "HT6117",
    "place_name": "Morne de l’Hôpital",
    "admin_name1": "Ouest",
    "admin_code1": "11",
    "admin_name2": "",
    "admin_code2": "",
    "admin_name3": "",
    "admin_code3": "",
    "latitude": "18.5333",
    "longitude": "-72.3374",
    "accuracy": "1"
  },
  {
    "country_code": "HT",
    "postal_code": "HT6118",
    "place_name": "Bolosse",
    "admin_name1": "Ouest",
    "admin_code1": "11",
    "admin_name2": "",
    "admin_code2": "",
    "admin_name3": "",
    "admin_code3": "",
    "latitude": "18.5286",
    "longitude": "-72.3489",
    "accuracy": "4"
  },
  {
    "country_code": "HT",
    "postal_code": "HT6119",
    "place_name": "Martissant et Fontamara",
    "admin_name1": "Ouest",
    "admin_code1": "11",
    "admin_name2": "",
    "admin_code2": "",
    "admin_name3": "",
    "admin_code3": "",
    "latitude": "18.5333",
    "longitude": "-72.3374",
    "accuracy": "1"
  },
  {
    "country_code": "HT",
    "postal_code": "HT6120",
    "place_name": "Delmas",
    "admin_name1": "Ouest",
    "admin_code1": "11",
    "admin_name2": "",
    "admin_code2": "",
    "admin_name3": "",
    "admin_code3": "",
    "latitude": "18.5201",
    "longitude": "-72.4911",
    "accuracy": "1"
  },
  {
    "country_code": "HT",
    "postal_code": "HT6121",
    "place_name": "Varreux",
    "admin_name1": "Ouest",
    "admin_code1": "11",
    "admin_name2": "",
    "admin_code2": "",
    "admin_name3": "",
    "admin_code3": "",
    "latitude": "18.3833",
    "longitude": "-72.85",
    "accuracy": "4"
  },
  {
    "country_code": "HT",
    "postal_code": "HT6122",
    "place_name": "Cité soleil",
    "admin_name1": "Ouest",
    "admin_code1": "11",
    "admin_name2": "",
    "admin_code2": "",
    "admin_name3": "",
    "admin_code3": "",
    "latitude": "18.5803",
    "longitude": "-72.3381",
    "accuracy": "4"
  },
  {
    "country_code": "HT",
    "postal_code": "HT6123",
    "place_name": "Maïs Gâté, Tabarre zone 1",
    "admin_name1": "Ouest",
    "admin_code1": "11",
    "admin_name2": "",
    "admin_code2": "",
    "admin_name3": "",
    "admin_code3": "",
    "latitude": "18.5201",
    "longitude": "-72.4911",
    "accuracy": "1"
  },
  {
    "country_code": "HT",
    "postal_code": "HT6123",
    "place_name": "Tabarre (zone1)",
    "admin_name1": "Ouest",
    "admin_code1": "11",
    "admin_name2": "",
    "admin_code2": "",
    "admin_name3": "",
    "admin_code3": "",
    "latitude": "18.5201",
    "longitude": "-72.4911",
    "accuracy": "1"
  },
  {
    "country_code": "HT",
    "postal_code": "HT6124",
    "place_name": "Petite Place Cazeau, Tabarre zone 2",
    "admin_name1": "Ouest",
    "admin_code1": "11",
    "admin_name2": "",
    "admin_code2": "",
    "admin_name3": "",
    "admin_code3": "",
    "latitude": "18.5201",
    "longitude": "-72.4911",
    "accuracy": "1"
  },
  {
    "country_code": "HT",
    "postal_code": "HT6124",
    "place_name": "Tabarre (zone2)",
    "admin_name1": "Ouest",
    "admin_code1": "11",
    "admin_name2": "",
    "admin_code2": "",
    "admin_name3": "",
    "admin_code3": "",
    "latitude": "18.5201",
    "longitude": "-72.4911",
    "accuracy": "1"
  },
  {
    "country_code": "HT",
    "postal_code": "HT6125",
    "place_name": "Croix-des-Missions",
    "admin_name1": "Ouest",
    "admin_code1": "11",
    "admin_name2": "",
    "admin_code2": "",
    "admin_name3": "",
    "admin_code3": "",
    "latitude": "18.5968",
    "longitude": "-72.2852",
    "accuracy": "4"
  },
  {
    "country_code": "HT",
    "postal_code": "HT6130",
    "place_name": "Carrefour",
    "admin_name1": "Ouest",
    "admin_code1": "11",
    "admin_name2": "",
    "admin_code2": "",
    "admin_name3": "",
    "admin_code3": "",
    "latitude": "18.5411",
    "longitude": "-72.3992",
    "accuracy": "4"
  },
  {
    "country_code": "HT",
    "postal_code": "HT6131",
    "place_name": "Bizoton",
    "admin_name1": "Ouest",
    "admin_code1": "11",
    "admin_name2": "",
    "admin_code2": "",
    "admin_name3": "",
    "admin_code3": "",
    "latitude": "18.5298",
    "longitude": "-72.3777",
    "accuracy": "4"
  },
  {
    "country_code": "HT",
    "postal_code": "HT6132",
    "place_name": "Diquini, Thor",
    "admin_name1": "Ouest",
    "admin_code1": "11",
    "admin_name2": "",
    "admin_code2": "",
    "admin_name3": "",
    "admin_code3": "",
    "latitude": "18.5406",
    "longitude": "-72.4171",
    "accuracy": "1"
  },
  {
    "country_code": "HT",
    "postal_code": "HT6133",
    "place_name": "Côte-Page, Mahotière",
    "admin_name1": "Ouest",
    "admin_code1": "11",
    "admin_name2": "",
    "admin_code2": "",
    "admin_name3": "",
    "admin_code3": "",
    "latitude": "18.5406",
    "longitude": "-72.4171",
    "accuracy": "1"
  },
  {
    "country_code": "HT",
    "postal_code": "HT6134",
    "place_name": "Arcachon",
    "admin_name1": "Ouest",
    "admin_code1": "11",
    "admin_name2": "",
    "admin_code2": "",
    "admin_name3": "",
    "admin_code3": "",
    "latitude": "18.5425",
    "longitude": "-72.3986",
    "accuracy": "4"
  },
  {
    "country_code": "HT",
    "postal_code": "HT6134",
    "place_name": "Warney",
    "admin_name1": "Ouest",
    "admin_code1": "11",
    "admin_name2": "",
    "admin_code2": "",
    "admin_name3": "",
    "admin_code3": "",
    "latitude": "18.5425",
    "longitude": "-72.3986",
    "accuracy": "3"
  },
  {
    "country_code": "HT",
    "postal_code": "HT6135",
    "place_name": "Brochette",
    "admin_name1": "Ouest",
    "admin_code1": "11",
    "admin_name2": "",
    "admin_code2": "",
    "admin_name3": "",
    "admin_code3": "",
    "latitude": "18.5358",
    "longitude": "-72.4175",
    "accuracy": "4"
  },
  {
    "country_code": "HT",
    "postal_code": "HT6136",
    "place_name": "Merger",
    "admin_name1": "Ouest",
    "admin_code1": "11",
    "admin_name2": "",
    "admin_code2": "",
    "admin_name3": "",
    "admin_code3": "",
    "latitude": "18.5415",
    "longitude": "-72.4902",
    "accuracy": "4"
  },
  {
    "country_code": "HT",
    "postal_code": "HT6136",
    "place_name": "Lamentin",
    "admin_name1": "Ouest",
    "admin_code1": "11",
    "admin_name2": "",
    "admin_code2": "",
    "admin_name3": "",
    "admin_code3": "",
    "latitude": "18.5521",
    "longitude": "-72.4089",
    "accuracy": "4"
  },
  {
    "country_code": "HT",
    "postal_code": "HT6136",
    "place_name": "Mariani",
    "admin_name1": "Ouest",
    "admin_code1": "11",
    "admin_name2": "",
    "admin_code2": "",
    "admin_name3": "",
    "admin_code3": "",
    "latitude": "18.5414",
    "longitude": "-72.4278",
    "accuracy": "4"
  },
  {
    "country_code": "HT",
    "postal_code": "HT6140",
    "place_name": "Pétion-Ville",
    "admin_name1": "Ouest",
    "admin_code1": "11",
    "admin_name2": "",
    "admin_code2": "",
    "admin_name3": "",
    "admin_code3": "",
    "latitude": "18.5125",
    "longitude": "-72.2853",
    "accuracy": "4"
  },
  {
    "country_code": "HT",
    "postal_code": "HT6141",
    "place_name": "Frères, pergnier,peguy-ville",
    "admin_name1": "Ouest",
    "admin_code1": "11",
    "admin_name2": "",
    "admin_code2": "",
    "admin_name3": "",
    "admin_code3": "",
    "latitude": "18.4966",
    "longitude": "-72.2896",
    "accuracy": "1"
  },
  {
    "country_code": "HT",
    "postal_code": "HT6142",
    "place_name": "Pèlerin",
    "admin_name1": "Ouest",
    "admin_code1": "11",
    "admin_name2": "",
    "admin_code2": "",
    "admin_name3": "",
    "admin_code3": "",
    "latitude": "18.5042",
    "longitude": "-72.2958",
    "accuracy": "4"
  },
  {
    "country_code": "HT",
    "postal_code": "HT6143",
    "place_name": "Tête de l’Eau",
    "admin_name1": "Ouest",
    "admin_code1": "11",
    "admin_name2": "",
    "admin_code2": "",
    "admin_name3": "",
    "admin_code3": "",
    "latitude": "18.5",
    "longitude": "-72.2833",
    "accuracy": "4"
  },
  {
    "country_code": "HT",
    "postal_code": "HT6144",
    "place_name": "Laboule",
    "admin_name1": "Ouest",
    "admin_code1": "11",
    "admin_name2": "",
    "admin_code2": "",
    "admin_name3": "",
    "admin_code3": "",
    "latitude": "18.4966",
    "longitude": "-72.2896",
    "accuracy": "1"
  },
  {
    "country_code": "HT",
    "postal_code": "HT6145",
    "place_name": "Thomassin",
    "admin_name1": "Ouest",
    "admin_code1": "11",
    "admin_name2": "",
    "admin_code2": "",
    "admin_name3": "",
    "admin_code3": "",
    "latitude": "18.4966",
    "longitude": "-72.2896",
    "accuracy": "1"
  },
  {
    "country_code": "HT",
    "postal_code": "HT6146",
    "place_name": "Fermathe",
    "admin_name1": "Ouest",
    "admin_code1": "11",
    "admin_name2": "",
    "admin_code2": "",
    "admin_name3": "",
    "admin_code3": "",
    "latitude": "18.4696",
    "longitude": "-72.294",
    "accuracy": "4"
  },
  {
    "country_code": "HT",
    "postal_code": "HT6147",
    "place_name": "Pergnier",
    "admin_name1": "Ouest",
    "admin_code1": "11",
    "admin_name2": "",
    "admin_code2": "",
    "admin_name3": "",
    "admin_code3": "",
    "latitude": "18.4966",
    "longitude": "-72.2896",
    "accuracy": "1"
  },
  {
    "country_code": "HT",
    "postal_code": "HT6150",
    "place_name": "Kenscoff",
    "admin_name1": "Ouest",
    "admin_code1": "11",
    "admin_name2": "",
    "admin_code2": "",
    "admin_name3": "",
    "admin_code3": "",
    "latitude": "18.4477",
    "longitude": "-72.284",
    "accuracy": "4"
  },
  {
    "country_code": "HT",
    "postal_code": "HT6160",
    "place_name": "Gressier",
    "admin_name1": "Ouest",
    "admin_code1": "11",
    "admin_name2": "",
    "admin_code2": "",
    "admin_name3": "",
    "admin_code3": "",
    "latitude": "18.5409",
    "longitude": "-72.5268",
    "accuracy": "4"
  },
  {
    "country_code": "HT",
    "postal_code": "HT6210",
    "place_name": "Léogâne",
    "admin_name1": "Ouest",
    "admin_code1": "11",
    "admin_name2": "",
    "admin_code2": "",
    "admin_name3": "",
    "admin_code3": "",
    "latitude": "18.5111",
    "longitude": "-72.6334",
    "accuracy": "4"
  },
  {
    "country_code": "HT",
    "postal_code": "HT6211",
    "place_name": "Trouin",
    "admin_name1": "Ouest",
    "admin_code1": "11",
    "admin_name2": "",
    "admin_code2": "",
    "admin_name3": "",
    "admin_code3": "",
    "latitude": "18.3651",
    "longitude": "-72.6557",
    "accuracy": "4"
  },
  {
    "country_code": "HT",
    "postal_code": "HT6212",
    "place_name": "Orangers",
    "admin_name1": "Ouest",
    "admin_code1": "11",
    "admin_name2": "",
    "admin_code2": "",
    "admin_name3": "",
    "admin_code3": "",
    "latitude": "18.4438",
    "longitude": "-72.5467",
    "accuracy": "4"
  },
  {
    "country_code": "HT",
    "postal_code": "HT6220",
    "place_name": "PetitGoâve",
    "admin_name1": "Ouest",
    "admin_code1": "11",
    "admin_name2": "",
    "admin_code2": "",
    "admin_name3": "",
    "admin_code3": "",
    "latitude": "18.4194",
    "longitude": "-72.9334",
    "accuracy": "1"
  },
  {
    "country_code": "HT",
    "postal_code": "HT6221",
    "place_name": "Vialet",
    "admin_name1": "Ouest",
    "admin_code1": "11",
    "admin_name2": "",
    "admin_code2": "",
    "admin_name3": "",
    "admin_code3": "",
    "latitude": "18.4194",
    "longitude": "-72.9334",
    "accuracy": "4"
  },
  {
    "country_code": "HT",
    "postal_code": "HT6230",
    "place_name": "Grand Goâve",
    "admin_name1": "Ouest",
    "admin_code1": "11",
    "admin_name2": "",
    "admin_code2": "",
    "admin_name3": "",
    "admin_code3": "",
    "latitude": "18.4259",
    "longitude": "-72.7699",
    "accuracy": "4"
  },
  {
    "country_code": "HT",
    "postal_code": "HT6310",
    "place_name": "Croix-des-Bouquets",
    "admin_name1": "Ouest",
    "admin_code1": "11",
    "admin_name2": "",
    "admin_code2": "",
    "admin_name3": "",
    "admin_code3": "",
    "latitude": "18.5768",
    "longitude": "-72.2262",
    "accuracy": "4"
  },
  {
    "country_code": "HT",
    "postal_code": "HT6311",
    "place_name": "Santo",
    "admin_name1": "Ouest",
    "admin_code1": "11",
    "admin_name2": "",
    "admin_code2": "",
    "admin_name3": "",
    "admin_code3": "",
    "latitude": "18.6025",
    "longitude": "-72.264",
    "accuracy": "4"
  },
  {
    "country_code": "HT",
    "postal_code": "HT6312",
    "place_name": "Bon Repos",
    "admin_name1": "Ouest",
    "admin_code1": "11",
    "admin_name2": "",
    "admin_code2": "",
    "admin_name3": "",
    "admin_code3": "",
    "latitude": "18.6278",
    "longitude": "-72.2693",
    "accuracy": "4"
  },
  {
    "country_code": "HT",
    "postal_code": "HT6320",
    "place_name": "Thomazeau",
    "admin_name1": "Ouest",
    "admin_code1": "11",
    "admin_name2": "",
    "admin_code2": "",
    "admin_name3": "",
    "admin_code3": "",
    "latitude": "18.653",
    "longitude": "-72.0939",
    "accuracy": "4"
  },
  {
    "country_code": "HT",
    "postal_code": "HT6330",
    "place_name": "Ganthier",
    "admin_name1": "Ouest",
    "admin_code1": "11",
    "admin_name2": "",
    "admin_code2": "",
    "admin_name3": "",
    "admin_code3": "",
    "latitude": "18.5316",
    "longitude": "-72.0633",
    "accuracy": "4"
  },
  {
    "country_code": "HT",
    "postal_code": "HT6330",
    "place_name": "Cornillon",
    "admin_name1": "Ouest",
    "admin_code1": "11",
    "admin_name2": "",
    "admin_code2": "",
    "admin_name3": "",
    "admin_code3": "",
    "latitude": "18.6755",
    "longitude": "-71.9527",
    "accuracy": "4"
  },
  {
    "country_code": "HT",
    "postal_code": "HT6331",
    "place_name": "Fonds Parisien et Galette Bonbon",
    "admin_name1": "Ouest",
    "admin_code1": "11",
    "admin_name2": "",
    "admin_code2": "",
    "admin_name3": "",
    "admin_code3": "",
    "latitude": "18.6035",
    "longitude": "-72.008",
    "accuracy": "1"
  },
  {
    "country_code": "HT",
    "postal_code": "HT6340",
    "place_name": "Fonds Verettes",
    "admin_name1": "Ouest",
    "admin_code1": "11",
    "admin_name2": "",
    "admin_code2": "",
    "admin_name3": "",
    "admin_code3": "",
    "latitude": "18.3957",
    "longitude": "-71.8563",
    "accuracy": "4"
  },
  {
    "country_code": "HT",
    "postal_code": "HT6410",
    "place_name": "Arcahaie",
    "admin_name1": "Ouest",
    "admin_code1": "11",
    "admin_name2": "",
    "admin_code2": "",
    "admin_name3": "",
    "admin_code3": "",
    "latitude": "18.7702",
    "longitude": "-72.5123",
    "accuracy": "4"
  },
  {
    "country_code": "HT",
    "postal_code": "HT6411",
    "place_name": "Saintard",
    "admin_name1": "Ouest",
    "admin_code1": "11",
    "admin_name2": "",
    "admin_code2": "",
    "admin_name3": "",
    "admin_code3": "",
    "latitude": "18.8253",
    "longitude": "-72.5496",
    "accuracy": "4"
  },
  {
    "country_code": "HT",
    "postal_code": "HT6420",
    "place_name": "Cabaret",
    "admin_name1": "Ouest",
    "admin_code1": "11",
    "admin_name2": "",
    "admin_code2": "",
    "admin_name3": "",
    "admin_code3": "",
    "latitude": "18.7358",
    "longitude": "-72.4193",
    "accuracy": "4"
  },
  {
    "country_code": "HT",
    "postal_code": "HT6421",
    "place_name": "Casale",
    "admin_name1": "Ouest",
    "admin_code1": "11",
    "admin_name2": "",
    "admin_code2": "",
    "admin_name3": "",
    "admin_code3": "",
    "latitude": "18.7999",
    "longitude": "-72.3828",
    "accuracy": "4"
  },
  {
    "country_code": "HT",
    "postal_code": "HT6510",
    "place_name": "Anse à Galets (La Gonâve)",
    "admin_name1": "Ouest",
    "admin_code1": "11",
    "admin_name2": "",
    "admin_code2": "",
    "admin_name3": "",
    "admin_code3": "",
    "latitude": "18.8345",
    "longitude": "-72.8664",
    "accuracy": "4"
  },
  {
    "country_code": "HT",
    "postal_code": "HT6520",
    "place_name": "Pointe à Raquette (La Gonâve)",
    "admin_name1": "Ouest",
    "admin_code1": "11",
    "admin_name2": "",
    "admin_code2": "",
    "admin_name3": "",
    "admin_code3": "",
    "latitude": "18.8345",
    "longitude": "-72.8664",
    "accuracy": "1"
  },
  {
    "country_code": "HT",
    "postal_code": "HT8110",
    "place_name": "Les Cayes",
    "admin_name1": "Sud",
    "admin_code1": "12",
    "admin_name2": "",
    "admin_code2": "",
    "admin_name3": "",
    "admin_code3": "",
    "latitude": "18.1933",
    "longitude": "-73.746",
    "accuracy": "4"
  },
  {
    "country_code": "HT",
    "postal_code": "HT8120",
    "place_name": "Torbeck",
    "admin_name1": "Sud",
    "admin_code1": "12",
    "admin_name2": "",
    "admin_code2": "",
    "admin_name3": "",
    "admin_code3": "",
    "latitude": "18.1634",
    "longitude": "-73.8095",
    "accuracy": "4"
  },
  {
    "country_code": "HT",
    "postal_code": "HT8121",
    "place_name": "puits Blain",
    "admin_name1": "Sud",
    "admin_code1": "12",
    "admin_name2": "",
    "admin_code2": "",
    "admin_name3": "",
    "admin_code3": "",
    "latitude": "18.1978",
    "longitude": "-73.847",
    "accuracy": "1"
  },
  {
    "country_code": "HT",
    "postal_code": "HT8122",
    "place_name": "Ducis",
    "admin_name1": "Sud",
    "admin_code1": "12",
    "admin_name2": "",
    "admin_code2": "",
    "admin_name3": "",
    "admin_code3": "",
    "latitude": "18.2323",
    "longitude": "-73.8846",
    "accuracy": "4"
  },
  {
    "country_code": "HT",
    "postal_code": "HT8130",
    "place_name": "Chantal",
    "admin_name1": "Sud",
    "admin_code1": "12",
    "admin_name2": "",
    "admin_code2": "",
    "admin_name3": "",
    "admin_code3": "",
    "latitude": "18.2017",
    "longitude": "-73.8896",
    "accuracy": "4"
  },
  {
    "country_code": "HT",
    "postal_code": "HT8140",
    "place_name": "Camp Perrin",
    "admin_name1": "Sud",
    "admin_code1": "12",
    "admin_name2": "",
    "admin_code2": "",
    "admin_name3": "",
    "admin_code3": "",
    "latitude": "18.3265",
    "longitude": "-73.8673",
    "accuracy": "4"
  },
  {
    "country_code": "HT",
    "postal_code": "HT8150",
    "place_name": "Maniche",
    "admin_name1": "Sud",
    "admin_code1": "12",
    "admin_name2": "",
    "admin_code2": "",
    "admin_name3": "",
    "admin_code3": "",
    "latitude": "18.345",
    "longitude": "-73.7772",
    "accuracy": "4"
  },
  {
    "country_code": "HT",
    "postal_code": "HT8160",
    "place_name": "L’Ïle à Vaches",
    "admin_name1": "Sud",
    "admin_code1": "12",
    "admin_name2": "",
    "admin_code2": "",
    "admin_name3": "",
    "admin_code3": "",
    "latitude": "18.2437",
    "longitude": "-73.829",
    "accuracy": "1"
  },
  {
    "country_code": "HT",
    "postal_code": "HT8210",
    "place_name": "Port-Salut",
    "admin_name1": "Sud",
    "admin_code1": "12",
    "admin_name2": "",
    "admin_code2": "",
    "admin_name3": "",
    "admin_code3": "",
    "latitude": "18.077",
    "longitude": "-73.9173",
    "accuracy": "4"
  },
  {
    "country_code": "HT",
    "postal_code": "HT8220",
    "place_name": "Saint Jean du Sud",
    "admin_name1": "Sud",
    "admin_code1": "12",
    "admin_name2": "",
    "admin_code2": "",
    "admin_name3": "",
    "admin_code3": "",
    "latitude": "18.0761",
    "longitude": "-73.8125",
    "accuracy": "4"
  },
  {
    "country_code": "HT",
    "postal_code": "HT8230",
    "place_name": "Arniquet",
    "admin_name1": "Sud",
    "admin_code1": "12",
    "admin_name2": "",
    "admin_code2": "",
    "admin_name3": "",
    "admin_code3": "",
    "latitude": "18.1167",
    "longitude": "-73.9167",
    "accuracy": "4"
  },
  {
    "country_code": "HT",
    "postal_code": "HT8310",
    "place_name": "Aquin",
    "admin_name1": "Sud",
    "admin_code1": "12",
    "admin_name2": "",
    "admin_code2": "",
    "admin_name3": "",
    "admin_code3": "",
    "latitude": "18.2797",
    "longitude": "-73.3943",
    "accuracy": "4"
  },
  {
    "country_code": "HT",
    "postal_code": "HT8311",
    "place_name": "Fond-Des-Blancs",
    "admin_name1": "Sud",
    "admin_code1": "12",
    "admin_name2": "",
    "admin_code2": "",
    "admin_name3": "",
    "admin_code3": "",
    "latitude": "18.2982",
    "longitude": "-73.3222",
    "accuracy": "1"
  },
  {
    "country_code": "HT",
    "postal_code": "HT8312",
    "place_name": "Vieux Bourg d’Aquin",
    "admin_name1": "Sud",
    "admin_code1": "12",
    "admin_name2": "",
    "admin_code2": "",
    "admin_name3": "",
    "admin_code3": "",
    "latitude": "18.2982",
    "longitude": "-73.3222",
    "accuracy": "1"
  },
  {
    "country_code": "HT",
    "postal_code": "HT8313",
    "place_name": "La Colline",
    "admin_name1": "Sud",
    "admin_code1": "12",
    "admin_name2": "",
    "admin_code2": "",
    "admin_name3": "",
    "admin_code3": "",
    "latitude": "18.3167",
    "longitude": "-73.25",
    "accuracy": "4"
  },
  {
    "country_code": "HT",
    "postal_code": "HT8320",
    "place_name": "Saint Louis du Sud",
    "admin_name1": "Sud",
    "admin_code1": "12",
    "admin_name2": "",
    "admin_code2": "",
    "admin_name3": "",
    "admin_code3": "",
    "latitude": "18.2624",
    "longitude": "-73.546",
    "accuracy": "4"
  },
  {
    "country_code": "HT",
    "postal_code": "HT8330",
    "place_name": "Cavaillon",
    "admin_name1": "Sud",
    "admin_code1": "12",
    "admin_name2": "",
    "admin_code2": "",
    "admin_name3": "",
    "admin_code3": "",
    "latitude": "18.2999",
    "longitude": "-73.6546",
    "accuracy": "4"
  },
  {
    "country_code": "HT",
    "postal_code": "HT8410",
    "place_name": "Côteaux",
    "admin_name1": "Sud",
    "admin_code1": "12",
    "admin_name2": "",
    "admin_code2": "",
    "admin_name3": "",
    "admin_code3": "",
    "latitude": "18.206",
    "longitude": "-74.0401",
    "accuracy": "4"
  },
  {
    "country_code": "HT",
    "postal_code": "HT8411",
    "place_name": "Damassin",
    "admin_name1": "Sud",
    "admin_code1": "12",
    "admin_name2": "",
    "admin_code2": "",
    "admin_name3": "",
    "admin_code3": "",
    "latitude": "18.2333",
    "longitude": "-74.0667",
    "accuracy": "4"
  },
  {
    "country_code": "HT",
    "postal_code": "HT8412",
    "place_name": "La Côte",
    "admin_name1": "Sud",
    "admin_code1": "12",
    "admin_name2": "",
    "admin_code2": "",
    "admin_name3": "",
    "admin_code3": "",
    "latitude": "18.2197",
    "longitude": "-74.0534",
    "accuracy": "1"
  },
  {
    "country_code": "HT",
    "postal_code": "HT8420",
    "place_name": "Port à Piment",
    "admin_name1": "Sud",
    "admin_code1": "12",
    "admin_name2": "",
    "admin_code2": "",
    "admin_name3": "",
    "admin_code3": "",
    "latitude": "18.2496",
    "longitude": "-74.0971",
    "accuracy": "4"
  },
  {
    "country_code": "HT",
    "postal_code": "HT8430",
    "place_name": "Roche à Bateau",
    "admin_name1": "Sud",
    "admin_code1": "12",
    "admin_name2": "",
    "admin_code2": "",
    "admin_name3": "",
    "admin_code3": "",
    "latitude": "18.1818",
    "longitude": "-74.0034",
    "accuracy": "4"
  },
  {
    "country_code": "HT",
    "postal_code": "HT8510",
    "place_name": "Chardonnières",
    "admin_name1": "Sud",
    "admin_code1": "12",
    "admin_name2": "",
    "admin_code2": "",
    "admin_name3": "",
    "admin_code3": "",
    "latitude": "18.2748",
    "longitude": "-74.1661",
    "accuracy": "4"
  },
  {
    "country_code": "HT",
    "postal_code": "HT8511",
    "place_name": "Randel",
    "admin_name1": "Sud",
    "admin_code1": "12",
    "admin_name2": "",
    "admin_code2": "",
    "admin_name3": "",
    "admin_code3": "",
    "latitude": "18.309",
    "longitude": "-74.1009",
    "accuracy": "4"
  },
  {
    "country_code": "HT",
    "postal_code": "HT8520",
    "place_name": "Les Anglais",
    "admin_name1": "Sud",
    "admin_code1": "12",
    "admin_name2": "",
    "admin_code2": "",
    "admin_name3": "",
    "admin_code3": "",
    "latitude": "18.3054",
    "longitude": "-74.2197",
    "accuracy": "4"
  },
  {
    "country_code": "HT",
    "postal_code": "HT8530",
    "place_name": "Tiburon",
    "admin_name1": "Sud",
    "admin_code1": "12",
    "admin_name2": "",
    "admin_code2": "",
    "admin_name3": "",
    "admin_code3": "",
    "latitude": "18.3259",
    "longitude": "-74.396",
    "accuracy": "4"
  },
  {
    "country_code": "HT",
    "postal_code": "HT8531",
    "place_name": "Cahonane",
    "admin_name1": "Sud",
    "admin_code1": "12",
    "admin_name2": "",
    "admin_code2": "",
    "admin_name3": "",
    "admin_code3": "",
    "latitude": "18.3259",
    "longitude": "-74.396",
    "accuracy": "1"
  },
  {
    "country_code": "HT",
    "postal_code": "HT9110",
    "place_name": "Jacmel",
    "admin_name1": "Sud-Est",
    "admin_code1": "13",
    "admin_name2": "",
    "admin_code2": "",
    "admin_name3": "",
    "admin_code3": "",
    "latitude": "18.2343",
    "longitude": "-72.5354",
    "accuracy": "4"
  },
  {
    "country_code": "HT",
    "postal_code": "HT9111",
    "place_name": "Marbial",
    "admin_name1": "Sud-Est",
    "admin_code1": "13",
    "admin_name2": "",
    "admin_code2": "",
    "admin_name3": "",
    "admin_code3": "",
    "latitude": "18.3327",
    "longitude": "-72.4661",
    "accuracy": "4"
  },
  {
    "country_code": "HT",
    "postal_code": "HT9120",
    "place_name": "Marigot",
    "admin_name1": "Sud-Est",
    "admin_code1": "13",
    "admin_name2": "",
    "admin_code2": "",
    "admin_name3": "",
    "admin_code3": "",
    "latitude": "18.2317",
    "longitude": "-72.3229",
    "accuracy": "4"
  },
  {
    "country_code": "HT",
    "postal_code": "HT9121",
    "place_name": "Seguin",
    "admin_name1": "Sud-Est",
    "admin_code1": "13",
    "admin_name2": "",
    "admin_code2": "",
    "admin_name3": "",
    "admin_code3": "",
    "latitude": "18.2833",
    "longitude": "-72.3667",
    "accuracy": "4"
  },
  {
    "country_code": "HT",
    "postal_code": "HT9130",
    "place_name": "Cayes Jacmel",
    "admin_name1": "Sud-Est",
    "admin_code1": "13",
    "admin_name2": "",
    "admin_code2": "",
    "admin_name3": "",
    "admin_code3": "",
    "latitude": "18.2311",
    "longitude": "-72.3954",
    "accuracy": "4"
  },
  {
    "country_code": "HT",
    "postal_code": "HT9140",
    "place_name": "La Vallée de Jacmel",
    "admin_name1": "Sud-Est",
    "admin_code1": "13",
    "admin_name2": "",
    "admin_code2": "",
    "admin_name3": "",
    "admin_code3": "",
    "latitude": "18.2694",
    "longitude": "-72.667",
    "accuracy": "4"
  },
  {
    "country_code": "HT",
    "postal_code": "HT9210",
    "place_name": "Bainet",
    "admin_name1": "Sud-Est",
    "admin_code1": "13",
    "admin_name2": "",
    "admin_code2": "",
    "admin_name3": "",
    "admin_code3": "",
    "latitude": "18.184",
    "longitude": "-72.7523",
    "accuracy": "4"
  },
  {
    "country_code": "HT",
    "postal_code": "HT9220",
    "place_name": "Côtes de Fer",
    "admin_name1": "Sud-Est",
    "admin_code1": "13",
    "admin_name2": "",
    "admin_code2": "",
    "admin_name3": "",
    "admin_code3": "",
    "latitude": "18.1887",
    "longitude": "-73.0029",
    "accuracy": "4"
  },
  {
    "country_code": "HT",
    "postal_code": "HT9310",
    "place_name": "Belle-Anse",
    "admin_name1": "Sud-Est",
    "admin_code1": "13",
    "admin_name2": "",
    "admin_code2": "",
    "admin_name3": "",
    "admin_code3": "",
    "latitude": "18.2377",
    "longitude": "-72.0664",
    "accuracy": "4"
  },
  {
    "country_code": "HT",
    "postal_code": "HT9311",
    "place_name": "Mapou",
    "admin_name1": "Sud-Est",
    "admin_code1": "13",
    "admin_name2": "",
    "admin_code2": "",
    "admin_name3": "",
    "admin_code3": "",
    "latitude": "18.3",
    "longitude": "-72.05",
    "accuracy": "4"
  },
  {
    "country_code": "HT",
    "postal_code": "HT9320",
    "place_name": "Grand Gosier",
    "admin_name1": "Sud-Est",
    "admin_code1": "13",
    "admin_name2": "",
    "admin_code2": "",
    "admin_name3": "",
    "admin_code3": "",
    "latitude": "18.1854",
    "longitude": "-71.9182",
    "accuracy": "4"
  },
  {
    "country_code": "HT",
    "postal_code": "HT9321",
    "place_name": "Bodarie",
    "admin_name1": "Sud-Est",
    "admin_code1": "13",
    "admin_name2": "",
    "admin_code2": "",
    "admin_name3": "",
    "admin_code3": "",
    "latitude": "18.2569",
    "longitude": "-71.8988",
    "accuracy": "4"
  },
  {
    "country_code": "HT",
    "postal_code": "HT9330",
    "place_name": "Thiotte",
    "admin_name1": "Sud-Est",
    "admin_code1": "13",
    "admin_name2": "",
    "admin_code2": "",
    "admin_name3": "",
    "admin_code3": "",
    "latitude": "18.2438",
    "longitude": "-71.8416",
    "accuracy": "4"
  },
  {
    "country_code": "HT",
    "postal_code": "HT9340",
    "place_name": "Anse à Pitre",
    "admin_name1": "Sud-Est",
    "admin_code1": "13",
    "admin_name2": "",
    "admin_code2": "",
    "admin_name3": "",
    "admin_code3": "",
    "latitude": "18.05",
    "longitude": "-71.75",
    "accuracy": "4"
  },
  {
    "country_code": "HT",
    "postal_code": "HT9341",
    "place_name": "Banane",
    "admin_name1": "Sud-Est",
    "admin_code1": "13",
    "admin_name2": "",
    "admin_code2": "",
    "admin_name3": "",
    "admin_code3": "",
    "latitude": "18.1428",
    "longitude": "-71.7612",
    "accuracy": "4"
  },
  {
    "country_code": "HT",
    "postal_code": "HT7110",
    "place_name": "Jérémie",
    "admin_name1": "Grande Anse",
    "admin_code1": "14",
    "admin_name2": "",
    "admin_code2": "",
    "admin_name3": "",
    "admin_code3": "",
    "latitude": "18.65",
    "longitude": "-74.1167",
    "accuracy": "4"
  },
  {
    "country_code": "HT",
    "postal_code": "HT7111",
    "place_name": "Léon",
    "admin_name1": "Grande Anse",
    "admin_code1": "14",
    "admin_name2": "",
    "admin_code2": "",
    "admin_name3": "",
    "admin_code3": "",
    "latitude": "18.6162",
    "longitude": "-74.1674",
    "accuracy": "1"
  },
  {
    "country_code": "HT",
    "postal_code": "HT7112",
    "place_name": "Marfranc",
    "admin_name1": "Grande Anse",
    "admin_code1": "14",
    "admin_name2": "",
    "admin_code2": "",
    "admin_name3": "",
    "admin_code3": "",
    "latitude": "18.5825",
    "longitude": "-74.2182",
    "accuracy": "4"
  },
  {
    "country_code": "HT",
    "postal_code": "HT7120",
    "place_name": "Abricots",
    "admin_name1": "Grande Anse",
    "admin_code1": "14",
    "admin_name2": "",
    "admin_code2": "",
    "admin_name3": "",
    "admin_code3": "",
    "latitude": "18.649",
    "longitude": "-74.3079",
    "accuracy": "4"
  },
  {
    "country_code": "HT",
    "postal_code": "HT7130",
    "place_name": "Bonbon",
    "admin_name1": "Grande Anse",
    "admin_code1": "14",
    "admin_name2": "",
    "admin_code2": "",
    "admin_name3": "",
    "admin_code3": "",
    "latitude": "18.6655",
    "longitude": "-74.2451",
    "accuracy": "4"
  },
  {
    "country_code": "HT",
    "postal_code": "HT7140",
    "place_name": "Moron",
    "admin_name1": "Grande Anse",
    "admin_code1": "14",
    "admin_name2": "",
    "admin_code2": "",
    "admin_name3": "",
    "admin_code3": "",
    "latitude": "18.5604",
    "longitude": "-74.2578",
    "accuracy": "4"
  },
  {
    "country_code": "HT",
    "postal_code": "HT7141",
    "place_name": "Sources Chaudes",
    "admin_name1": "Grande Anse",
    "admin_code1": "14",
    "admin_name2": "",
    "admin_code2": "",
    "admin_name3": "",
    "admin_code3": "",
    "latitude": "18.4839",
    "longitude": "-74.2867",
    "accuracy": "4"
  },
  {
    "country_code": "HT",
    "postal_code": "HT7150",
    "place_name": "Chambellan",
    "admin_name1": "Grande Anse",
    "admin_code1": "14",
    "admin_name2": "",
    "admin_code2": "",
    "admin_name3": "",
    "admin_code3": "",
    "latitude": "18.5504",
    "longitude": "-74.3132",
    "accuracy": "4"
  },
  {
    "country_code": "HT",
    "postal_code": "HT7210",
    "place_name": "Anse-d’Hainault",
    "admin_name1": "Grande Anse",
    "admin_code1": "14",
    "admin_name2": "",
    "admin_code2": "",
    "admin_name3": "",
    "admin_code3": "",
    "latitude": "18.4882",
    "longitude": "-74.4216",
    "accuracy": "1"
  },
  {
    "country_code": "HT",
    "postal_code": "HT7220",
    "place_name": "Dame-Marie",
    "admin_name1": "Grande Anse",
    "admin_code1": "14",
    "admin_name2": "",
    "admin_code2": "",
    "admin_name3": "",
    "admin_code3": "",
    "latitude": "18.5611",
    "longitude": "-74.4217",
    "accuracy": "4"
  },
  {
    "country_code": "HT",
    "postal_code": "HT7221",
    "place_name": "Lesson",
    "admin_name1": "Grande Anse",
    "admin_code1": "14",
    "admin_name2": "",
    "admin_code2": "",
    "admin_name3": "",
    "admin_code3": "",
    "latitude": "18.6167",
    "longitude": "-74.3667",
    "accuracy": "4"
  },
  {
    "country_code": "HT",
    "postal_code": "HT7230",
    "place_name": "Les Irois",
    "admin_name1": "Grande Anse",
    "admin_code1": "14",
    "admin_name2": "",
    "admin_code2": "",
    "admin_name3": "",
    "admin_code3": "",
    "latitude": "18.4049",
    "longitude": "-74.4528",
    "accuracy": "4"
  },
  {
    "country_code": "HT",
    "postal_code": "HT7231",
    "place_name": "Carcasse",
    "admin_name1": "Grande Anse",
    "admin_code1": "14",
    "admin_name2": "",
    "admin_code2": "",
    "admin_name3": "",
    "admin_code3": "",
    "latitude": "18.3703",
    "longitude": "-74.4453",
    "accuracy": "4"
  },
  {
    "country_code": "HT",
    "postal_code": "HT7310",
    "place_name": "Corail",
    "admin_name1": "Grande Anse",
    "admin_code1": "14",
    "admin_name2": "",
    "admin_code2": "",
    "admin_name3": "",
    "admin_code3": "",
    "latitude": "18.5677",
    "longitude": "-73.8894",
    "accuracy": "4"
  },
  {
    "country_code": "HT",
    "postal_code": "HT7320",
    "place_name": "Roseaux",
    "admin_name1": "Grande Anse",
    "admin_code1": "14",
    "admin_name2": "",
    "admin_code2": "",
    "admin_name3": "",
    "admin_code3": "",
    "latitude": "18.6006",
    "longitude": "-74.0195",
    "accuracy": "4"
  },
  {
    "country_code": "HT",
    "postal_code": "HT7330",
    "place_name": "Beaumont",
    "admin_name1": "Grande Anse",
    "admin_code1": "14",
    "admin_name2": "",
    "admin_code2": "",
    "admin_name3": "",
    "admin_code3": "",
    "latitude": "18.4787",
    "longitude": "-73.9564",
    "accuracy": "4"
  },
  {
    "country_code": "HT",
    "postal_code": "HT7340",
    "place_name": "Pestel",
    "admin_name1": "Grande Anse",
    "admin_code1": "14",
    "admin_name2": "",
    "admin_code2": "",
    "admin_name3": "",
    "admin_code3": "",
    "latitude": "18.5413",
    "longitude": "-73.7952",
    "accuracy": "4"
  },
  {
    "country_code": "HT",
    "postal_code": "HT7410",
    "place_name": "Miragoâne",
    "admin_name1": "Nippes",
    "admin_code1": "15",
    "admin_name2": "",
    "admin_code2": "",
    "admin_name3": "",
    "admin_code3": "",
    "latitude": "18.446",
    "longitude": "-73.0896",
    "accuracy": "4"
  },
  {
    "country_code": "HT",
    "postal_code": "HT7411",
    "place_name": "Saint-Michel-du-Sud",
    "admin_name1": "Nippes",
    "admin_code1": "15",
    "admin_name2": "",
    "admin_code2": "",
    "admin_name3": "",
    "admin_code3": "",
    "latitude": "18.3732",
    "longitude": "-73.1167",
    "accuracy": "4"
  },
  {
    "country_code": "HT",
    "postal_code": "HT7412",
    "place_name": "Paillant",
    "admin_name1": "Nippes",
    "admin_code1": "15",
    "admin_name2": "",
    "admin_code2": "",
    "admin_name3": "",
    "admin_code3": "",
    "latitude": "18.4176",
    "longitude": "-73.1457",
    "accuracy": "4"
  },
  {
    "country_code": "HT",
    "postal_code": "HT7413",
    "place_name": "Fonds-des-Nègres",
    "admin_name1": "Nippes",
    "admin_code1": "15",
    "admin_name2": "",
    "admin_code2": "",
    "admin_name3": "",
    "admin_code3": "",
    "latitude": "18.4123",
    "longitude": "-73.1173",
    "accuracy": "1"
  },
  {
    "country_code": "HT",
    "postal_code": "HT7420",
    "place_name": "Petite-Rivière-de-Nippes",
    "admin_name1": "Nippes",
    "admin_code1": "15",
    "admin_name2": "",
    "admin_code2": "",
    "admin_name3": "",
    "admin_code3": "",
    "latitude": "18.4761",
    "longitude": "-73.2349",
    "accuracy": "4"
  },
  {
    "country_code": "HT",
    "postal_code": "HT7510",
    "place_name": "Anse-à-Veau",
    "admin_name1": "Nippes",
    "admin_code1": "15",
    "admin_name2": "",
    "admin_code2": "",
    "admin_name3": "",
    "admin_code3": "",
    "latitude": "18.4863",
    "longitude": "-73.5382",
    "accuracy": "1"
  },
  {
    "country_code": "HT",
    "postal_code": "HT7520",
    "place_name": "Baradères",
    "admin_name1": "Nippes",
    "admin_code1": "15",
    "admin_name2": "",
    "admin_code2": "",
    "admin_name3": "",
    "admin_code3": "",
    "latitude": "18.4826",
    "longitude": "-73.6388",
    "accuracy": "4"
  },
  {
    "country_code": "HT",
    "postal_code": "HT7521",
    "place_name": "Grand-Boucan",
    "admin_name1": "Nippes",
    "admin_code1": "15",
    "admin_name2": "",
    "admin_code2": "",
    "admin_name3": "",
    "admin_code3": "",
    "latitude": "18.5535",
    "longitude": "-73.5915",
    "accuracy": "4"
  },
  {
    "country_code": "HT",
    "postal_code": "HT7530",
    "place_name": "Petit-Trou-de-Nippes",
    "admin_name1": "Nippes",
    "admin_code1": "15",
    "admin_name2": "",
    "admin_code2": "",
    "admin_name3": "",
    "admin_code3": "",
    "latitude": "18.5254",
    "longitude": "-73.5081",
    "accuracy": "4"
  },
  {
    "country_code": "HT",
    "postal_code": "HT7540",
    "place_name": "L’Asile",
    "admin_name1": "Nippes",
    "admin_code1": "15",
    "admin_name2": "",
    "admin_code2": "",
    "admin_name3": "",
    "admin_code3": "",
    "latitude": "18.384",
    "longitude": "-73.4144",
    "accuracy": "4"
  }
]