[
  {
    "country_code": "IE",
    "postal_code": "F12",
    "place_name": "Knock",
    "admin_name1": "Connacht",
    "admin_code1": "C",
    "admin_name2": "",
    "admin_code2": "",
    "admin_name3": "",
    "admin_code3": "",
    "latitude": "53.7939",
    "longitude": "-8.9196",
    "accuracy": "4"
  },
  {
    "country_code": "IE",
    "postal_code": "F23",
    "place_name": "Castlebar",
    "admin_name1": "Connacht",
    "admin_code1": "C",
    "admin_name2": "",
    "admin_code2": "",
    "admin_name3": "",
    "admin_code3": "",
    "latitude": "53.85",
    "longitude": "-9.3",
    "accuracy": "4"
  },
  {
    "country_code": "IE",
    "postal_code": "F26",
    "place_name": "Ballina",
    "admin_name1": "Connacht",
    "admin_code1": "C",
    "admin_name2": "",
    "admin_code2": "",
    "admin_name3": "",
    "admin_code3": "",
    "latitude": "54.1167",
    "longitude": "-9.1667",
    "accuracy": "4"
  },
  {
    "country_code": "IE",
    "postal_code": "F28",
    "place_name": "Westport",
    "admin_name1": "Connacht",
    "admin_code1": "C",
    "admin_name2": "",
    "admin_code2": "",
    "admin_name3": "",
    "admin_code3": "",
    "latitude": "53.8",
    "longitude": "-9.5167",
    "accuracy": "4"
  },
  {
    "country_code": "IE",
    "postal_code": "F31",
    "place_name": "Ballinrobe",
    "admin_name1": "Connacht",
    "admin_code1": "C",
    "admin_name2": "",
    "admin_code2": "",
    "admin_name3": "",
    "admin_code3": "",
    "latitude": "53.6333",
    "longitude": "-9.2333",
    "accuracy": "4"
  },
  {
    "country_code": "IE",
    "postal_code": "F35",
    "place_name": "Ballyhaunis",
    "admin_name1": "Connacht",
    "admin_code1": "C",
    "admin_name2": "",
    "admin_code2": "",
    "admin_name3": "",
    "admin_code3": "",
    "latitude": "53.7667",
    "longitude": "-8.7667",
    "accuracy": "4"
  },
  {
    "country_code": "IE",
    "postal_code": "F42",
    "place_name": "Roscommon",
    "admin_name1": "Connacht",
    "admin_code1": "C",
    "admin_name2": "",
    "admin_code2": "",
    "admin_name3": "",
    "admin_code3": "",
    "latitude": "53.6333",
    "longitude": "-8.1833",
    "accuracy": "4"
  },
  {
    "country_code": "IE",
    "postal_code": "F45",
    "place_name": "Castlerea",
    "admin_name1": "Connacht",
    "admin_code1": "C",
    "admin_name2": "",
    "admin_code2": "",
    "admin_name3": "",
    "admin_code3": "",
    "latitude": "53.7667",
    "longitude": "-8.5",
    "accuracy": "4"
  },
  {
    "country_code": "IE",
    "postal_code": "F52",
    "place_name": "Boyle",
    "admin_name1": "Connacht",
    "admin_code1": "C",
    "admin_name2": "",
    "admin_code2": "",
    "admin_name3": "",
    "admin_code3": "",
    "latitude": "53.9667",
    "longitude": "-8.3",
    "accuracy": "4"
  },
  {
    "country_code": "IE",
    "postal_code": "F56",
    "place_name": "Ballymote",
    "admin_name1": "Connacht",
    "admin_code1": "C",
    "admin_name2": "",
    "admin_code2": "",
    "admin_name3": "",
    "admin_code3": "",
    "latitude": "54.0833",
    "longitude": "-8.5167",
    "accuracy": "4"
  },
  {
    "country_code": "IE",
    "postal_code": "F91",
    "place_name": "Sligo",
    "admin_name1": "Connacht",
    "admin_code1": "C",
    "admin_name2": "",
    "admin_code2": "",
    "admin_name3": "",
    "admin_code3": "",
    "latitude": "54.2697",
    "longitude": "-8.4694",
    "accuracy": "4"
  },
  {
    "country_code": "IE",
    "postal_code": "H53",
    "place_name": "Ballinasloe",
    "admin_name1": "Connacht",
    "admin_code1": "C",
    "admin_name2": "",
    "admin_code2": "",
    "admin_name3": "",
    "admin_code3": "",
    "latitude": "53.3275",
    "longitude": "-8.2194",
    "accuracy": "4"
  },
  {
    "country_code": "IE",
    "postal_code": "H54",
    "place_name": "Tuam",
    "admin_name1": "Connacht",
    "admin_code1": "C",
    "admin_name2": "",
    "admin_code2": "",
    "admin_name3": "",
    "admin_code3": "",
    "latitude": "53.5167",
    "longitude": "-8.85",
    "accuracy": "4"
  },
  {
    "country_code": "IE",
    "postal_code": "H62",
    "place_name": "Loughrea",
    "admin_name1": "Connacht",
    "admin_code1": "C",
    "admin_name2": "",
    "admin_code2": "",
    "admin_name3": "",
    "admin_code3": "",
    "latitude": "53.1969",
    "longitude": "-8.5669",
    "accuracy": "4"
  },
  {
    "country_code": "IE",
    "postal_code": "H65",
    "place_name": "Athenry",
    "admin_name1": "Connacht",
    "admin_code1": "C",
    "admin_name2": "",
    "admin_code2": "",
    "admin_name3": "",
    "admin_code3": "",
    "latitude": "53.2964",
    "longitude": "-8.7431",
    "accuracy": "4"
  },
  {
    "country_code": "IE",
    "postal_code": "H71",
    "place_name": "Clifden",
    "admin_name1": "Connacht",
    "admin_code1": "C",
    "admin_name2": "",
    "admin_code2": "",
    "admin_name3": "",
    "admin_code3": "",
    "latitude": "53.4891",
    "longitude": "-10.0191",
    "accuracy": "4"
  },
  {
    "country_code": "IE",
    "postal_code": "H91",
    "place_name": "Galway",
    "admin_name1": "Connacht",
    "admin_code1": "C",
    "admin_name2": "",
    "admin_code2": "",
    "admin_name3": "",
    "admin_code3": "",
    "latitude": "53.2719",
    "longitude": "-9.0489",
    "accuracy": "4"
  },
  {
    "country_code": "IE",
    "postal_code": "N41",
    "place_name": "Carrick On Shannon",
    "admin_name1": "Connacht",
    "admin_code1": "C",
    "admin_name2": "",
    "admin_code2": "",
    "admin_name3": "",
    "admin_code3": "",
    "latitude": "53.9469",
    "longitude": "-8.09",
    "accuracy": "4"
  },
  {
    "country_code": "IE",
    "postal_code": "A41",
    "place_name": "Ballyboughal",
    "admin_name1": "Leinster",
    "admin_code1": "L",
    "admin_name2": "",
    "admin_code2": "",
    "admin_name3": "",
    "admin_code3": "",
    "latitude": "53.5195",
    "longitude": "-6.2667",
    "accuracy": "4"
  },
  {
    "country_code": "IE",
    "postal_code": "A42",
    "place_name": "Garristown",
    "admin_name1": "Leinster",
    "admin_code1": "L",
    "admin_name2": "",
    "admin_code2": "",
    "admin_name3": "",
    "admin_code3": "",
    "latitude": "53.5661",
    "longitude": "-6.3856",
    "accuracy": "4"
  },
  {
    "country_code": "IE",
    "postal_code": "A45",
    "place_name": "Oldtown",
    "admin_name1": "Leinster",
    "admin_code1": "L",
    "admin_name2": "",
    "admin_code2": "",
    "admin_name3": "",
    "admin_code3": "",
    "latitude": "53.5253",
    "longitude": "-6.3156",
    "accuracy": "4"
  },
  {
    "country_code": "IE",
    "postal_code": "A63",
    "place_name": "Greystones",
    "admin_name1": "Leinster",
    "admin_code1": "L",
    "admin_name2": "",
    "admin_code2": "",
    "admin_name3": "",
    "admin_code3": "",
    "latitude": "53.1408",
    "longitude": "-6.0631",
    "accuracy": "4"
  },
  {
    "country_code": "IE",
    "postal_code": "A67",
    "place_name": "Wicklow",
    "admin_name1": "Leinster",
    "admin_code1": "L",
    "admin_name2": "",
    "admin_code2": "",
    "admin_name3": "",
    "admin_code3": "",
    "latitude": "52.975",
    "longitude": "-6.0494",
    "accuracy": "4"
  },
  {
    "country_code": "IE",
    "postal_code": "A82",
    "place_name": "Kells",
    "admin_name1": "Leinster",
    "admin_code1": "L",
    "admin_name2": "",
    "admin_code2": "",
    "admin_name3": "",
    "admin_code3": "",
    "latitude": "53.7264",
    "longitude": "-6.8792",
    "accuracy": "4"
  },
  {
    "country_code": "IE",
    "postal_code": "A83",
    "place_name": "Enfield",
    "admin_name1": "Leinster",
    "admin_code1": "L",
    "admin_name2": "",
    "admin_code2": "",
    "admin_name3": "",
    "admin_code3": "",
    "latitude": "53.4142",
    "longitude": "-6.8323",
    "accuracy": "4"
  },
  {
    "country_code": "IE",
    "postal_code": "A84",
    "place_name": "Ashbourne",
    "admin_name1": "Leinster",
    "admin_code1": "L",
    "admin_name2": "",
    "admin_code2": "",
    "admin_name3": "",
    "admin_code3": "",
    "latitude": "53.5116",
    "longitude": "-6.3982",
    "accuracy": "4"
  },
  {
    "country_code": "IE",
    "postal_code": "A85",
    "place_name": "Dunshaughlin",
    "admin_name1": "Leinster",
    "admin_code1": "L",
    "admin_name2": "",
    "admin_code2": "",
    "admin_name3": "",
    "admin_code3": "",
    "latitude": "53.5125",
    "longitude": "-6.54",
    "accuracy": "4"
  },
  {
    "country_code": "IE",
    "postal_code": "A86",
    "place_name": "Dunboyne",
    "admin_name1": "Leinster",
    "admin_code1": "L",
    "admin_name2": "",
    "admin_code2": "",
    "admin_name3": "",
    "admin_code3": "",
    "latitude": "53.4",
    "longitude": "-6.4667",
    "accuracy": "4"
  },
  {
    "country_code": "IE",
    "postal_code": "A91",
    "place_name": "Dundalk",
    "admin_name1": "Leinster",
    "admin_code1": "L",
    "admin_name2": "",
    "admin_code2": "",
    "admin_name3": "",
    "admin_code3": "",
    "latitude": "54",
    "longitude": "-6.4167",
    "accuracy": "4"
  },
  {
    "country_code": "IE",
    "postal_code": "A92",
    "place_name": "Drogheda",
    "admin_name1": "Leinster",
    "admin_code1": "L",
    "admin_name2": "",
    "admin_code2": "",
    "admin_name3": "",
    "admin_code3": "",
    "latitude": "53.7189",
    "longitude": "-6.3478",
    "accuracy": "4"
  },
  {
    "country_code": "IE",
    "postal_code": "A94",
    "place_name": "Blackrock",
    "admin_name1": "Leinster",
    "admin_code1": "L",
    "admin_name2": "",
    "admin_code2": "",
    "admin_name3": "",
    "admin_code3": "",
    "latitude": "53.3015",
    "longitude": "-6.1778",
    "accuracy": "4"
  },
  {
    "country_code": "IE",
    "postal_code": "A96",
    "place_name": "Dun Laoghaire",
    "admin_name1": "Leinster",
    "admin_code1": "L",
    "admin_name2": "",
    "admin_code2": "",
    "admin_name3": "",
    "admin_code3": "",
    "latitude": "53.294",
    "longitude": "-6.1359",
    "accuracy": "4"
  },
  {
    "country_code": "IE",
    "postal_code": "A98",
    "place_name": "Bray",
    "admin_name1": "Leinster",
    "admin_code1": "L",
    "admin_name2": "",
    "admin_code2": "",
    "admin_name3": "",
    "admin_code3": "",
    "latitude": "53.2028",
    "longitude": "-6.0983",
    "accuracy": "4"
  },
  {
    "country_code": "IE",
    "postal_code": "C15",
    "place_name": "Trim",
    "admin_name1": "Leinster",
    "admin_code1": "L",
    "admin_name2": "",
    "admin_code2": "",
    "admin_name3": "",
    "admin_code3": "",
    "latitude": "53.555",
    "longitude": "-6.7917",
    "accuracy": "4"
  },
  {
    "country_code": "IE",
    "postal_code": "D01",
    "place_name": "Dublin 1",
    "admin_name1": "Leinster",
    "admin_code1": "L",
    "admin_name2": "",
    "admin_code2": "",
    "admin_name3": "",
    "admin_code3": "",
    "latitude": "53.354",
    "longitude": "-6.2545",
    "accuracy": ""
  },
  {
    "country_code": "IE",
    "postal_code": "D02",
    "place_name": "Dublin 2",
    "admin_name1": "Leinster",
    "admin_code1": "L",
    "admin_name2": "",
    "admin_code2": "",
    "admin_name3": "",
    "admin_code3": "",
    "latitude": "53.34",
    "longitude": "-6.2543",
    "accuracy": ""
  },
  {
    "country_code": "IE",
    "postal_code": "D03",
    "place_name": "Dublin 3",
    "admin_name1": "Leinster",
    "admin_code1": "L",
    "admin_name2": "",
    "admin_code2": "",
    "admin_name3": "",
    "admin_code3": "",
    "latitude": "53.3645",
    "longitude": "-6.2378",
    "accuracy": ""
  },
  {
    "country_code": "IE",
    "postal_code": "D04",
    "place_name": "Dublin 4",
    "admin_name1": "Leinster",
    "admin_code1": "L",
    "admin_name2": "",
    "admin_code2": "",
    "admin_name3": "",
    "admin_code3": "",
    "latitude": "53.3334",
    "longitude": "-6.2335",
    "accuracy": ""
  },
  {
    "country_code": "IE",
    "postal_code": "D05",
    "place_name": "Dublin 5",
    "admin_name1": "Leinster",
    "admin_code1": "L",
    "admin_name2": "",
    "admin_code2": "",
    "admin_name3": "",
    "admin_code3": "",
    "latitude": "53.3842",
    "longitude": "-6.1921",
    "accuracy": ""
  },
  {
    "country_code": "IE",
    "postal_code": "D06",
    "place_name": "Dublin 6",
    "admin_name1": "Leinster",
    "admin_code1": "L",
    "admin_name2": "",
    "admin_code2": "",
    "admin_name3": "",
    "admin_code3": "",
    "latitude": "53.3088",
    "longitude": "-6.2631",
    "accuracy": ""
  },
  {
    "country_code": "IE",
    "postal_code": "D07",
    "place_name": "Dublin 7",
    "admin_name1": "Leinster",
    "admin_code1": "L",
    "admin_name2": "",
    "admin_code2": "",
    "admin_name3": "",
    "admin_code3": "",
    "latitude": "53.3615",
    "longitude": "-6.2918",
    "accuracy": ""
  },
  {
    "country_code": "IE",
    "postal_code": "D08",
    "place_name": "Dublin 8",
    "admin_name1": "Leinster",
    "admin_code1": "L",
    "admin_name2": "",
    "admin_code2": "",
    "admin_name3": "",
    "admin_code3": "",
    "latitude": "53.3346",
    "longitude": "-6.2733",
    "accuracy": ""
  },
  {
    "country_code": "IE",
    "postal_code": "D09",
    "place_name": "Dublin 9",
    "admin_name1": "Leinster",
    "admin_code1": "L",
    "admin_name2": "",
    "admin_code2": "",
    "admin_name3": "",
    "admin_code3": "",
    "latitude": "53.3818",
    "longitude": "-6.2465",
    "accuracy": ""
  },
  {
    "country_code": "IE",
    "postal_code": "D10",
    "place_name": "Dublin 10",
    "admin_name1": "Leinster",
    "admin_code1": "L",
    "admin_name2": "",
    "admin_code2": "",
    "admin_name3": "",
    "admin_code3": "",
    "latitude": "53.3409",
    "longitude": "-6.3545",
    "accuracy": ""
  },
  {
    "country_code": "IE",
    "postal_code": "D11",
    "place_name": "Dublin 11",
    "admin_name1": "Leinster",
    "admin_code1": "L",
    "admin_name2": "",
    "admin_code2": "",
    "admin_name3": "",
    "admin_code3": "",
    "latitude": "53.3899",
    "longitude": "-6.293",
    "accuracy": ""
  },
  {
    "country_code": "IE",
    "postal_code": "D12",
    "place_name": "Dublin 12",
    "admin_name1": "Leinster",
    "admin_code1": "L",
    "admin_name2": "",
    "admin_code2": "",
    "admin_name3": "",
    "admin_code3": "",
    "latitude": "53.322",
    "longitude": "-6.3165",
    "accuracy": ""
  },
  {
    "country_code": "IE",
    "postal_code": "D13",
    "place_name": "Dublin 13",
    "admin_name1": "Leinster",
    "admin_code1": "L",
    "admin_name2": "",
    "admin_code2": "",
    "admin_name3": "",
    "admin_code3": "",
    "latitude": "53.3946",
    "longitude": "-6.1495",
    "accuracy": ""
  },
  {
    "country_code": "IE",
    "postal_code": "D14",
    "place_name": "Dublin 14",
    "admin_name1": "Leinster",
    "admin_code1": "L",
    "admin_name2": "",
    "admin_code2": "",
    "admin_name3": "",
    "admin_code3": "",
    "latitude": "53.296",
    "longitude": "-6.2593",
    "accuracy": ""
  },
  {
    "country_code": "IE",
    "postal_code": "D15",
    "place_name": "Dublin 15",
    "admin_name1": "Leinster",
    "admin_code1": "L",
    "admin_name2": "",
    "admin_code2": "",
    "admin_name3": "",
    "admin_code3": "",
    "latitude": "53.3832",
    "longitude": "-6.4165",
    "accuracy": ""
  },
  {
    "country_code": "IE",
    "postal_code": "D16",
    "place_name": "Dublin 16",
    "admin_name1": "Leinster",
    "admin_code1": "L",
    "admin_name2": "",
    "admin_code2": "",
    "admin_name3": "",
    "admin_code3": "",
    "latitude": "53.3419",
    "longitude": "-6.279",
    "accuracy": ""
  },
  {
    "country_code": "IE",
    "postal_code": "D17",
    "place_name": "Dublin 17",
    "admin_name1": "Leinster",
    "admin_code1": "L",
    "admin_name2": "",
    "admin_code2": "",
    "admin_name3": "",
    "admin_code3": "",
    "latitude": "53.4006",
    "longitude": "-6.2058",
    "accuracy": ""
  },
  {
    "country_code": "IE",
    "postal_code": "D18",
    "place_name": "Dublin 18",
    "admin_name1": "Leinster",
    "admin_code1": "L",
    "admin_name2": "",
    "admin_code2": "",
    "admin_name3": "",
    "admin_code3": "",
    "latitude": "53.2469",
    "longitude": "-6.1774",
    "accuracy": ""
  },
  {
    "country_code": "IE",
    "postal_code": "D20",
    "place_name": "Dublin 20",
    "admin_name1": "Leinster",
    "admin_code1": "L",
    "admin_name2": "",
    "admin_code2": "",
    "admin_name3": "",
    "admin_code3": "",
    "latitude": "53.3518",
    "longitude": "-6.3693",
    "accuracy": ""
  },
  {
    "country_code": "IE",
    "postal_code": "D22",
    "place_name": "Dublin 22",
    "admin_name1": "Leinster",
    "admin_code1": "L",
    "admin_name2": "",
    "admin_code2": "",
    "admin_name3": "",
    "admin_code3": "",
    "latitude": "53.3275",
    "longitude": "-6.4006",
    "accuracy": ""
  },
  {
    "country_code": "IE",
    "postal_code": "D24",
    "place_name": "Dublin 24",
    "admin_name1": "Leinster",
    "admin_code1": "L",
    "admin_name2": "",
    "admin_code2": "",
    "admin_name3": "",
    "admin_code3": "",
    "latitude": "53.2851",
    "longitude": "-6.3713",
    "accuracy": ""
  },
  {
    "country_code": "IE",
    "postal_code": "D6W",
    "place_name": "Dublin 6W",
    "admin_name1": "Leinster",
    "admin_code1": "L",
    "admin_name2": "",
    "admin_code2": "",
    "admin_name3": "",
    "admin_code3": "",
    "latitude": "53.3087",
    "longitude": "-6.3012",
    "accuracy": ""
  },
  {
    "country_code": "IE",
    "postal_code": "K32",
    "place_name": "Balbriggan",
    "admin_name1": "Leinster",
    "admin_code1": "L",
    "admin_name2": "",
    "admin_code2": "",
    "admin_name3": "",
    "admin_code3": "",
    "latitude": "53.6128",
    "longitude": "-6.1819",
    "accuracy": "4"
  },
  {
    "country_code": "IE",
    "postal_code": "K34",
    "place_name": "Skerries",
    "admin_name1": "Leinster",
    "admin_code1": "L",
    "admin_name2": "",
    "admin_code2": "",
    "admin_name3": "",
    "admin_code3": "",
    "latitude": "53.5828",
    "longitude": "-6.1083",
    "accuracy": "4"
  },
  {
    "country_code": "IE",
    "postal_code": "K36",
    "place_name": "Malahide",
    "admin_name1": "Leinster",
    "admin_code1": "L",
    "admin_name2": "",
    "admin_code2": "",
    "admin_name3": "",
    "admin_code3": "",
    "latitude": "53.4508",
    "longitude": "-6.1544",
    "accuracy": "4"
  },
  {
    "country_code": "IE",
    "postal_code": "K45",
    "place_name": "Lusk",
    "admin_name1": "Leinster",
    "admin_code1": "L",
    "admin_name2": "",
    "admin_code2": "",
    "admin_name3": "",
    "admin_code3": "",
    "latitude": "53.5274",
    "longitude": "-6.1642",
    "accuracy": "4"
  },
  {
    "country_code": "IE",
    "postal_code": "K56",
    "place_name": "Rush",
    "admin_name1": "Leinster",
    "admin_code1": "L",
    "admin_name2": "",
    "admin_code2": "",
    "admin_name3": "",
    "admin_code3": "",
    "latitude": "53.5242",
    "longitude": "-6.105",
    "accuracy": "4"
  },
  {
    "country_code": "IE",
    "postal_code": "K67",
    "place_name": "Swords",
    "admin_name1": "Leinster",
    "admin_code1": "L",
    "admin_name2": "",
    "admin_code2": "",
    "admin_name3": "",
    "admin_code3": "",
    "latitude": "53.4597",
    "longitude": "-6.2181",
    "accuracy": "4"
  },
  {
    "country_code": "IE",
    "postal_code": "K78",
    "place_name": "Lucan",
    "admin_name1": "Leinster",
    "admin_code1": "L",
    "admin_name2": "",
    "admin_code2": "",
    "admin_name3": "",
    "admin_code3": "",
    "latitude": "53.3574",
    "longitude": "-6.4486",
    "accuracy": "4"
  },
  {
    "country_code": "IE",
    "postal_code": "N37",
    "place_name": "Athlone",
    "admin_name1": "Leinster",
    "admin_code1": "L",
    "admin_name2": "",
    "admin_code2": "",
    "admin_name3": "",
    "admin_code3": "",
    "latitude": "53.4228",
    "longitude": "-7.9372",
    "accuracy": "4"
  },
  {
    "country_code": "IE",
    "postal_code": "N39",
    "place_name": "Longford",
    "admin_name1": "Leinster",
    "admin_code1": "L",
    "admin_name2": "",
    "admin_code2": "",
    "admin_name3": "",
    "admin_code3": "",
    "latitude": "53.7254",
    "longitude": "-7.7982",
    "accuracy": "4"
  },
  {
    "country_code": "IE",
    "postal_code": "N91",
    "place_name": "Mullingar",
    "admin_name1": "Leinster",
    "admin_code1": "L",
    "admin_name2": "",
    "admin_code2": "",
    "admin_name3": "",
    "admin_code3": "",
    "latitude": "53.5333",
    "longitude": "-7.35",
    "accuracy": "4"
  },
  {
    "country_code": "IE",
    "postal_code": "P14",
    "place_name": "Crookstown",
    "admin_name1": "Leinster",
    "admin_code1": "L",
    "admin_name2": "",
    "admin_code2": "",
    "admin_name3": "",
    "admin_code3": "",
    "latitude": "53.0153",
    "longitude": "-6.8106",
    "accuracy": "4"
  },
  {
    "country_code": "IE",
    "postal_code": "R14",
    "place_name": "Athy",
    "admin_name1": "Leinster",
    "admin_code1": "L",
    "admin_name2": "",
    "admin_code2": "",
    "admin_name3": "",
    "admin_code3": "",
    "latitude": "52.9914",
    "longitude": "-6.9803",
    "accuracy": "4"
  },
  {
    "country_code": "IE",
    "postal_code": "R21",
    "place_name": "Bagenalstown",
    "admin_name1": "Leinster",
    "admin_code1": "L",
    "admin_name2": "",
    "admin_code2": "",
    "admin_name3": "",
    "admin_code3": "",
    "latitude": "52.7003",
    "longitude": "-6.9618",
    "accuracy": "4"
  },
  {
    "country_code": "IE",
    "postal_code": "R32",
    "place_name": "Portlaoise",
    "admin_name1": "Leinster",
    "admin_code1": "L",
    "admin_name2": "",
    "admin_code2": "",
    "admin_name3": "",
    "admin_code3": "",
    "latitude": "53.0344",
    "longitude": "-7.2998",
    "accuracy": "4"
  },
  {
    "country_code": "IE",
    "postal_code": "R35",
    "place_name": "Tullamore",
    "admin_name1": "Leinster",
    "admin_code1": "L",
    "admin_name2": "",
    "admin_code2": "",
    "admin_name3": "",
    "admin_code3": "",
    "latitude": "53.2739",
    "longitude": "-7.4889",
    "accuracy": "4"
  },
  {
    "country_code": "IE",
    "postal_code": "R42",
    "place_name": "Birr",
    "admin_name1": "Leinster",
    "admin_code1": "L",
    "admin_name2": "",
    "admin_code2": "",
    "admin_name3": "",
    "admin_code3": "",
    "latitude": "53.0914",
    "longitude": "-7.9133",
    "accuracy": "4"
  },
  {
    "country_code": "IE",
    "postal_code": "R45",
    "place_name": "Edenderry",
    "admin_name1": "Leinster",
    "admin_code1": "L",
    "admin_name2": "",
    "admin_code2": "",
    "admin_name3": "",
    "admin_code3": "",
    "latitude": "53.3453",
    "longitude": "-7.0497",
    "accuracy": "4"
  },
  {
    "country_code": "IE",
    "postal_code": "R51",
    "place_name": "Kildare",
    "admin_name1": "Leinster",
    "admin_code1": "L",
    "admin_name2": "",
    "admin_code2": "",
    "admin_name3": "",
    "admin_code3": "",
    "latitude": "53.1561",
    "longitude": "-6.9144",
    "accuracy": "4"
  },
  {
    "country_code": "IE",
    "postal_code": "R56",
    "place_name": "Curragh",
    "admin_name1": "Leinster",
    "admin_code1": "L",
    "admin_name2": "",
    "admin_code2": "",
    "admin_name3": "",
    "admin_code3": "",
    "latitude": "53.1469",
    "longitude": "-6.8304",
    "accuracy": "4"
  },
  {
    "country_code": "IE",
    "postal_code": "R93",
    "place_name": "Carlow",
    "admin_name1": "Leinster",
    "admin_code1": "L",
    "admin_name2": "",
    "admin_code2": "",
    "admin_name3": "",
    "admin_code3": "",
    "latitude": "52.8408",
    "longitude": "-6.9261",
    "accuracy": "4"
  },
  {
    "country_code": "IE",
    "postal_code": "R95",
    "place_name": "Kilkenny",
    "admin_name1": "Leinster",
    "admin_code1": "L",
    "admin_name2": "",
    "admin_code2": "",
    "admin_name3": "",
    "admin_code3": "",
    "latitude": "52.6542",
    "longitude": "-7.2522",
    "accuracy": "4"
  },
  {
    "country_code": "IE",
    "postal_code": "W12",
    "place_name": "Newbridge",
    "admin_name1": "Leinster",
    "admin_code1": "L",
    "admin_name2": "",
    "admin_code2": "",
    "admin_name3": "",
    "admin_code3": "",
    "latitude": "53.1819",
    "longitude": "-6.7967",
    "accuracy": "4"
  },
  {
    "country_code": "IE",
    "postal_code": "W23",
    "place_name": "Maynooth",
    "admin_name1": "Leinster",
    "admin_code1": "L",
    "admin_name2": "",
    "admin_code2": "",
    "admin_name3": "",
    "admin_code3": "",
    "latitude": "53.385",
    "longitude": "-6.5936",
    "accuracy": "4"
  },
  {
    "country_code": "IE",
    "postal_code": "W34",
    "place_name": "Monasterevin",
    "admin_name1": "Leinster",
    "admin_code1": "L",
    "admin_name2": "",
    "admin_code2": "",
    "admin_name3": "",
    "admin_code3": "",
    "latitude": "53.1406",
    "longitude": "-7.0664",
    "accuracy": "4"
  },
  {
    "country_code": "IE",
    "postal_code": "W91",
    "place_name": "Naas",
    "admin_name1": "Leinster",
    "admin_code1": "L",
    "admin_name2": "",
    "admin_code2": "",
    "admin_name3": "",
    "admin_code3": "",
    "latitude": "53.2158",
    "longitude": "-6.6669",
    "accuracy": "4"
  },
  {
    "country_code": "IE",
    "postal_code": "Y14",
    "place_name": "Arklow",
    "admin_name1": "Leinster",
    "admin_code1": "L",
    "admin_name2": "",
    "admin_code2": "",
    "admin_name3": "",
    "admin_code3": "",
    "latitude": "52.7931",
    "longitude": "-6.1414",
    "accuracy": "4"
  },
  {
    "country_code": "IE",
    "postal_code": "Y21",
    "place_name": "Enniscorthy",
    "admin_name1": "Leinster",
    "admin_code1": "L",
    "admin_name2": "",
    "admin_code2": "",
    "admin_name3": "",
    "admin_code3": "",
    "latitude": "52.5008",
    "longitude": "-6.5578",
    "accuracy": "4"
  },
  {
    "country_code": "IE",
    "postal_code": "Y25",
    "place_name": "Gorey",
    "admin_name1": "Leinster",
    "admin_code1": "L",
    "admin_name2": "",
    "admin_code2": "",
    "admin_name3": "",
    "admin_code3": "",
    "latitude": "52.6747",
    "longitude": "-6.2925",
    "accuracy": "4"
  },
  {
    "country_code": "IE",
    "postal_code": "Y34",
    "place_name": "New Ross",
    "admin_name1": "Leinster",
    "admin_code1": "L",
    "admin_name2": "",
    "admin_code2": "",
    "admin_name3": "",
    "admin_code3": "",
    "latitude": "52.3967",
    "longitude": "-6.9367",
    "accuracy": "4"
  },
  {
    "country_code": "IE",
    "postal_code": "Y35",
    "place_name": "Wexford",
    "admin_name1": "Leinster",
    "admin_code1": "L",
    "admin_name2": "",
    "admin_code2": "",
    "admin_name3": "",
    "admin_code3": "",
    "latitude": "52.3342",
    "longitude": "-6.4575",
    "accuracy": "4"
  },
  {
    "country_code": "IE",
    "postal_code": "E21",
    "place_name": "Cahir",
    "admin_name1": "Munster",
    "admin_code1": "M",
    "admin_name2": "",
    "admin_code2": "",
    "admin_name3": "",
    "admin_code3": "",
    "latitude": "52.3769",
    "longitude": "-7.9217",
    "accuracy": "4"
  },
  {
    "country_code": "IE",
    "postal_code": "E25",
    "place_name": "Cashel",
    "admin_name1": "Munster",
    "admin_code1": "M",
    "admin_name2": "",
    "admin_code2": "",
    "admin_name3": "",
    "admin_code3": "",
    "latitude": "52.5158",
    "longitude": "-7.8856",
    "accuracy": "4"
  },
  {
    "country_code": "IE",
    "postal_code": "E32",
    "place_name": "Carrick on Suir",
    "admin_name1": "Munster",
    "admin_code1": "M",
    "admin_name2": "",
    "admin_code2": "",
    "admin_name3": "",
    "admin_code3": "",
    "latitude": "52.3492",
    "longitude": "-7.4131",
    "accuracy": "4"
  },
  {
    "country_code": "IE",
    "postal_code": "E34",
    "place_name": "Tipperary",
    "admin_name1": "Munster",
    "admin_code1": "M",
    "admin_name2": "",
    "admin_code2": "",
    "admin_name3": "",
    "admin_code3": "",
    "latitude": "52.4733",
    "longitude": "-8.1558",
    "accuracy": "4"
  },
  {
    "country_code": "IE",
    "postal_code": "E41",
    "place_name": "Thurles",
    "admin_name1": "Munster",
    "admin_code1": "M",
    "admin_name2": "",
    "admin_code2": "",
    "admin_name3": "",
    "admin_code3": "",
    "latitude": "52.6819",
    "longitude": "-7.8022",
    "accuracy": "4"
  },
  {
    "country_code": "IE",
    "postal_code": "E45",
    "place_name": "Nenagh",
    "admin_name1": "Munster",
    "admin_code1": "M",
    "admin_name2": "",
    "admin_code2": "",
    "admin_name3": "",
    "admin_code3": "",
    "latitude": "52.8619",
    "longitude": "-8.1967",
    "accuracy": "4"
  },
  {
    "country_code": "IE",
    "postal_code": "E53",
    "place_name": "Roscrea",
    "admin_name1": "Munster",
    "admin_code1": "M",
    "admin_name2": "",
    "admin_code2": "",
    "admin_name3": "",
    "admin_code3": "",
    "latitude": "52.9511",
    "longitude": "-7.8017",
    "accuracy": "4"
  },
  {
    "country_code": "IE",
    "postal_code": "E91",
    "place_name": "Clonmel",
    "admin_name1": "Munster",
    "admin_code1": "M",
    "admin_name2": "",
    "admin_code2": "",
    "admin_name3": "",
    "admin_code3": "",
    "latitude": "52.355",
    "longitude": "-7.7039",
    "accuracy": "4"
  },
  {
    "country_code": "IE",
    "postal_code": "P12",
    "place_name": "Macroom",
    "admin_name1": "Munster",
    "admin_code1": "M",
    "admin_name2": "",
    "admin_code2": "",
    "admin_name3": "",
    "admin_code3": "",
    "latitude": "51.9",
    "longitude": "-8.95",
    "accuracy": "4"
  },
  {
    "country_code": "IE",
    "postal_code": "P17",
    "place_name": "Kinsale",
    "admin_name1": "Munster",
    "admin_code1": "M",
    "admin_name2": "",
    "admin_code2": "",
    "admin_name3": "",
    "admin_code3": "",
    "latitude": "51.7075",
    "longitude": "-8.5306",
    "accuracy": "4"
  },
  {
    "country_code": "IE",
    "postal_code": "P24",
    "place_name": "Cobh",
    "admin_name1": "Munster",
    "admin_code1": "M",
    "admin_name2": "",
    "admin_code2": "",
    "admin_name3": "",
    "admin_code3": "",
    "latitude": "51.8572",
    "longitude": "-8.2992",
    "accuracy": "4"
  },
  {
    "country_code": "IE",
    "postal_code": "P25",
    "place_name": "Midleton",
    "admin_name1": "Munster",
    "admin_code1": "M",
    "admin_name2": "",
    "admin_code2": "",
    "admin_name3": "",
    "admin_code3": "",
    "latitude": "51.9153",
    "longitude": "-8.1805",
    "accuracy": "4"
  },
  {
    "country_code": "IE",
    "postal_code": "P31",
    "place_name": "Ballincollig",
    "admin_name1": "Munster",
    "admin_code1": "M",
    "admin_name2": "",
    "admin_code2": "",
    "admin_name3": "",
    "admin_code3": "",
    "latitude": "51.8833",
    "longitude": "-8.5833",
    "accuracy": "4"
  },
  {
    "country_code": "IE",
    "postal_code": "P32",
    "place_name": "Rylane",
    "admin_name1": "Munster",
    "admin_code1": "M",
    "admin_name2": "",
    "admin_code2": "",
    "admin_name3": "",
    "admin_code3": "",
    "latitude": "51.9833",
    "longitude": "-8.8333",
    "accuracy": "4"
  },
  {
    "country_code": "IE",
    "postal_code": "P36",
    "place_name": "Youghal",
    "admin_name1": "Munster",
    "admin_code1": "M",
    "admin_name2": "",
    "admin_code2": "",
    "admin_name3": "",
    "admin_code3": "",
    "latitude": "51.95",
    "longitude": "-7.8506",
    "accuracy": "4"
  },
  {
    "country_code": "IE",
    "postal_code": "P43",
    "place_name": "Carrigaline",
    "admin_name1": "Munster",
    "admin_code1": "M",
    "admin_name2": "",
    "admin_code2": "",
    "admin_name3": "",
    "admin_code3": "",
    "latitude": "51.8117",
    "longitude": "-8.3986",
    "accuracy": "4"
  },
  {
    "country_code": "IE",
    "postal_code": "P47",
    "place_name": "Dunmanway",
    "admin_name1": "Munster",
    "admin_code1": "M",
    "admin_name2": "",
    "admin_code2": "",
    "admin_name3": "",
    "admin_code3": "",
    "latitude": "51.7167",
    "longitude": "-9.1167",
    "accuracy": "4"
  },
  {
    "country_code": "IE",
    "postal_code": "P51",
    "place_name": "Mallow",
    "admin_name1": "Munster",
    "admin_code1": "M",
    "admin_name2": "",
    "admin_code2": "",
    "admin_name3": "",
    "admin_code3": "",
    "latitude": "52.1333",
    "longitude": "-8.6333",
    "accuracy": "4"
  },
  {
    "country_code": "IE",
    "postal_code": "P56",
    "place_name": "Charleville",
    "admin_name1": "Munster",
    "admin_code1": "M",
    "admin_name2": "",
    "admin_code2": "",
    "admin_name3": "",
    "admin_code3": "",
    "latitude": "52.35",
    "longitude": "-8.6833",
    "accuracy": "4"
  },
  {
    "country_code": "IE",
    "postal_code": "P61",
    "place_name": "Fermoy",
    "admin_name1": "Munster",
    "admin_code1": "M",
    "admin_name2": "",
    "admin_code2": "",
    "admin_name3": "",
    "admin_code3": "",
    "latitude": "52.1358",
    "longitude": "-8.2758",
    "accuracy": "4"
  },
  {
    "country_code": "IE",
    "postal_code": "P67",
    "place_name": "Mitchelstown",
    "admin_name1": "Munster",
    "admin_code1": "M",
    "admin_name2": "",
    "admin_code2": "",
    "admin_name3": "",
    "admin_code3": "",
    "latitude": "52.2658",
    "longitude": "-8.2681",
    "accuracy": "4"
  },
  {
    "country_code": "IE",
    "postal_code": "P72",
    "place_name": "Bandon",
    "admin_name1": "Munster",
    "admin_code1": "M",
    "admin_name2": "",
    "admin_code2": "",
    "admin_name3": "",
    "admin_code3": "",
    "latitude": "51.7469",
    "longitude": "-8.7425",
    "accuracy": "4"
  },
  {
    "country_code": "IE",
    "postal_code": "P75",
    "place_name": "Bantry",
    "admin_name1": "Munster",
    "admin_code1": "M",
    "admin_name2": "",
    "admin_code2": "",
    "admin_name3": "",
    "admin_code3": "",
    "latitude": "51.6833",
    "longitude": "-9.45",
    "accuracy": "4"
  },
  {
    "country_code": "IE",
    "postal_code": "P81",
    "place_name": "Skibbereen",
    "admin_name1": "Munster",
    "admin_code1": "M",
    "admin_name2": "",
    "admin_code2": "",
    "admin_name3": "",
    "admin_code3": "",
    "latitude": "51.55",
    "longitude": "-9.2667",
    "accuracy": "4"
  },
  {
    "country_code": "IE",
    "postal_code": "P85",
    "place_name": "Clonakilty",
    "admin_name1": "Munster",
    "admin_code1": "M",
    "admin_name2": "",
    "admin_code2": "",
    "admin_name3": "",
    "admin_code3": "",
    "latitude": "51.6231",
    "longitude": "-8.8706",
    "accuracy": "4"
  },
  {
    "country_code": "IE",
    "postal_code": "T12",
    "place_name": "Cork city southside",
    "admin_name1": "Munster",
    "admin_code1": "M",
    "admin_name2": "",
    "admin_code2": "",
    "admin_name3": "",
    "admin_code3": "",
    "latitude": "51.8728",
    "longitude": "-8.4902",
    "accuracy": ""
  },
  {
    "country_code": "IE",
    "postal_code": "T23",
    "place_name": "Cork city northside",
    "admin_name1": "Munster",
    "admin_code1": "M",
    "admin_name2": "",
    "admin_code2": "",
    "admin_name3": "",
    "admin_code3": "",
    "latitude": "51.8972",
    "longitude": "-8.4702",
    "accuracy": ""
  },
  {
    "country_code": "IE",
    "postal_code": "T34",
    "place_name": "Carrignavar",
    "admin_name1": "Munster",
    "admin_code1": "M",
    "admin_name2": "",
    "admin_code2": "",
    "admin_name3": "",
    "admin_code3": "",
    "latitude": "51.9886",
    "longitude": "-8.4797",
    "accuracy": "4"
  },
  {
    "country_code": "IE",
    "postal_code": "T45",
    "place_name": "Glanmire",
    "admin_name1": "Munster",
    "admin_code1": "M",
    "admin_name2": "",
    "admin_code2": "",
    "admin_name3": "",
    "admin_code3": "",
    "latitude": "51.9158",
    "longitude": "-8.3997",
    "accuracy": "4"
  },
  {
    "country_code": "IE",
    "postal_code": "T56",
    "place_name": "Watergrasshill",
    "admin_name1": "Munster",
    "admin_code1": "M",
    "admin_name2": "",
    "admin_code2": "",
    "admin_name3": "",
    "admin_code3": "",
    "latitude": "52.0114",
    "longitude": "-8.3442",
    "accuracy": "4"
  },
  {
    "country_code": "IE",
    "postal_code": "V14",
    "place_name": "Shannon",
    "admin_name1": "Munster",
    "admin_code1": "M",
    "admin_name2": "",
    "admin_code2": "",
    "admin_name3": "",
    "admin_code3": "",
    "latitude": "52.7039",
    "longitude": "-8.8642",
    "accuracy": "4"
  },
  {
    "country_code": "IE",
    "postal_code": "V15",
    "place_name": "Kilrush",
    "admin_name1": "Munster",
    "admin_code1": "M",
    "admin_name2": "",
    "admin_code2": "",
    "admin_name3": "",
    "admin_code3": "",
    "latitude": "52.6397",
    "longitude": "-9.4833",
    "accuracy": "4"
  },
  {
    "country_code": "IE",
    "postal_code": "V23",
    "place_name": "Caherciveen",
    "admin_name1": "Munster",
    "admin_code1": "M",
    "admin_name2": "",
    "admin_code2": "",
    "admin_name3": "",
    "admin_code3": "",
    "latitude": "51.9486",
    "longitude": "-10.2222",
    "accuracy": "4"
  },
  {
    "country_code": "IE",
    "postal_code": "V31",
    "place_name": "Listowel",
    "admin_name1": "Munster",
    "admin_code1": "M",
    "admin_name2": "",
    "admin_code2": "",
    "admin_name3": "",
    "admin_code3": "",
    "latitude": "52.4464",
    "longitude": "-9.485",
    "accuracy": "4"
  },
  {
    "country_code": "IE",
    "postal_code": "V35",
    "place_name": "Kilmallock",
    "admin_name1": "Munster",
    "admin_code1": "M",
    "admin_name2": "",
    "admin_code2": "",
    "admin_name3": "",
    "admin_code3": "",
    "latitude": "52.4",
    "longitude": "-8.5772",
    "accuracy": "4"
  },
  {
    "country_code": "IE",
    "postal_code": "V42",
    "place_name": "Newcastle West",
    "admin_name1": "Munster",
    "admin_code1": "M",
    "admin_name2": "",
    "admin_code2": "",
    "admin_name3": "",
    "admin_code3": "",
    "latitude": "52.4492",
    "longitude": "-9.0611",
    "accuracy": "4"
  },
  {
    "country_code": "IE",
    "postal_code": "V92",
    "place_name": "Tralee",
    "admin_name1": "Munster",
    "admin_code1": "M",
    "admin_name2": "",
    "admin_code2": "",
    "admin_name3": "",
    "admin_code3": "",
    "latitude": "52.2704",
    "longitude": "-9.7026",
    "accuracy": "4"
  },
  {
    "country_code": "IE",
    "postal_code": "V93",
    "place_name": "Kenmare",
    "admin_name1": "Munster",
    "admin_code1": "M",
    "admin_name2": "",
    "admin_code2": "",
    "admin_name3": "",
    "admin_code3": "",
    "latitude": "51.8833",
    "longitude": "-9.5833",
    "accuracy": "4"
  },
  {
    "country_code": "IE",
    "postal_code": "V94",
    "place_name": "Limerick",
    "admin_name1": "Munster",
    "admin_code1": "M",
    "admin_name2": "",
    "admin_code2": "",
    "admin_name3": "",
    "admin_code3": "",
    "latitude": "52.6647",
    "longitude": "-8.6231",
    "accuracy": "4"
  },
  {
    "country_code": "IE",
    "postal_code": "V95",
    "place_name": "Miltown Malbay",
    "admin_name1": "Munster",
    "admin_code1": "M",
    "admin_name2": "",
    "admin_code2": "",
    "admin_name3": "",
    "admin_code3": "",
    "latitude": "52.8553",
    "longitude": "-9.3983",
    "accuracy": "4"
  },
  {
    "country_code": "IE",
    "postal_code": "X35",
    "place_name": "Dungarvan",
    "admin_name1": "Munster",
    "admin_code1": "M",
    "admin_name2": "",
    "admin_code2": "",
    "admin_name3": "",
    "admin_code3": "",
    "latitude": "52.0881",
    "longitude": "-7.6253",
    "accuracy": "4"
  },
  {
    "country_code": "IE",
    "postal_code": "X42",
    "place_name": "Kilmacthomas",
    "admin_name1": "Munster",
    "admin_code1": "M",
    "admin_name2": "",
    "admin_code2": "",
    "admin_name3": "",
    "admin_code3": "",
    "latitude": "52.2097",
    "longitude": "-7.4258",
    "accuracy": "4"
  },
  {
    "country_code": "IE",
    "postal_code": "X91",
    "place_name": "Waterford",
    "admin_name1": "Munster",
    "admin_code1": "M",
    "admin_name2": "",
    "admin_code2": "",
    "admin_name3": "",
    "admin_code3": "",
    "latitude": "52.2583",
    "longitude": "-7.1119",
    "accuracy": "4"
  },
  {
    "country_code": "IE",
    "postal_code": "A75",
    "place_name": "Castleblayney",
    "admin_name1": "Ulster",
    "admin_code1": "U",
    "admin_name2": "",
    "admin_code2": "",
    "admin_name3": "",
    "admin_code3": "",
    "latitude": "54.1167",
    "longitude": "-6.7333",
    "accuracy": "4"
  },
  {
    "country_code": "IE",
    "postal_code": "A81",
    "place_name": "Carrickmacross",
    "admin_name1": "Ulster",
    "admin_code1": "U",
    "admin_name2": "",
    "admin_code2": "",
    "admin_name3": "",
    "admin_code3": "",
    "latitude": "53.9728",
    "longitude": "-6.7189",
    "accuracy": "4"
  },
  {
    "country_code": "IE",
    "postal_code": "F92",
    "place_name": "Letterkenny",
    "admin_name1": "Ulster",
    "admin_code1": "U",
    "admin_name2": "",
    "admin_code2": "",
    "admin_name3": "",
    "admin_code3": "",
    "latitude": "54.95",
    "longitude": "-7.7333",
    "accuracy": "4"
  },
  {
    "country_code": "IE",
    "postal_code": "F93",
    "place_name": "Lifford",
    "admin_name1": "Ulster",
    "admin_code1": "U",
    "admin_name2": "",
    "admin_code2": "",
    "admin_name3": "",
    "admin_code3": "",
    "latitude": "54.8319",
    "longitude": "-7.4836",
    "accuracy": "4"
  },
  {
    "country_code": "IE",
    "postal_code": "F94",
    "place_name": "Bundoran",
    "admin_name1": "Ulster",
    "admin_code1": "U",
    "admin_name2": "",
    "admin_code2": "",
    "admin_name3": "",
    "admin_code3": "",
    "latitude": "54.4778",
    "longitude": "-8.2809",
    "accuracy": "4"
  },
  {
    "country_code": "IE",
    "postal_code": "H12",
    "place_name": "Cavan",
    "admin_name1": "Ulster",
    "admin_code1": "U",
    "admin_name2": "",
    "admin_code2": "",
    "admin_name3": "",
    "admin_code3": "",
    "latitude": "53.9908",
    "longitude": "-7.3606",
    "accuracy": "4"
  },
  {
    "country_code": "IE",
    "postal_code": "H14",
    "place_name": "Belturbet",
    "admin_name1": "Ulster",
    "admin_code1": "U",
    "admin_name2": "",
    "admin_code2": "",
    "admin_name3": "",
    "admin_code3": "",
    "latitude": "54.1",
    "longitude": "-7.45",
    "accuracy": "4"
  },
  {
    "country_code": "IE",
    "postal_code": "H16",
    "place_name": "Cootehill",
    "admin_name1": "Ulster",
    "admin_code1": "U",
    "admin_name2": "",
    "admin_code2": "",
    "admin_name3": "",
    "admin_code3": "",
    "latitude": "54.0725",
    "longitude": "-7.0819",
    "accuracy": "4"
  },
  {
    "country_code": "IE",
    "postal_code": "H18",
    "place_name": "Monaghan",
    "admin_name1": "Ulster",
    "admin_code1": "U",
    "admin_name2": "",
    "admin_code2": "",
    "admin_name3": "",
    "admin_code3": "",
    "latitude": "54.25",
    "longitude": "-6.9667",
    "accuracy": "4"
  },
  {
    "country_code": "IE",
    "postal_code": "H23",
    "place_name": "Clones",
    "admin_name1": "Ulster",
    "admin_code1": "U",
    "admin_name2": "",
    "admin_code2": "",
    "admin_name3": "",
    "admin_code3": "",
    "latitude": "54.1833",
    "longitude": "-7.2333",
    "accuracy": "4"
  }
]