[
  {
    "country_code": "IS",
    "postal_code": "101",
    "place_name": "Reykjavík - 1",
    "admin_name1": "",
    "admin_code1": "",
    "admin_name2": "",
    "admin_code2": "",
    "admin_name3": "",
    "admin_code3": "",
    "latitude": "64.1432",
    "longitude": "-21.9466",
    "accuracy": "5"
  },
  {
    "country_code": "IS",
    "postal_code": "103",
    "place_name": "Reykjavík - 3",
    "admin_name1": "",
    "admin_code1": "",
    "admin_name2": "",
    "admin_code2": "",
    "admin_name3": "",
    "admin_code3": "",
    "latitude": "64.1303",
    "longitude": "-21.8961",
    "accuracy": "4"
  },
  {
    "country_code": "IS",
    "postal_code": "104",
    "place_name": "Reykjavík - 4",
    "admin_name1": "",
    "admin_code1": "",
    "admin_name2": "",
    "admin_code2": "",
    "admin_name3": "",
    "admin_code3": "",
    "latitude": "64.1421",
    "longitude": "-21.8528",
    "accuracy": "4"
  },
  {
    "country_code": "IS",
    "postal_code": "105",
    "place_name": "Reykjavík - 5",
    "admin_name1": "",
    "admin_code1": "",
    "admin_name2": "",
    "admin_code2": "",
    "admin_name3": "",
    "admin_code3": "",
    "latitude": "64.1383",
    "longitude": "-21.8959",
    "accuracy": "4"
  },
  {
    "country_code": "IS",
    "postal_code": "107",
    "place_name": "Reykjavík - 7",
    "admin_name1": "",
    "admin_code1": "",
    "admin_name2": "",
    "admin_code2": "",
    "admin_name3": "",
    "admin_code3": "",
    "latitude": "64.1472",
    "longitude": "-21.9748",
    "accuracy": "4"
  },
  {
    "country_code": "IS",
    "postal_code": "108",
    "place_name": "Reykjavík - 8",
    "admin_name1": "",
    "admin_code1": "",
    "admin_name2": "",
    "admin_code2": "",
    "admin_name3": "",
    "admin_code3": "",
    "latitude": "64.1225",
    "longitude": "-21.8711",
    "accuracy": "4"
  },
  {
    "country_code": "IS",
    "postal_code": "109",
    "place_name": "Reykjavík - 9",
    "admin_name1": "",
    "admin_code1": "",
    "admin_name2": "",
    "admin_code2": "",
    "admin_name3": "",
    "admin_code3": "",
    "latitude": "64.1098",
    "longitude": "-21.8358",
    "accuracy": "4"
  },
  {
    "country_code": "IS",
    "postal_code": "110",
    "place_name": "Reykjavík - 10",
    "admin_name1": "",
    "admin_code1": "",
    "admin_name2": "",
    "admin_code2": "",
    "admin_name3": "",
    "admin_code3": "",
    "latitude": "64.1251",
    "longitude": "-21.8197",
    "accuracy": "4"
  },
  {
    "country_code": "IS",
    "postal_code": "111",
    "place_name": "Reykjavík - 11",
    "admin_name1": "",
    "admin_code1": "",
    "admin_name2": "",
    "admin_code2": "",
    "admin_name3": "",
    "admin_code3": "",
    "latitude": "64.1054",
    "longitude": "-21.8166",
    "accuracy": "4"
  },
  {
    "country_code": "IS",
    "postal_code": "112",
    "place_name": "Reykjavík - 12",
    "admin_name1": "",
    "admin_code1": "",
    "admin_name2": "",
    "admin_code2": "",
    "admin_name3": "",
    "admin_code3": "",
    "latitude": "64.1445",
    "longitude": "-21.7964",
    "accuracy": "4"
  },
  {
    "country_code": "IS",
    "postal_code": "113",
    "place_name": "Reykjavík - 13",
    "admin_name1": "",
    "admin_code1": "",
    "admin_name2": "",
    "admin_code2": "",
    "admin_name3": "",
    "admin_code3": "",
    "latitude": "64.1286",
    "longitude": "-21.7572",
    "accuracy": "4"
  },
  {
    "country_code": "IS",
    "postal_code": "116",
    "place_name": "Kjalarnesi",
    "admin_name1": "",
    "admin_code1": "",
    "admin_name2": "",
    "admin_code2": "",
    "admin_name3": "",
    "admin_code3": "",
    "latitude": "64.2406",
    "longitude": "-21.8367",
    "accuracy": "4"
  },
  {
    "country_code": "IS",
    "postal_code": "121",
    "place_name": "Reykjavík - 1",
    "admin_name1": "",
    "admin_code1": "",
    "admin_name2": "",
    "admin_code2": "",
    "admin_name3": "",
    "admin_code3": "",
    "latitude": "64.1476",
    "longitude": "-21.9383",
    "accuracy": "5"
  },
  {
    "country_code": "IS",
    "postal_code": "123",
    "place_name": "Reykjavík - 3",
    "admin_name1": "",
    "admin_code1": "",
    "admin_name2": "",
    "admin_code2": "",
    "admin_name3": "",
    "admin_code3": "",
    "latitude": "64.1366",
    "longitude": "-21.8807",
    "accuracy": "5"
  },
  {
    "country_code": "IS",
    "postal_code": "124",
    "place_name": "Reykjavík - 4",
    "admin_name1": "",
    "admin_code1": "",
    "admin_name2": "",
    "admin_code2": "",
    "admin_name3": "",
    "admin_code3": "",
    "latitude": "64.1366",
    "longitude": "-21.8807",
    "accuracy": "5"
  },
  {
    "country_code": "IS",
    "postal_code": "125",
    "place_name": "Reykjavík - 5",
    "admin_name1": "",
    "admin_code1": "",
    "admin_name2": "",
    "admin_code2": "",
    "admin_name3": "",
    "admin_code3": "",
    "latitude": "64.1366",
    "longitude": "-21.8807",
    "accuracy": "5"
  },
  {
    "country_code": "IS",
    "postal_code": "127",
    "place_name": "Reykjavík - 7",
    "admin_name1": "",
    "admin_code1": "",
    "admin_name2": "",
    "admin_code2": "",
    "admin_name3": "",
    "admin_code3": "",
    "latitude": "64.1504",
    "longitude": "-21.9851",
    "accuracy": "5"
  },
  {
    "country_code": "IS",
    "postal_code": "128",
    "place_name": "Reykjavík - 8",
    "admin_name1": "",
    "admin_code1": "",
    "admin_name2": "",
    "admin_code2": "",
    "admin_name3": "",
    "admin_code3": "",
    "latitude": "64.1366",
    "longitude": "-21.8807",
    "accuracy": "5"
  },
  {
    "country_code": "IS",
    "postal_code": "129",
    "place_name": "Reykjavík - 9",
    "admin_name1": "",
    "admin_code1": "",
    "admin_name2": "",
    "admin_code2": "",
    "admin_name3": "",
    "admin_code3": "",
    "latitude": "64.1095",
    "longitude": "-21.8428",
    "accuracy": "5"
  },
  {
    "country_code": "IS",
    "postal_code": "130",
    "place_name": "Reykjavík - 10",
    "admin_name1": "",
    "admin_code1": "",
    "admin_name2": "",
    "admin_code2": "",
    "admin_name3": "",
    "admin_code3": "",
    "latitude": "64.1182",
    "longitude": "-21.7967",
    "accuracy": "5"
  },
  {
    "country_code": "IS",
    "postal_code": "132",
    "place_name": "Reykjavík - 12",
    "admin_name1": "",
    "admin_code1": "",
    "admin_name2": "",
    "admin_code2": "",
    "admin_name3": "",
    "admin_code3": "",
    "latitude": "64.1345",
    "longitude": "-21.7986",
    "accuracy": "5"
  },
  {
    "country_code": "IS",
    "postal_code": "150",
    "place_name": "Reykjavík",
    "admin_name1": "",
    "admin_code1": "",
    "admin_name2": "",
    "admin_code2": "",
    "admin_name3": "",
    "admin_code3": "",
    "latitude": "64.1256",
    "longitude": "-21.8061",
    "accuracy": "5"
  },
  {
    "country_code": "IS",
    "postal_code": "155",
    "place_name": "Reykjavík",
    "admin_name1": "",
    "admin_code1": "",
    "admin_name2": "",
    "admin_code2": "",
    "admin_name3": "",
    "admin_code3": "",
    "latitude": "64.1256",
    "longitude": "-21.8061",
    "accuracy": "5"
  },
  {
    "country_code": "IS",
    "postal_code": "170",
    "place_name": "Seltjarnarnesi",
    "admin_name1": "",
    "admin_code1": "",
    "admin_name2": "",
    "admin_code2": "",
    "admin_name3": "",
    "admin_code3": "",
    "latitude": "64.1531",
    "longitude": "-21.995",
    "accuracy": "4"
  },
  {
    "country_code": "IS",
    "postal_code": "172",
    "place_name": "Seltjarnarnesi",
    "admin_name1": "",
    "admin_code1": "",
    "admin_name2": "",
    "admin_code2": "",
    "admin_name3": "",
    "admin_code3": "",
    "latitude": "64.1504",
    "longitude": "-21.985",
    "accuracy": "5"
  },
  {
    "country_code": "IS",
    "postal_code": "190",
    "place_name": "Vogum",
    "admin_name1": "",
    "admin_code1": "",
    "admin_name2": "",
    "admin_code2": "",
    "admin_name3": "",
    "admin_code3": "",
    "latitude": "63.9816",
    "longitude": "-22.3847",
    "accuracy": "4"
  },
  {
    "country_code": "IS",
    "postal_code": "200",
    "place_name": "Kópavogi",
    "admin_name1": "",
    "admin_code1": "",
    "admin_name2": "",
    "admin_code2": "",
    "admin_name3": "",
    "admin_code3": "",
    "latitude": "64.1114",
    "longitude": "-21.8973",
    "accuracy": "4"
  },
  {
    "country_code": "IS",
    "postal_code": "201",
    "place_name": "Kópavogi",
    "admin_name1": "",
    "admin_code1": "",
    "admin_name2": "",
    "admin_code2": "",
    "admin_name3": "",
    "admin_code3": "",
    "latitude": "64.099",
    "longitude": "-21.8749",
    "accuracy": "4"
  },
  {
    "country_code": "IS",
    "postal_code": "202",
    "place_name": "Kópavogi",
    "admin_name1": "",
    "admin_code1": "",
    "admin_name2": "",
    "admin_code2": "",
    "admin_name3": "",
    "admin_code3": "",
    "latitude": "64.1057",
    "longitude": "-21.8702",
    "accuracy": "5"
  },
  {
    "country_code": "IS",
    "postal_code": "203",
    "place_name": "Kópavogi",
    "admin_name1": "",
    "admin_code1": "",
    "admin_name2": "",
    "admin_code2": "",
    "admin_name3": "",
    "admin_code3": "",
    "latitude": "64.0885",
    "longitude": "-21.8312",
    "accuracy": "4"
  },
  {
    "country_code": "IS",
    "postal_code": "210",
    "place_name": "Garðabæ",
    "admin_name1": "",
    "admin_code1": "",
    "admin_name2": "",
    "admin_code2": "",
    "admin_name3": "",
    "admin_code3": "",
    "latitude": "64.0891",
    "longitude": "-21.9163",
    "accuracy": "4"
  },
  {
    "country_code": "IS",
    "postal_code": "212",
    "place_name": "Garðabæ",
    "admin_name1": "",
    "admin_code1": "",
    "admin_name2": "",
    "admin_code2": "",
    "admin_name3": "",
    "admin_code3": "",
    "latitude": "64.091",
    "longitude": "-21.9255",
    "accuracy": "5"
  },
  {
    "country_code": "IS",
    "postal_code": "220",
    "place_name": "Hafnarfirði",
    "admin_name1": "",
    "admin_code1": "",
    "admin_name2": "",
    "admin_code2": "",
    "admin_name3": "",
    "admin_code3": "",
    "latitude": "64.0669",
    "longitude": "-21.9529",
    "accuracy": "4"
  },
  {
    "country_code": "IS",
    "postal_code": "221",
    "place_name": "Hafnarfirði",
    "admin_name1": "",
    "admin_code1": "",
    "admin_name2": "",
    "admin_code2": "",
    "admin_name3": "",
    "admin_code3": "",
    "latitude": "64.0573",
    "longitude": "-21.9474",
    "accuracy": "4"
  },
  {
    "country_code": "IS",
    "postal_code": "222",
    "place_name": "Hafnarfirði",
    "admin_name1": "",
    "admin_code1": "",
    "admin_name2": "",
    "admin_code2": "",
    "admin_name3": "",
    "admin_code3": "",
    "latitude": "64.068",
    "longitude": "-21.9566",
    "accuracy": "5"
  },
  {
    "country_code": "IS",
    "postal_code": "225",
    "place_name": "Álftanesi",
    "admin_name1": "",
    "admin_code1": "",
    "admin_name2": "",
    "admin_code2": "",
    "admin_name3": "",
    "admin_code3": "",
    "latitude": "64.1",
    "longitude": "-22.0167",
    "accuracy": "4"
  },
  {
    "country_code": "IS",
    "postal_code": "230",
    "place_name": "Reykjanesbæ",
    "admin_name1": "",
    "admin_code1": "",
    "admin_name2": "",
    "admin_code2": "",
    "admin_name3": "",
    "admin_code3": "",
    "latitude": "64.0026",
    "longitude": "-22.5632",
    "accuracy": "4"
  },
  {
    "country_code": "IS",
    "postal_code": "232",
    "place_name": "Reykjanesbæ",
    "admin_name1": "",
    "admin_code1": "",
    "admin_name2": "",
    "admin_code2": "",
    "admin_name3": "",
    "admin_code3": "",
    "latitude": "63.9961",
    "longitude": "-22.548",
    "accuracy": "5"
  },
  {
    "country_code": "IS",
    "postal_code": "233",
    "place_name": "Reykjanesbæ",
    "admin_name1": "",
    "admin_code1": "",
    "admin_name2": "",
    "admin_code2": "",
    "admin_name3": "",
    "admin_code3": "",
    "latitude": "63.9796",
    "longitude": "-22.5438",
    "accuracy": "4"
  },
  {
    "country_code": "IS",
    "postal_code": "235",
    "place_name": "Keflavíkurflugvelli",
    "admin_name1": "",
    "admin_code1": "",
    "admin_name2": "",
    "admin_code2": "",
    "admin_name3": "",
    "admin_code3": "",
    "latitude": "63.9742",
    "longitude": "-22.577",
    "accuracy": "4"
  },
  {
    "country_code": "IS",
    "postal_code": "240",
    "place_name": "Grindavík",
    "admin_name1": "",
    "admin_code1": "",
    "admin_name2": "",
    "admin_code2": "",
    "admin_name3": "",
    "admin_code3": "",
    "latitude": "63.8394",
    "longitude": "-22.4383",
    "accuracy": "4"
  },
  {
    "country_code": "IS",
    "postal_code": "245",
    "place_name": "Sandgerði",
    "admin_name1": "",
    "admin_code1": "",
    "admin_name2": "",
    "admin_code2": "",
    "admin_name3": "",
    "admin_code3": "",
    "latitude": "64.0381",
    "longitude": "-22.7031",
    "accuracy": "4"
  },
  {
    "country_code": "IS",
    "postal_code": "250",
    "place_name": "Garði",
    "admin_name1": "",
    "admin_code1": "",
    "admin_name2": "",
    "admin_code2": "",
    "admin_name3": "",
    "admin_code3": "",
    "latitude": "64.0699",
    "longitude": "-22.6511",
    "accuracy": "4"
  },
  {
    "country_code": "IS",
    "postal_code": "260",
    "place_name": "Reykjanesbæ",
    "admin_name1": "",
    "admin_code1": "",
    "admin_name2": "",
    "admin_code2": "",
    "admin_name3": "",
    "admin_code3": "",
    "latitude": "63.9739",
    "longitude": "-22.5208",
    "accuracy": "4"
  },
  {
    "country_code": "IS",
    "postal_code": "270",
    "place_name": "Mosfellsbæ",
    "admin_name1": "",
    "admin_code1": "",
    "admin_name2": "",
    "admin_code2": "",
    "admin_name3": "",
    "admin_code3": "",
    "latitude": "64.1667",
    "longitude": "-21.6977",
    "accuracy": "4"
  },
  {
    "country_code": "IS",
    "postal_code": "271",
    "place_name": "Mosfellsbæ",
    "admin_name1": "",
    "admin_code1": "",
    "admin_name2": "",
    "admin_code2": "",
    "admin_name3": "",
    "admin_code3": "",
    "latitude": "64.1667",
    "longitude": "-21.6977",
    "accuracy": "3"
  },
  {
    "country_code": "IS",
    "postal_code": "276",
    "place_name": "Mosfellsbæ",
    "admin_name1": "",
    "admin_code1": "",
    "admin_name2": "",
    "admin_code2": "",
    "admin_name3": "",
    "admin_code3": "",
    "latitude": "64.3015",
    "longitude": "-21.7845",
    "accuracy": "3"
  },
  {
    "country_code": "IS",
    "postal_code": "300",
    "place_name": "Akranesi",
    "admin_name1": "",
    "admin_code1": "",
    "admin_name2": "",
    "admin_code2": "",
    "admin_name3": "",
    "admin_code3": "",
    "latitude": "64.3218",
    "longitude": "-22.075",
    "accuracy": "4"
  },
  {
    "country_code": "IS",
    "postal_code": "301",
    "place_name": "Akranesi",
    "admin_name1": "",
    "admin_code1": "",
    "admin_name2": "",
    "admin_code2": "",
    "admin_name3": "",
    "admin_code3": "",
    "latitude": "64.3218",
    "longitude": "-22.075",
    "accuracy": "4"
  },
  {
    "country_code": "IS",
    "postal_code": "302",
    "place_name": "Akranesi",
    "admin_name1": "",
    "admin_code1": "",
    "admin_name2": "",
    "admin_code2": "",
    "admin_name3": "",
    "admin_code3": "",
    "latitude": "64.3263",
    "longitude": "-22.0563",
    "accuracy": "5"
  },
  {
    "country_code": "IS",
    "postal_code": "310",
    "place_name": "Borgarnesi",
    "admin_name1": "",
    "admin_code1": "",
    "admin_name2": "",
    "admin_code2": "",
    "admin_name3": "",
    "admin_code3": "",
    "latitude": "64.5383",
    "longitude": "-21.9206",
    "accuracy": "4"
  },
  {
    "country_code": "IS",
    "postal_code": "311",
    "place_name": "Borgarnesi",
    "admin_name1": "",
    "admin_code1": "",
    "admin_name2": "",
    "admin_code2": "",
    "admin_name3": "",
    "admin_code3": "",
    "latitude": "64.5383",
    "longitude": "-21.9206",
    "accuracy": "4"
  },
  {
    "country_code": "IS",
    "postal_code": "320",
    "place_name": "Reykholt í Borgarfirði",
    "admin_name1": "",
    "admin_code1": "",
    "admin_name2": "",
    "admin_code2": "",
    "admin_name3": "",
    "admin_code3": "",
    "latitude": "64.6644",
    "longitude": "-21.2915",
    "accuracy": "4"
  },
  {
    "country_code": "IS",
    "postal_code": "340",
    "place_name": "Stykkishólmi",
    "admin_name1": "",
    "admin_code1": "",
    "admin_name2": "",
    "admin_code2": "",
    "admin_name3": "",
    "admin_code3": "",
    "latitude": "65.0754",
    "longitude": "-22.7298",
    "accuracy": "4"
  },
  {
    "country_code": "IS",
    "postal_code": "345",
    "place_name": "Flatey á Breiðafirði",
    "admin_name1": "",
    "admin_code1": "",
    "admin_name2": "",
    "admin_code2": "",
    "admin_name3": "",
    "admin_code3": "",
    "latitude": "65.3759",
    "longitude": "-22.9179",
    "accuracy": "4"
  },
  {
    "country_code": "IS",
    "postal_code": "350",
    "place_name": "Grundarfirði",
    "admin_name1": "",
    "admin_code1": "",
    "admin_name2": "",
    "admin_code2": "",
    "admin_name3": "",
    "admin_code3": "",
    "latitude": "64.9243",
    "longitude": "-23.2631",
    "accuracy": "4"
  },
  {
    "country_code": "IS",
    "postal_code": "355",
    "place_name": "Ólafsvík",
    "admin_name1": "",
    "admin_code1": "",
    "admin_name2": "",
    "admin_code2": "",
    "admin_name3": "",
    "admin_code3": "",
    "latitude": "64.8943",
    "longitude": "-23.7092",
    "accuracy": "4"
  },
  {
    "country_code": "IS",
    "postal_code": "356",
    "place_name": "Snæfellsbæ",
    "admin_name1": "",
    "admin_code1": "",
    "admin_name2": "",
    "admin_code2": "",
    "admin_name3": "",
    "admin_code3": "",
    "latitude": "64.8943",
    "longitude": "-23.7092",
    "accuracy": "3"
  },
  {
    "country_code": "IS",
    "postal_code": "360",
    "place_name": "Hellissandi",
    "admin_name1": "",
    "admin_code1": "",
    "admin_name2": "",
    "admin_code2": "",
    "admin_name3": "",
    "admin_code3": "",
    "latitude": "64.9176",
    "longitude": "-23.8856",
    "accuracy": "4"
  },
  {
    "country_code": "IS",
    "postal_code": "370",
    "place_name": "Búðardal",
    "admin_name1": "",
    "admin_code1": "",
    "admin_name2": "",
    "admin_code2": "",
    "admin_name3": "",
    "admin_code3": "",
    "latitude": "65.1094",
    "longitude": "-21.7639",
    "accuracy": "4"
  },
  {
    "country_code": "IS",
    "postal_code": "371",
    "place_name": "Búðardal",
    "admin_name1": "",
    "admin_code1": "",
    "admin_name2": "",
    "admin_code2": "",
    "admin_name3": "",
    "admin_code3": "",
    "latitude": "65.1094",
    "longitude": "-21.7639",
    "accuracy": "4"
  },
  {
    "country_code": "IS",
    "postal_code": "380",
    "place_name": "Reykhólahreppi",
    "admin_name1": "",
    "admin_code1": "",
    "admin_name2": "",
    "admin_code2": "",
    "admin_name3": "",
    "admin_code3": "",
    "latitude": "65.4461",
    "longitude": "-22.1899",
    "accuracy": "4"
  },
  {
    "country_code": "IS",
    "postal_code": "400",
    "place_name": "Ísafirði",
    "admin_name1": "",
    "admin_code1": "",
    "admin_name2": "",
    "admin_code2": "",
    "admin_name3": "",
    "admin_code3": "",
    "latitude": "66.0747",
    "longitude": "-23.135",
    "accuracy": "4"
  },
  {
    "country_code": "IS",
    "postal_code": "401",
    "place_name": "Ísafirði",
    "admin_name1": "",
    "admin_code1": "",
    "admin_name2": "",
    "admin_code2": "",
    "admin_name3": "",
    "admin_code3": "",
    "latitude": "66.0747",
    "longitude": "-23.135",
    "accuracy": "3"
  },
  {
    "country_code": "IS",
    "postal_code": "410",
    "place_name": "Hnífsdal",
    "admin_name1": "",
    "admin_code1": "",
    "admin_name2": "",
    "admin_code2": "",
    "admin_name3": "",
    "admin_code3": "",
    "latitude": "66.1113",
    "longitude": "-23.1204",
    "accuracy": "4"
  },
  {
    "country_code": "IS",
    "postal_code": "415",
    "place_name": "Bolungarvík",
    "admin_name1": "",
    "admin_code1": "",
    "admin_name2": "",
    "admin_code2": "",
    "admin_name3": "",
    "admin_code3": "",
    "latitude": "66.1592",
    "longitude": "-23.2494",
    "accuracy": "4"
  },
  {
    "country_code": "IS",
    "postal_code": "420",
    "place_name": "Súðavík",
    "admin_name1": "",
    "admin_code1": "",
    "admin_name2": "",
    "admin_code2": "",
    "admin_name3": "",
    "admin_code3": "",
    "latitude": "66.0383",
    "longitude": "-22.9859",
    "accuracy": "4"
  },
  {
    "country_code": "IS",
    "postal_code": "425",
    "place_name": "Flateyri",
    "admin_name1": "",
    "admin_code1": "",
    "admin_name2": "",
    "admin_code2": "",
    "admin_name3": "",
    "admin_code3": "",
    "latitude": "66.0512",
    "longitude": "-23.5155",
    "accuracy": "4"
  },
  {
    "country_code": "IS",
    "postal_code": "430",
    "place_name": "Suðureyri",
    "admin_name1": "",
    "admin_code1": "",
    "admin_name2": "",
    "admin_code2": "",
    "admin_name3": "",
    "admin_code3": "",
    "latitude": "66.1304",
    "longitude": "-23.528",
    "accuracy": "4"
  },
  {
    "country_code": "IS",
    "postal_code": "450",
    "place_name": "Patreksfirði",
    "admin_name1": "",
    "admin_code1": "",
    "admin_name2": "",
    "admin_code2": "",
    "admin_name3": "",
    "admin_code3": "",
    "latitude": "65.5978",
    "longitude": "-23.996",
    "accuracy": "4"
  },
  {
    "country_code": "IS",
    "postal_code": "451",
    "place_name": "Patreksfirði",
    "admin_name1": "",
    "admin_code1": "",
    "admin_name2": "",
    "admin_code2": "",
    "admin_name3": "",
    "admin_code3": "",
    "latitude": "65.5978",
    "longitude": "-23.996",
    "accuracy": "3"
  },
  {
    "country_code": "IS",
    "postal_code": "460",
    "place_name": "Tálknafirði",
    "admin_name1": "",
    "admin_code1": "",
    "admin_name2": "",
    "admin_code2": "",
    "admin_name3": "",
    "admin_code3": "",
    "latitude": "65.6265",
    "longitude": "-23.8246",
    "accuracy": "4"
  },
  {
    "country_code": "IS",
    "postal_code": "465",
    "place_name": "Bíldudal",
    "admin_name1": "",
    "admin_code1": "",
    "admin_name2": "",
    "admin_code2": "",
    "admin_name3": "",
    "admin_code3": "",
    "latitude": "65.6853",
    "longitude": "-23.5999",
    "accuracy": "4"
  },
  {
    "country_code": "IS",
    "postal_code": "470",
    "place_name": "Þingeyri",
    "admin_name1": "",
    "admin_code1": "",
    "admin_name2": "",
    "admin_code2": "",
    "admin_name3": "",
    "admin_code3": "",
    "latitude": "65.879",
    "longitude": "-23.4929",
    "accuracy": "4"
  },
  {
    "country_code": "IS",
    "postal_code": "471",
    "place_name": "Þingeyri",
    "admin_name1": "",
    "admin_code1": "",
    "admin_name2": "",
    "admin_code2": "",
    "admin_name3": "",
    "admin_code3": "",
    "latitude": "65.879",
    "longitude": "-23.4929",
    "accuracy": "4"
  },
  {
    "country_code": "IS",
    "postal_code": "500",
    "place_name": "Stað",
    "admin_name1": "",
    "admin_code1": "",
    "admin_name2": "",
    "admin_code2": "",
    "admin_name3": "",
    "admin_code3": "",
    "latitude": "65.7681",
    "longitude": "-21.864",
    "accuracy": "3"
  },
  {
    "country_code": "IS",
    "postal_code": "510",
    "place_name": "Hólmavík",
    "admin_name1": "",
    "admin_code1": "",
    "admin_name2": "",
    "admin_code2": "",
    "admin_name3": "",
    "admin_code3": "",
    "latitude": "65.7077",
    "longitude": "-21.6706",
    "accuracy": "4"
  },
  {
    "country_code": "IS",
    "postal_code": "512",
    "place_name": "Hólmavík",
    "admin_name1": "",
    "admin_code1": "",
    "admin_name2": "",
    "admin_code2": "",
    "admin_name3": "",
    "admin_code3": "",
    "latitude": "65.7077",
    "longitude": "-21.6706",
    "accuracy": "4"
  },
  {
    "country_code": "IS",
    "postal_code": "520",
    "place_name": "Drangsnesi",
    "admin_name1": "",
    "admin_code1": "",
    "admin_name2": "",
    "admin_code2": "",
    "admin_name3": "",
    "admin_code3": "",
    "latitude": "65.6892",
    "longitude": "-21.4435",
    "accuracy": "4"
  },
  {
    "country_code": "IS",
    "postal_code": "524",
    "place_name": "Norðurfirði",
    "admin_name1": "",
    "admin_code1": "",
    "admin_name2": "",
    "admin_code2": "",
    "admin_name3": "",
    "admin_code3": "",
    "latitude": "66.0079",
    "longitude": "-21.5346",
    "accuracy": "3"
  },
  {
    "country_code": "IS",
    "postal_code": "530",
    "place_name": "Hvammstanga",
    "admin_name1": "",
    "admin_code1": "",
    "admin_name2": "",
    "admin_code2": "",
    "admin_name3": "",
    "admin_code3": "",
    "latitude": "65.3971",
    "longitude": "-20.9435",
    "accuracy": "4"
  },
  {
    "country_code": "IS",
    "postal_code": "531",
    "place_name": "Hvammstanga",
    "admin_name1": "",
    "admin_code1": "",
    "admin_name2": "",
    "admin_code2": "",
    "admin_name3": "",
    "admin_code3": "",
    "latitude": "65.3971",
    "longitude": "-20.9435",
    "accuracy": "3"
  },
  {
    "country_code": "IS",
    "postal_code": "540",
    "place_name": "Blönduósi",
    "admin_name1": "",
    "admin_code1": "",
    "admin_name2": "",
    "admin_code2": "",
    "admin_name3": "",
    "admin_code3": "",
    "latitude": "65.6593",
    "longitude": "-20.2808",
    "accuracy": "4"
  },
  {
    "country_code": "IS",
    "postal_code": "541",
    "place_name": "Blönduósi",
    "admin_name1": "",
    "admin_code1": "",
    "admin_name2": "",
    "admin_code2": "",
    "admin_name3": "",
    "admin_code3": "",
    "latitude": "65.6593",
    "longitude": "-20.2808",
    "accuracy": "3"
  },
  {
    "country_code": "IS",
    "postal_code": "545",
    "place_name": "Skagaströnd",
    "admin_name1": "",
    "admin_code1": "",
    "admin_name2": "",
    "admin_code2": "",
    "admin_name3": "",
    "admin_code3": "",
    "latitude": "65.8232",
    "longitude": "-20.3025",
    "accuracy": "4"
  },
  {
    "country_code": "IS",
    "postal_code": "550",
    "place_name": "Sauðárkróki",
    "admin_name1": "",
    "admin_code1": "",
    "admin_name2": "",
    "admin_code2": "",
    "admin_name3": "",
    "admin_code3": "",
    "latitude": "65.7461",
    "longitude": "-19.6394",
    "accuracy": "4"
  },
  {
    "country_code": "IS",
    "postal_code": "551",
    "place_name": "Sauðárkróki",
    "admin_name1": "",
    "admin_code1": "",
    "admin_name2": "",
    "admin_code2": "",
    "admin_name3": "",
    "admin_code3": "",
    "latitude": "65.7461",
    "longitude": "-19.6394",
    "accuracy": "4"
  },
  {
    "country_code": "IS",
    "postal_code": "560",
    "place_name": "Varmahlíð",
    "admin_name1": "",
    "admin_code1": "",
    "admin_name2": "",
    "admin_code2": "",
    "admin_name3": "",
    "admin_code3": "",
    "latitude": "65.5526",
    "longitude": "-19.4465",
    "accuracy": "4"
  },
  {
    "country_code": "IS",
    "postal_code": "565",
    "place_name": "Hofsós",
    "admin_name1": "",
    "admin_code1": "",
    "admin_name2": "",
    "admin_code2": "",
    "admin_name3": "",
    "admin_code3": "",
    "latitude": "65.899",
    "longitude": "-19.413",
    "accuracy": "4"
  },
  {
    "country_code": "IS",
    "postal_code": "566",
    "place_name": "Hofsós",
    "admin_name1": "",
    "admin_code1": "",
    "admin_name2": "",
    "admin_code2": "",
    "admin_name3": "",
    "admin_code3": "",
    "latitude": "65.899",
    "longitude": "-19.413",
    "accuracy": "3"
  },
  {
    "country_code": "IS",
    "postal_code": "570",
    "place_name": "Fljótum",
    "admin_name1": "",
    "admin_code1": "",
    "admin_name2": "",
    "admin_code2": "",
    "admin_name3": "",
    "admin_code3": "",
    "latitude": "66.0514",
    "longitude": "-19.0166",
    "accuracy": "3"
  },
  {
    "country_code": "IS",
    "postal_code": "580",
    "place_name": "Siglufirði",
    "admin_name1": "",
    "admin_code1": "",
    "admin_name2": "",
    "admin_code2": "",
    "admin_name3": "",
    "admin_code3": "",
    "latitude": "66.152",
    "longitude": "-18.9081",
    "accuracy": "4"
  },
  {
    "country_code": "IS",
    "postal_code": "600",
    "place_name": "Akureyri",
    "admin_name1": "",
    "admin_code1": "",
    "admin_name2": "",
    "admin_code2": "",
    "admin_name3": "",
    "admin_code3": "",
    "latitude": "65.6835",
    "longitude": "-18.0878",
    "accuracy": "4"
  },
  {
    "country_code": "IS",
    "postal_code": "601",
    "place_name": "Akureyri",
    "admin_name1": "",
    "admin_code1": "",
    "admin_name2": "",
    "admin_code2": "",
    "admin_name3": "",
    "admin_code3": "",
    "latitude": "65.6835",
    "longitude": "-18.0878",
    "accuracy": "3"
  },
  {
    "country_code": "IS",
    "postal_code": "602",
    "place_name": "Akureyri",
    "admin_name1": "",
    "admin_code1": "",
    "admin_name2": "",
    "admin_code2": "",
    "admin_name3": "",
    "admin_code3": "",
    "latitude": "65.683",
    "longitude": "-18.0908",
    "accuracy": "5"
  },
  {
    "country_code": "IS",
    "postal_code": "603",
    "place_name": "Akureyri",
    "admin_name1": "",
    "admin_code1": "",
    "admin_name2": "",
    "admin_code2": "",
    "admin_name3": "",
    "admin_code3": "",
    "latitude": "65.6929",
    "longitude": "-18.1186",
    "accuracy": "4"
  },
  {
    "country_code": "IS",
    "postal_code": "610",
    "place_name": "Grenivík",
    "admin_name1": "",
    "admin_code1": "",
    "admin_name2": "",
    "admin_code2": "",
    "admin_name3": "",
    "admin_code3": "",
    "latitude": "65.951",
    "longitude": "-18.1749",
    "accuracy": "4"
  },
  {
    "country_code": "IS",
    "postal_code": "611",
    "place_name": "Grímsey",
    "admin_name1": "",
    "admin_code1": "",
    "admin_name2": "",
    "admin_code2": "",
    "admin_name3": "",
    "admin_code3": "",
    "latitude": "66.5394",
    "longitude": "-18.0135",
    "accuracy": "4"
  },
  {
    "country_code": "IS",
    "postal_code": "620",
    "place_name": "Dalvík",
    "admin_name1": "",
    "admin_code1": "",
    "admin_name2": "",
    "admin_code2": "",
    "admin_name3": "",
    "admin_code3": "",
    "latitude": "65.9702",
    "longitude": "-18.5286",
    "accuracy": "4"
  },
  {
    "country_code": "IS",
    "postal_code": "621",
    "place_name": "Dalvík",
    "admin_name1": "",
    "admin_code1": "",
    "admin_name2": "",
    "admin_code2": "",
    "admin_name3": "",
    "admin_code3": "",
    "latitude": "65.9702",
    "longitude": "-18.5286",
    "accuracy": "3"
  },
  {
    "country_code": "IS",
    "postal_code": "625",
    "place_name": "Ólafsfirði",
    "admin_name1": "",
    "admin_code1": "",
    "admin_name2": "",
    "admin_code2": "",
    "admin_name3": "",
    "admin_code3": "",
    "latitude": "66.0672",
    "longitude": "-18.644",
    "accuracy": "4"
  },
  {
    "country_code": "IS",
    "postal_code": "630",
    "place_name": "Hrísey",
    "admin_name1": "",
    "admin_code1": "",
    "admin_name2": "",
    "admin_code2": "",
    "admin_name3": "",
    "admin_code3": "",
    "latitude": "65.9784",
    "longitude": "-18.3778",
    "accuracy": "4"
  },
  {
    "country_code": "IS",
    "postal_code": "640",
    "place_name": "Húsavík",
    "admin_name1": "",
    "admin_code1": "",
    "admin_name2": "",
    "admin_code2": "",
    "admin_name3": "",
    "admin_code3": "",
    "latitude": "66.0415",
    "longitude": "-17.3383",
    "accuracy": "4"
  },
  {
    "country_code": "IS",
    "postal_code": "641",
    "place_name": "Húsavík",
    "admin_name1": "",
    "admin_code1": "",
    "admin_name2": "",
    "admin_code2": "",
    "admin_name3": "",
    "admin_code3": "",
    "latitude": "66.0415",
    "longitude": "-17.3383",
    "accuracy": "3"
  },
  {
    "country_code": "IS",
    "postal_code": "645",
    "place_name": "Fosshólli",
    "admin_name1": "",
    "admin_code1": "",
    "admin_name2": "",
    "admin_code2": "",
    "admin_name3": "",
    "admin_code3": "",
    "latitude": "65.6859",
    "longitude": "-17.5386",
    "accuracy": "3"
  },
  {
    "country_code": "IS",
    "postal_code": "650",
    "place_name": "Laugum",
    "admin_name1": "",
    "admin_code1": "",
    "admin_name2": "",
    "admin_code2": "",
    "admin_name3": "",
    "admin_code3": "",
    "latitude": "65.7215",
    "longitude": "-17.3606",
    "accuracy": "3"
  },
  {
    "country_code": "IS",
    "postal_code": "660",
    "place_name": "Mývatni",
    "admin_name1": "",
    "admin_code1": "",
    "admin_name2": "",
    "admin_code2": "",
    "admin_name3": "",
    "admin_code3": "",
    "latitude": "65.6207",
    "longitude": "-16.9823",
    "accuracy": "3"
  },
  {
    "country_code": "IS",
    "postal_code": "670",
    "place_name": "Kópaskeri",
    "admin_name1": "",
    "admin_code1": "",
    "admin_name2": "",
    "admin_code2": "",
    "admin_name3": "",
    "admin_code3": "",
    "latitude": "66.3018",
    "longitude": "-16.4445",
    "accuracy": "4"
  },
  {
    "country_code": "IS",
    "postal_code": "671",
    "place_name": "Kópaskeri",
    "admin_name1": "",
    "admin_code1": "",
    "admin_name2": "",
    "admin_code2": "",
    "admin_name3": "",
    "admin_code3": "",
    "latitude": "66.2984",
    "longitude": "-16.4304",
    "accuracy": "3"
  },
  {
    "country_code": "IS",
    "postal_code": "675",
    "place_name": "Raufarhöfn",
    "admin_name1": "",
    "admin_code1": "",
    "admin_name2": "",
    "admin_code2": "",
    "admin_name3": "",
    "admin_code3": "",
    "latitude": "66.4543",
    "longitude": "-15.9511",
    "accuracy": "4"
  },
  {
    "country_code": "IS",
    "postal_code": "680",
    "place_name": "Þórshöfn",
    "admin_name1": "",
    "admin_code1": "",
    "admin_name2": "",
    "admin_code2": "",
    "admin_name3": "",
    "admin_code3": "",
    "latitude": "66.1981",
    "longitude": "-15.3368",
    "accuracy": "4"
  },
  {
    "country_code": "IS",
    "postal_code": "681",
    "place_name": "Þórshöfn",
    "admin_name1": "",
    "admin_code1": "",
    "admin_name2": "",
    "admin_code2": "",
    "admin_name3": "",
    "admin_code3": "",
    "latitude": "66.1981",
    "longitude": "-15.3368",
    "accuracy": "3"
  },
  {
    "country_code": "IS",
    "postal_code": "685",
    "place_name": "Bakkafirði",
    "admin_name1": "",
    "admin_code1": "",
    "admin_name2": "",
    "admin_code2": "",
    "admin_name3": "",
    "admin_code3": "",
    "latitude": "66.0377",
    "longitude": "-14.7931",
    "accuracy": "4"
  },
  {
    "country_code": "IS",
    "postal_code": "690",
    "place_name": "Vopnafirði",
    "admin_name1": "",
    "admin_code1": "",
    "admin_name2": "",
    "admin_code2": "",
    "admin_name3": "",
    "admin_code3": "",
    "latitude": "65.7566",
    "longitude": "-14.8278",
    "accuracy": "4"
  },
  {
    "country_code": "IS",
    "postal_code": "700",
    "place_name": "Egilsstöðum",
    "admin_name1": "",
    "admin_code1": "",
    "admin_name2": "",
    "admin_code2": "",
    "admin_name3": "",
    "admin_code3": "",
    "latitude": "65.2669",
    "longitude": "-14.3948",
    "accuracy": "4"
  },
  {
    "country_code": "IS",
    "postal_code": "701",
    "place_name": "Egilsstöðum",
    "admin_name1": "",
    "admin_code1": "",
    "admin_name2": "",
    "admin_code2": "",
    "admin_name3": "",
    "admin_code3": "",
    "latitude": "65.2669",
    "longitude": "-14.3948",
    "accuracy": "3"
  },
  {
    "country_code": "IS",
    "postal_code": "710",
    "place_name": "Seyðisfirði",
    "admin_name1": "",
    "admin_code1": "",
    "admin_name2": "",
    "admin_code2": "",
    "admin_name3": "",
    "admin_code3": "",
    "latitude": "65.2601",
    "longitude": "-14.0058",
    "accuracy": "4"
  },
  {
    "country_code": "IS",
    "postal_code": "715",
    "place_name": "Mjóafirði",
    "admin_name1": "",
    "admin_code1": "",
    "admin_name2": "",
    "admin_code2": "",
    "admin_name3": "",
    "admin_code3": "",
    "latitude": "65.1885",
    "longitude": "-14.0326",
    "accuracy": "4"
  },
  {
    "country_code": "IS",
    "postal_code": "720",
    "place_name": "Borgarfirði (eystri)",
    "admin_name1": "",
    "admin_code1": "",
    "admin_name2": "",
    "admin_code2": "",
    "admin_name3": "",
    "admin_code3": "",
    "latitude": "65.5255",
    "longitude": "-13.8038",
    "accuracy": "4"
  },
  {
    "country_code": "IS",
    "postal_code": "730",
    "place_name": "Reyðarfirði",
    "admin_name1": "",
    "admin_code1": "",
    "admin_name2": "",
    "admin_code2": "",
    "admin_name3": "",
    "admin_code3": "",
    "latitude": "65.0316",
    "longitude": "-14.2183",
    "accuracy": "4"
  },
  {
    "country_code": "IS",
    "postal_code": "735",
    "place_name": "Eskifirði",
    "admin_name1": "",
    "admin_code1": "",
    "admin_name2": "",
    "admin_code2": "",
    "admin_name3": "",
    "admin_code3": "",
    "latitude": "65.0731",
    "longitude": "-14.0152",
    "accuracy": "4"
  },
  {
    "country_code": "IS",
    "postal_code": "740",
    "place_name": "Neskaupstað",
    "admin_name1": "",
    "admin_code1": "",
    "admin_name2": "",
    "admin_code2": "",
    "admin_name3": "",
    "admin_code3": "",
    "latitude": "65.1482",
    "longitude": "-13.6837",
    "accuracy": "4"
  },
  {
    "country_code": "IS",
    "postal_code": "750",
    "place_name": "Fáskrúðsfirði",
    "admin_name1": "",
    "admin_code1": "",
    "admin_name2": "",
    "admin_code2": "",
    "admin_name3": "",
    "admin_code3": "",
    "latitude": "64.9313",
    "longitude": "-14.0189",
    "accuracy": "4"
  },
  {
    "country_code": "IS",
    "postal_code": "755",
    "place_name": "Stöðvarfirði",
    "admin_name1": "",
    "admin_code1": "",
    "admin_name2": "",
    "admin_code2": "",
    "admin_name3": "",
    "admin_code3": "",
    "latitude": "64.833",
    "longitude": "-13.8749",
    "accuracy": "4"
  },
  {
    "country_code": "IS",
    "postal_code": "760",
    "place_name": "Breiðdalsvík",
    "admin_name1": "",
    "admin_code1": "",
    "admin_name2": "",
    "admin_code2": "",
    "admin_name3": "",
    "admin_code3": "",
    "latitude": "64.7921",
    "longitude": "-14.0065",
    "accuracy": "4"
  },
  {
    "country_code": "IS",
    "postal_code": "765",
    "place_name": "Djúpavogi",
    "admin_name1": "",
    "admin_code1": "",
    "admin_name2": "",
    "admin_code2": "",
    "admin_name3": "",
    "admin_code3": "",
    "latitude": "64.6571",
    "longitude": "-14.2852",
    "accuracy": "4"
  },
  {
    "country_code": "IS",
    "postal_code": "780",
    "place_name": "Höfn í Hornafirði",
    "admin_name1": "",
    "admin_code1": "",
    "admin_name2": "",
    "admin_code2": "",
    "admin_name3": "",
    "admin_code3": "",
    "latitude": "64.2539",
    "longitude": "-15.2121",
    "accuracy": "4"
  },
  {
    "country_code": "IS",
    "postal_code": "781",
    "place_name": "Höfn í Hornafirði",
    "admin_name1": "",
    "admin_code1": "",
    "admin_name2": "",
    "admin_code2": "",
    "admin_name3": "",
    "admin_code3": "",
    "latitude": "64.2539",
    "longitude": "-15.2121",
    "accuracy": "3"
  },
  {
    "country_code": "IS",
    "postal_code": "785",
    "place_name": "Öræfum",
    "admin_name1": "",
    "admin_code1": "",
    "admin_name2": "",
    "admin_code2": "",
    "admin_name3": "",
    "admin_code3": "",
    "latitude": "63.8873",
    "longitude": "-16.6965",
    "accuracy": "3"
  },
  {
    "country_code": "IS",
    "postal_code": "800",
    "place_name": "Selfossi",
    "admin_name1": "",
    "admin_code1": "",
    "admin_name2": "",
    "admin_code2": "",
    "admin_name3": "",
    "admin_code3": "",
    "latitude": "63.9331",
    "longitude": "-20.9971",
    "accuracy": "4"
  },
  {
    "country_code": "IS",
    "postal_code": "801",
    "place_name": "Selfossi",
    "admin_name1": "",
    "admin_code1": "",
    "admin_name2": "",
    "admin_code2": "",
    "admin_name3": "",
    "admin_code3": "",
    "latitude": "63.9331",
    "longitude": "-20.9971",
    "accuracy": "3"
  },
  {
    "country_code": "IS",
    "postal_code": "802",
    "place_name": "Selfossi",
    "admin_name1": "",
    "admin_code1": "",
    "admin_name2": "",
    "admin_code2": "",
    "admin_name3": "",
    "admin_code3": "",
    "latitude": "63.9369",
    "longitude": "-20.9949",
    "accuracy": "5"
  },
  {
    "country_code": "IS",
    "postal_code": "810",
    "place_name": "Hveragerði",
    "admin_name1": "",
    "admin_code1": "",
    "admin_name2": "",
    "admin_code2": "",
    "admin_name3": "",
    "admin_code3": "",
    "latitude": "64.0004",
    "longitude": "-21.186",
    "accuracy": "4"
  },
  {
    "country_code": "IS",
    "postal_code": "815",
    "place_name": "Þorlákshöfn",
    "admin_name1": "",
    "admin_code1": "",
    "admin_name2": "",
    "admin_code2": "",
    "admin_name3": "",
    "admin_code3": "",
    "latitude": "63.8559",
    "longitude": "-21.3834",
    "accuracy": "4"
  },
  {
    "country_code": "IS",
    "postal_code": "820",
    "place_name": "Eyrarbakka",
    "admin_name1": "",
    "admin_code1": "",
    "admin_name2": "",
    "admin_code2": "",
    "admin_name3": "",
    "admin_code3": "",
    "latitude": "63.8632",
    "longitude": "-21.1491",
    "accuracy": "4"
  },
  {
    "country_code": "IS",
    "postal_code": "825",
    "place_name": "Stokkseyri",
    "admin_name1": "",
    "admin_code1": "",
    "admin_name2": "",
    "admin_code2": "",
    "admin_name3": "",
    "admin_code3": "",
    "latitude": "63.8379",
    "longitude": "-21.0587",
    "accuracy": "4"
  },
  {
    "country_code": "IS",
    "postal_code": "840",
    "place_name": "Laugarvatni",
    "admin_name1": "",
    "admin_code1": "",
    "admin_name2": "",
    "admin_code2": "",
    "admin_name3": "",
    "admin_code3": "",
    "latitude": "64.2176",
    "longitude": "-20.7339",
    "accuracy": "4"
  },
  {
    "country_code": "IS",
    "postal_code": "845",
    "place_name": "Flúðum",
    "admin_name1": "",
    "admin_code1": "",
    "admin_name2": "",
    "admin_code2": "",
    "admin_name3": "",
    "admin_code3": "",
    "latitude": "64.1343",
    "longitude": "-20.3226",
    "accuracy": "4"
  },
  {
    "country_code": "IS",
    "postal_code": "850",
    "place_name": "Hellu",
    "admin_name1": "",
    "admin_code1": "",
    "admin_name2": "",
    "admin_code2": "",
    "admin_name3": "",
    "admin_code3": "",
    "latitude": "63.8348",
    "longitude": "-20.4008",
    "accuracy": "4"
  },
  {
    "country_code": "IS",
    "postal_code": "851",
    "place_name": "Hellu",
    "admin_name1": "",
    "admin_code1": "",
    "admin_name2": "",
    "admin_code2": "",
    "admin_name3": "",
    "admin_code3": "",
    "latitude": "63.8348",
    "longitude": "-20.4008",
    "accuracy": "3"
  },
  {
    "country_code": "IS",
    "postal_code": "860",
    "place_name": "Hvolsvelli",
    "admin_name1": "",
    "admin_code1": "",
    "admin_name2": "",
    "admin_code2": "",
    "admin_name3": "",
    "admin_code3": "",
    "latitude": "63.7507",
    "longitude": "-20.2245",
    "accuracy": "4"
  },
  {
    "country_code": "IS",
    "postal_code": "861",
    "place_name": "Hvolsvelli",
    "admin_name1": "",
    "admin_code1": "",
    "admin_name2": "",
    "admin_code2": "",
    "admin_name3": "",
    "admin_code3": "",
    "latitude": "63.7507",
    "longitude": "-20.2245",
    "accuracy": "3"
  },
  {
    "country_code": "IS",
    "postal_code": "870",
    "place_name": "Vík",
    "admin_name1": "",
    "admin_code1": "",
    "admin_name2": "",
    "admin_code2": "",
    "admin_name3": "",
    "admin_code3": "",
    "latitude": "63.4194",
    "longitude": "-19.0097",
    "accuracy": "4"
  },
  {
    "country_code": "IS",
    "postal_code": "871",
    "place_name": "Vík",
    "admin_name1": "",
    "admin_code1": "",
    "admin_name2": "",
    "admin_code2": "",
    "admin_name3": "",
    "admin_code3": "",
    "latitude": "63.4194",
    "longitude": "-19.0097",
    "accuracy": "3"
  },
  {
    "country_code": "IS",
    "postal_code": "880",
    "place_name": "Kirkjubæjarklaustri",
    "admin_name1": "",
    "admin_code1": "",
    "admin_name2": "",
    "admin_code2": "",
    "admin_name3": "",
    "admin_code3": "",
    "latitude": "63.7893",
    "longitude": "-18.0527",
    "accuracy": "4"
  },
  {
    "country_code": "IS",
    "postal_code": "900",
    "place_name": "Vestmannaeyjum",
    "admin_name1": "",
    "admin_code1": "",
    "admin_name2": "",
    "admin_code2": "",
    "admin_name3": "",
    "admin_code3": "",
    "latitude": "63.4427",
    "longitude": "-20.2734",
    "accuracy": "4"
  },
  {
    "country_code": "IS",
    "postal_code": "902",
    "place_name": "Vestmannaeyjum",
    "admin_name1": "",
    "admin_code1": "",
    "admin_name2": "",
    "admin_code2": "",
    "admin_name3": "",
    "admin_code3": "",
    "latitude": "63.4406",
    "longitude": "-20.267",
    "accuracy": "5"
  }
]