[
  {
    "country_code": "JE",
    "postal_code": "JE4",
    "place_name": "Jersey",
    "admin_name1": "",
    "admin_code1": "",
    "admin_name2": "",
    "admin_code2": "L99999999",
    "admin_name3": "",
    "admin_code3": "L99999999",
    "latitude": "49.2167",
    "longitude": "-2.1167",
    "accuracy": ""
  },
  {
    "country_code": "JE",
    "postal_code": "JE1",
    "place_name": "St Helier",
    "admin_name1": "",
    "admin_code1": "",
    "admin_name2": "Jersey Channel Islands",
    "admin_code2": "",
    "admin_name3": "",
    "admin_code3": "",
    "latitude": "49.2",
    "longitude": "-2.1333",
    "accuracy": ""
  },
  {
    "country_code": "JE",
    "postal_code": "JE2",
    "place_name": "St Helier",
    "admin_name1": "",
    "admin_code1": "",
    "admin_name2": "Jersey Channel Islands",
    "admin_code2": "",
    "admin_name3": "",
    "admin_code3": "",
    "latitude": "49.2",
    "longitude": "-2.1333",
    "accuracy": ""
  },
  {
    "country_code": "JE",
    "postal_code": "JE3",
    "place_name": "St Brelades",
    "admin_name1": "",
    "admin_code1": "",
    "admin_name2": "Jersey Channel Islands",
    "admin_code2": "",
    "admin_name3": "",
    "admin_code3": "",
    "latitude": "49.2",
    "longitude": "-2.1333",
    "accuracy": ""
  },
  {
    "country_code": "JE",
    "postal_code": "JE3",
    "place_name": "St Lawrence",
    "admin_name1": "",
    "admin_code1": "",
    "admin_name2": "Jersey Channel Islands",
    "admin_code2": "",
    "admin_name3": "",
    "admin_code3": "",
    "latitude": "49.2",
    "longitude": "-2.1333",
    "accuracy": ""
  }
]