[
  {
    "country_code": "LI",
    "postal_code": "9490",
    "place_name": "Vaduz",
    "admin_name1": "Vaduz",
    "admin_code1": "7001",
    "admin_name2": "",
    "admin_code2": "",
    "admin_name3": "",
    "admin_code3": "",
    "latitude": "47.1431",
    "longitude": "9.5256",
    "accuracy": "6"
  },
  {
    "country_code": "LI",
    "postal_code": "9495",
    "place_name": "Triesen",
    "admin_name1": "Triesen",
    "admin_code1": "7002",
    "admin_name2": "",
    "admin_code2": "",
    "admin_name3": "",
    "admin_code3": "",
    "latitude": "47.0805",
    "longitude": "9.5515",
    "accuracy": "6"
  },
  {
    "country_code": "LI",
    "postal_code": "9496",
    "place_name": "Balzers",
    "admin_name1": "Balzers",
    "admin_code1": "7003",
    "admin_name2": "",
    "admin_code2": "",
    "admin_name3": "",
    "admin_code3": "",
    "latitude": "47.067",
    "longitude": "9.5078",
    "accuracy": "6"
  },
  {
    "country_code": "LI",
    "postal_code": "9497",
    "place_name": "Triesenberg",
    "admin_name1": "Triesenberg",
    "admin_code1": "7004",
    "admin_name2": "",
    "admin_code2": "",
    "admin_name3": "",
    "admin_code3": "",
    "latitude": "47.115",
    "longitude": "9.5831",
    "accuracy": "6"
  },
  {
    "country_code": "LI",
    "postal_code": "9494",
    "place_name": "Schaan",
    "admin_name1": "Schaan",
    "admin_code1": "7005",
    "admin_name2": "",
    "admin_code2": "",
    "admin_name3": "",
    "admin_code3": "",
    "latitude": "47.1746",
    "longitude": "9.5247",
    "accuracy": "6"
  },
  {
    "country_code": "LI",
    "postal_code": "9498",
    "place_name": "Planken",
    "admin_name1": "Planken",
    "admin_code1": "7006",
    "admin_name2": "",
    "admin_code2": "",
    "admin_name3": "",
    "admin_code3": "",
    "latitude": "47.1821",
    "longitude": "9.5574",
    "accuracy": "6"
  },
  {
    "country_code": "LI",
    "postal_code": "9485",
    "place_name": "Nendeln",
    "admin_name1": "Eschen",
    "admin_code1": "7007",
    "admin_name2": "",
    "admin_code2": "",
    "admin_name3": "",
    "admin_code3": "",
    "latitude": "47.1984",
    "longitude": "9.5501",
    "accuracy": "6"
  },
  {
    "country_code": "LI",
    "postal_code": "9492",
    "place_name": "Eschen",
    "admin_name1": "Eschen",
    "admin_code1": "7007",
    "admin_name2": "",
    "admin_code2": "",
    "admin_name3": "",
    "admin_code3": "",
    "latitude": "47.209",
    "longitude": "9.5223",
    "accuracy": "6"
  },
  {
    "country_code": "LI",
    "postal_code": "9486",
    "place_name": "Schaanwald",
    "admin_name1": "Mauren",
    "admin_code1": "7008",
    "admin_name2": "",
    "admin_code2": "",
    "admin_name3": "",
    "admin_code3": "",
    "latitude": "47.2151",
    "longitude": "9.562",
    "accuracy": "6"
  },
  {
    "country_code": "LI",
    "postal_code": "9493",
    "place_name": "Mauren FL",
    "admin_name1": "Mauren",
    "admin_code1": "7008",
    "admin_name2": "",
    "admin_code2": "",
    "admin_name3": "",
    "admin_code3": "",
    "latitude": "47.2191",
    "longitude": "9.5464",
    "accuracy": "6"
  },
  {
    "country_code": "LI",
    "postal_code": "9487",
    "place_name": "Gamprin-Bendern",
    "admin_name1": "Gamprin",
    "admin_code1": "7009",
    "admin_name2": "",
    "admin_code2": "",
    "admin_name3": "",
    "admin_code3": "",
    "latitude": "47.2249",
    "longitude": "9.5135",
    "accuracy": "6"
  },
  {
    "country_code": "LI",
    "postal_code": "9491",
    "place_name": "Ruggell",
    "admin_name1": "Ruggell",
    "admin_code1": "7010",
    "admin_name2": "",
    "admin_code2": "",
    "admin_name3": "",
    "admin_code3": "",
    "latitude": "47.2484",
    "longitude": "9.5345",
    "accuracy": "6"
  },
  {
    "country_code": "LI",
    "postal_code": "9488",
    "place_name": "Schellenberg",
    "admin_name1": "Schellenberg",
    "admin_code1": "7011",
    "admin_name2": "",
    "admin_code2": "",
    "admin_name3": "",
    "admin_code3": "",
    "latitude": "47.2318",
    "longitude": "9.5478",
    "accuracy": "6"
  }
]