[
  {
    "country_code": "MC",
    "postal_code": "98000",
    "place_name": "Pointe de la Poudrière",
    "admin_name1": "Monaco",
    "admin_code1": "01",
    "admin_name2": "Monaco",
    "admin_code2": "01",
    "admin_name3": "Monaco-Ville",
    "admin_code3": "",
    "latitude": "43.7319",
    "longitude": "7.4278",
    "accuracy": ""
  },
  {
    "country_code": "MC",
    "postal_code": "98000",
    "place_name": "Jardin Exotique",
    "admin_name1": "Monaco",
    "admin_code1": "01",
    "admin_name2": "Monaco",
    "admin_code2": "01",
    "admin_name3": "Monaco-Ville",
    "admin_code3": "",
    "latitude": "43.7167",
    "longitude": "7.4",
    "accuracy": ""
  },
  {
    "country_code": "MC",
    "postal_code": "98000",
    "place_name": "Larvotto",
    "admin_name1": "Monaco",
    "admin_code1": "01",
    "admin_name2": "Monaco",
    "admin_code2": "01",
    "admin_name3": "Larvotto",
    "admin_code3": "",
    "latitude": "43.7333",
    "longitude": "7.4333",
    "accuracy": ""
  },
  {
    "country_code": "MC",
    "postal_code": "98000",
    "place_name": "Monaco-Ville",
    "admin_name1": "Monaco",
    "admin_code1": "01",
    "admin_name2": "Monaco",
    "admin_code2": "01",
    "admin_name3": "Monaco-Ville",
    "admin_code3": "",
    "latitude": "43.7333",
    "longitude": "7.4167",
    "accuracy": ""
  },
  {
    "country_code": "MC",
    "postal_code": "98000",
    "place_name": "Monaco",
    "admin_name1": "Monaco",
    "admin_code1": "01",
    "admin_name2": "Monaco",
    "admin_code2": "01",
    "admin_name3": "Monaco",
    "admin_code3": "",
    "latitude": "43.7333",
    "longitude": "7.4",
    "accuracy": ""
  },
  {
    "country_code": "MC",
    "postal_code": "98000",
    "place_name": "Port de Fontvieille",
    "admin_name1": "Monaco",
    "admin_code1": "01",
    "admin_name2": "Monaco",
    "admin_code2": "01",
    "admin_name3": "Fontvieille",
    "admin_code3": "",
    "latitude": "43.7306",
    "longitude": "7.4208",
    "accuracy": ""
  },
  {
    "country_code": "MC",
    "postal_code": "98000",
    "place_name": "La Condamine",
    "admin_name1": "Monaco",
    "admin_code1": "01",
    "admin_name2": "Monaco",
    "admin_code2": "01",
    "admin_name3": "La Condamine",
    "admin_code3": "",
    "latitude": "43.7333",
    "longitude": "7.4167",
    "accuracy": ""
  },
  {
    "country_code": "MC",
    "postal_code": "98000",
    "place_name": "Anse de la Grue",
    "admin_name1": "Monaco",
    "admin_code1": "01",
    "admin_name2": "Monaco",
    "admin_code2": "01",
    "admin_name3": "Monte-Carlo",
    "admin_code3": "",
    "latitude": "43.7306",
    "longitude": "7.4217",
    "accuracy": ""
  },
  {
    "country_code": "MC",
    "postal_code": "98000",
    "place_name": "Pointe Saint-Martin",
    "admin_name1": "Monaco",
    "admin_code1": "01",
    "admin_name2": "Monaco",
    "admin_code2": "01",
    "admin_name3": "Monaco-Ville",
    "admin_code3": "",
    "latitude": "43.7306",
    "longitude": "7.425",
    "accuracy": ""
  },
  {
    "country_code": "MC",
    "postal_code": "98000",
    "place_name": "Port Hercule",
    "admin_name1": "Monaco",
    "admin_code1": "01",
    "admin_name2": "Monaco",
    "admin_code2": "01",
    "admin_name3": "Fontvieille",
    "admin_code3": "",
    "latitude": "43.7361",
    "longitude": "7.425",
    "accuracy": ""
  },
  {
    "country_code": "MC",
    "postal_code": "98000",
    "place_name": "Port de La Condamine",
    "admin_name1": "Monaco",
    "admin_code1": "01",
    "admin_name2": "Monaco",
    "admin_code2": "01",
    "admin_name3": "La Condamine",
    "admin_code3": "",
    "latitude": "43.7361",
    "longitude": "7.425",
    "accuracy": ""
  },
  {
    "country_code": "MC",
    "postal_code": "98000",
    "place_name": "Port de Monaco",
    "admin_name1": "Monaco",
    "admin_code1": "01",
    "admin_name2": "Monaco",
    "admin_code2": "01",
    "admin_name3": "La Condamine",
    "admin_code3": "",
    "latitude": "43.7361",
    "longitude": "7.425",
    "accuracy": ""
  },
  {
    "country_code": "MC",
    "postal_code": "98000",
    "place_name": "Pointe Saint-Antoine",
    "admin_name1": "Monaco",
    "admin_code1": "01",
    "admin_name2": "Monaco",
    "admin_code2": "01",
    "admin_name3": "Larvotto",
    "admin_code3": "",
    "latitude": "43.7333",
    "longitude": "7.4278",
    "accuracy": ""
  },
  {
    "country_code": "MC",
    "postal_code": "98000",
    "place_name": "Anse du Portier",
    "admin_name1": "Monaco",
    "admin_code1": "01",
    "admin_name2": "Monaco",
    "admin_code2": "01",
    "admin_name3": "Larvotto",
    "admin_code3": "",
    "latitude": "43.7417",
    "longitude": "7.4322",
    "accuracy": ""
  },
  {
    "country_code": "MC",
    "postal_code": "98000",
    "place_name": "Pointe Focinana",
    "admin_name1": "Monaco",
    "admin_code1": "01",
    "admin_name2": "Monaco",
    "admin_code2": "01",
    "admin_name3": "Monte-Carlo",
    "admin_code3": "",
    "latitude": "43.7333",
    "longitude": "7.4333",
    "accuracy": ""
  },
  {
    "country_code": "MC",
    "postal_code": "98000",
    "place_name": "Plage du Larvotto",
    "admin_name1": "Monaco",
    "admin_code1": "01",
    "admin_name2": "Monaco",
    "admin_code2": "01",
    "admin_name3": "Larvotto",
    "admin_code3": "",
    "latitude": "43.7333",
    "longitude": "7.4333",
    "accuracy": ""
  },
  {
    "country_code": "MC",
    "postal_code": "98000",
    "place_name": "Rocher de Monaco",
    "admin_name1": "Monaco",
    "admin_code1": "01",
    "admin_name2": "Monaco",
    "admin_code2": "01",
    "admin_name3": "Monaco-Ville",
    "admin_code3": "",
    "latitude": "43.7333",
    "longitude": "7.4333",
    "accuracy": ""
  },
  {
    "country_code": "MC",
    "postal_code": "98000",
    "place_name": "Réserve Sous-marine du Larvotto",
    "admin_name1": "Monaco",
    "admin_code1": "01",
    "admin_name2": "Monaco",
    "admin_code2": "01",
    "admin_name3": "Larvotto",
    "admin_code3": "",
    "latitude": "43.7458",
    "longitude": "7.4394",
    "accuracy": ""
  },
  {
    "country_code": "MC",
    "postal_code": "98000",
    "place_name": "Réserve Sous-marine de Monaco",
    "admin_name1": "Monaco",
    "admin_code1": "01",
    "admin_name2": "Monaco",
    "admin_code2": "01",
    "admin_name3": "Monaco",
    "admin_code3": "",
    "latitude": "43.7458",
    "longitude": "7.4394",
    "accuracy": ""
  },
  {
    "country_code": "MC",
    "postal_code": "98000",
    "place_name": "Commune de Monaco",
    "admin_name1": "Monaco",
    "admin_code1": "01",
    "admin_name2": "Monaco",
    "admin_code2": "01",
    "admin_name3": "Monaco",
    "admin_code3": "",
    "latitude": "43.7333",
    "longitude": "7.4",
    "accuracy": ""
  },
  {
    "country_code": "MC",
    "postal_code": "98000",
    "place_name": "Les Moneghetti",
    "admin_name1": "Monaco",
    "admin_code1": "01",
    "admin_name2": "Monaco",
    "admin_code2": "01",
    "admin_name3": "Les Moneghetti",
    "admin_code3": "",
    "latitude": "43.7375",
    "longitude": "7.4153",
    "accuracy": ""
  },
  {
    "country_code": "MC",
    "postal_code": "98000",
    "place_name": "Ciappaira",
    "admin_name1": "Monaco",
    "admin_code1": "01",
    "admin_name2": "Monaco",
    "admin_code2": "01",
    "admin_name3": "Monaco-Ville",
    "admin_code3": "",
    "latitude": "43.7167",
    "longitude": "7.4167",
    "accuracy": ""
  },
  {
    "country_code": "MC",
    "postal_code": "98000",
    "place_name": "Pointe Sainte-Barbe",
    "admin_name1": "Monaco",
    "admin_code1": "01",
    "admin_name2": "Monaco",
    "admin_code2": "01",
    "admin_name3": "Fontvieille",
    "admin_code3": "",
    "latitude": "43.7167",
    "longitude": "7.4167",
    "accuracy": ""
  },
  {
    "country_code": "MC",
    "postal_code": "98000",
    "place_name": "Stade Louis Deux",
    "admin_name1": "Monaco",
    "admin_code1": "01",
    "admin_name2": "Monaco",
    "admin_code2": "01",
    "admin_name3": "Fontvieille",
    "admin_code3": "",
    "latitude": "43.7167",
    "longitude": "7.4167",
    "accuracy": ""
  },
  {
    "country_code": "MC",
    "postal_code": "98000",
    "place_name": "Anse de Canton",
    "admin_name1": "Monaco",
    "admin_code1": "01",
    "admin_name2": "Monaco",
    "admin_code2": "01",
    "admin_name3": "Fontvieille",
    "admin_code3": "",
    "latitude": "43.7333",
    "longitude": "7.4167",
    "accuracy": ""
  },
  {
    "country_code": "MC",
    "postal_code": "98000",
    "place_name": "Condamine",
    "admin_name1": "Monaco",
    "admin_code1": "01",
    "admin_name2": "Monaco",
    "admin_code2": "01",
    "admin_name3": "La Condamine",
    "admin_code3": "",
    "latitude": "43.7333",
    "longitude": "7.4167",
    "accuracy": ""
  },
  {
    "country_code": "MC",
    "postal_code": "98000",
    "place_name": "Jardin Japonais",
    "admin_name1": "Monaco",
    "admin_code1": "01",
    "admin_name2": "Monaco",
    "admin_code2": "01",
    "admin_name3": "Larvotto",
    "admin_code3": "",
    "latitude": "43.7333",
    "longitude": "7.4167",
    "accuracy": ""
  },
  {
    "country_code": "MC",
    "postal_code": "98000",
    "place_name": "Monte-Carlo",
    "admin_name1": "Monaco",
    "admin_code1": "01",
    "admin_name2": "Monaco",
    "admin_code2": "01",
    "admin_name3": "Monte-Carlo",
    "admin_code3": "",
    "latitude": "43.7333",
    "longitude": "7.4167",
    "accuracy": ""
  },
  {
    "country_code": "MC",
    "postal_code": "98000",
    "place_name": "Fontvieille",
    "admin_name1": "Monaco",
    "admin_code1": "01",
    "admin_name2": "Monaco",
    "admin_code2": "01",
    "admin_name3": "Fontvieille",
    "admin_code3": "",
    "latitude": "43.7333",
    "longitude": "7.4167",
    "accuracy": ""
  }
]