[
  {
    "country_code": "MH",
    "postal_code": "96960",
    "place_name": "Majuro",
    "admin_name1": "Marshall Islands",
    "admin_code1": "68",
    "admin_name2": "Ailinginae",
    "admin_code2": "007",
    "admin_name3": "",
    "admin_code3": "",
    "latitude": "11.1405",
    "longitude": "166.4103",
    "accuracy": "4"
  },
  {
    "country_code": "MH",
    "postal_code": "96970",
    "place_name": "Ebeye",
    "admin_name1": "Marshall Islands",
    "admin_code1": "68",
    "admin_name2": "Ailinginae",
    "admin_code2": "007",
    "admin_name3": "",
    "admin_code3": "",
    "latitude": "11.1405",
    "longitude": "166.4103",
    "accuracy": "4"
  }
]