[
  {
    "country_code": "MK",
    "postal_code": "1000",
    "place_name": "Skopje",
    "admin_name1": "",
    "admin_code1": "",
    "admin_name2": "",
    "admin_code2": "",
    "admin_name3": "",
    "admin_code3": "",
    "latitude": "42",
    "longitude": "21.4333",
    "accuracy": "4"
  },
  {
    "country_code": "MK",
    "postal_code": "1010",
    "place_name": "Skopje",
    "admin_name1": "",
    "admin_code1": "",
    "admin_name2": "",
    "admin_code2": "",
    "admin_name3": "",
    "admin_code3": "",
    "latitude": "42",
    "longitude": "21.4333",
    "accuracy": "4"
  },
  {
    "country_code": "MK",
    "postal_code": "1011",
    "place_name": "Kuceviste",
    "admin_name1": "",
    "admin_code1": "",
    "admin_name2": "",
    "admin_code2": "",
    "admin_name3": "",
    "admin_code3": "",
    "latitude": "42.1097",
    "longitude": "21.4181",
    "accuracy": "4"
  },
  {
    "country_code": "MK",
    "postal_code": "1020",
    "place_name": "Skopje-Karpos 3",
    "admin_name1": "",
    "admin_code1": "",
    "admin_name2": "",
    "admin_code2": "",
    "admin_name3": "",
    "admin_code3": "",
    "latitude": "41.9367",
    "longitude": "21.5217",
    "accuracy": ""
  },
  {
    "country_code": "MK",
    "postal_code": "1040",
    "place_name": "Skopje",
    "admin_name1": "",
    "admin_code1": "",
    "admin_name2": "",
    "admin_code2": "",
    "admin_name3": "",
    "admin_code3": "",
    "latitude": "42",
    "longitude": "21.4333",
    "accuracy": "4"
  },
  {
    "country_code": "MK",
    "postal_code": "1041",
    "place_name": "Ilinden",
    "admin_name1": "",
    "admin_code1": "",
    "admin_name2": "",
    "admin_code2": "",
    "admin_name3": "",
    "admin_code3": "",
    "latitude": "41.9961",
    "longitude": "21.5822",
    "accuracy": "4"
  },
  {
    "country_code": "MK",
    "postal_code": "1042",
    "place_name": "Miladinovci",
    "admin_name1": "",
    "admin_code1": "",
    "admin_name2": "",
    "admin_code2": "",
    "admin_name3": "",
    "admin_code3": "",
    "latitude": "41.9781",
    "longitude": "21.6494",
    "accuracy": "4"
  },
  {
    "country_code": "MK",
    "postal_code": "1043",
    "place_name": "Petrovec",
    "admin_name1": "",
    "admin_code1": "",
    "admin_name2": "",
    "admin_code2": "",
    "admin_name3": "",
    "admin_code3": "",
    "latitude": "41.9389",
    "longitude": "21.615",
    "accuracy": "4"
  },
  {
    "country_code": "MK",
    "postal_code": "1044",
    "place_name": "Katlanovo",
    "admin_name1": "",
    "admin_code1": "",
    "admin_name2": "",
    "admin_code2": "",
    "admin_name3": "",
    "admin_code3": "",
    "latitude": "41.8944",
    "longitude": "21.6831",
    "accuracy": "4"
  },
  {
    "country_code": "MK",
    "postal_code": "1045",
    "place_name": "Aracinovo",
    "admin_name1": "",
    "admin_code1": "",
    "admin_name2": "",
    "admin_code2": "",
    "admin_name3": "",
    "admin_code3": "",
    "latitude": "42.0264",
    "longitude": "21.5619",
    "accuracy": "4"
  },
  {
    "country_code": "MK",
    "postal_code": "1047",
    "place_name": "Jurumleri",
    "admin_name1": "",
    "admin_code1": "",
    "admin_name2": "",
    "admin_code2": "",
    "admin_name3": "",
    "admin_code3": "",
    "latitude": "41.9672",
    "longitude": "21.5569",
    "accuracy": "4"
  },
  {
    "country_code": "MK",
    "postal_code": "1050",
    "place_name": "Skopje-Dracevo",
    "admin_name1": "",
    "admin_code1": "",
    "admin_name2": "",
    "admin_code2": "",
    "admin_name3": "",
    "admin_code3": "",
    "latitude": "41.9367",
    "longitude": "21.5217",
    "accuracy": ""
  },
  {
    "country_code": "MK",
    "postal_code": "1053",
    "place_name": "Zelenikovo",
    "admin_name1": "",
    "admin_code1": "",
    "admin_name2": "",
    "admin_code2": "",
    "admin_name3": "",
    "admin_code3": "",
    "latitude": "41.8867",
    "longitude": "21.5869",
    "accuracy": "4"
  },
  {
    "country_code": "MK",
    "postal_code": "1054",
    "place_name": "Rakotnici",
    "admin_name1": "",
    "admin_code1": "",
    "admin_name2": "",
    "admin_code2": "",
    "admin_name3": "",
    "admin_code3": "",
    "latitude": "41.3161",
    "longitude": "21.1898",
    "accuracy": ""
  },
  {
    "country_code": "MK",
    "postal_code": "1060",
    "place_name": "Skopje-Gjorce Petrov",
    "admin_name1": "",
    "admin_code1": "",
    "admin_name2": "",
    "admin_code2": "",
    "admin_name3": "",
    "admin_code3": "",
    "latitude": "42.0609",
    "longitude": "21.3193",
    "accuracy": ""
  },
  {
    "country_code": "MK",
    "postal_code": "1062",
    "place_name": "Radusa",
    "admin_name1": "",
    "admin_code1": "",
    "admin_name2": "",
    "admin_code2": "",
    "admin_name3": "",
    "admin_code3": "",
    "latitude": "42.085",
    "longitude": "21.2106",
    "accuracy": "4"
  },
  {
    "country_code": "MK",
    "postal_code": "1063",
    "place_name": "Bukovik",
    "admin_name1": "",
    "admin_code1": "",
    "admin_name2": "",
    "admin_code2": "",
    "admin_name3": "",
    "admin_code3": "",
    "latitude": "41.9683",
    "longitude": "21.2369",
    "accuracy": "4"
  },
  {
    "country_code": "MK",
    "postal_code": "1200",
    "place_name": "Tetovo",
    "admin_name1": "",
    "admin_code1": "",
    "admin_name2": "",
    "admin_code2": "",
    "admin_name3": "",
    "admin_code3": "",
    "latitude": "42.0106",
    "longitude": "20.9714",
    "accuracy": "4"
  },
  {
    "country_code": "MK",
    "postal_code": "1201",
    "place_name": "Mala Recica",
    "admin_name1": "",
    "admin_code1": "",
    "admin_name2": "",
    "admin_code2": "",
    "admin_name3": "",
    "admin_code3": "",
    "latitude": "41.9925",
    "longitude": "20.9578",
    "accuracy": "4"
  },
  {
    "country_code": "MK",
    "postal_code": "1203",
    "place_name": "Nerashte",
    "admin_name1": "",
    "admin_code1": "",
    "admin_name2": "",
    "admin_code2": "",
    "admin_name3": "",
    "admin_code3": "",
    "latitude": "42.1067",
    "longitude": "21.1089",
    "accuracy": "4"
  },
  {
    "country_code": "MK",
    "postal_code": "1206",
    "place_name": "Jazince",
    "admin_name1": "",
    "admin_code1": "",
    "admin_name2": "",
    "admin_code2": "",
    "admin_name3": "",
    "admin_code3": "",
    "latitude": "42.1644",
    "longitude": "21.1761",
    "accuracy": "4"
  },
  {
    "country_code": "MK",
    "postal_code": "1211",
    "place_name": "Dobroste",
    "admin_name1": "",
    "admin_code1": "",
    "admin_name2": "",
    "admin_code2": "",
    "admin_name3": "",
    "admin_code3": "",
    "latitude": "42.1033",
    "longitude": "21.0778",
    "accuracy": "4"
  },
  {
    "country_code": "MK",
    "postal_code": "1212",
    "place_name": "Dzepciste",
    "admin_name1": "",
    "admin_code1": "",
    "admin_name2": "",
    "admin_code2": "",
    "admin_name3": "",
    "admin_code3": "",
    "latitude": "42.0328",
    "longitude": "21",
    "accuracy": "4"
  },
  {
    "country_code": "MK",
    "postal_code": "1213",
    "place_name": "Zerovjane",
    "admin_name1": "",
    "admin_code1": "",
    "admin_name2": "",
    "admin_code2": "",
    "admin_name3": "",
    "admin_code3": "",
    "latitude": "41.9153",
    "longitude": "20.9478",
    "accuracy": "4"
  },
  {
    "country_code": "MK",
    "postal_code": "1214",
    "place_name": "Pirok",
    "admin_name1": "",
    "admin_code1": "",
    "admin_name2": "",
    "admin_code2": "",
    "admin_name3": "",
    "admin_code3": "",
    "latitude": "41.9108",
    "longitude": "20.9106",
    "accuracy": "4"
  },
  {
    "country_code": "MK",
    "postal_code": "1215",
    "place_name": "Jegunovce",
    "admin_name1": "",
    "admin_code1": "",
    "admin_name2": "",
    "admin_code2": "",
    "admin_name3": "",
    "admin_code3": "",
    "latitude": "42.0736",
    "longitude": "21.1236",
    "accuracy": "4"
  },
  {
    "country_code": "MK",
    "postal_code": "1216",
    "place_name": "Brvenica",
    "admin_name1": "",
    "admin_code1": "",
    "admin_name2": "",
    "admin_code2": "",
    "admin_name3": "",
    "admin_code3": "",
    "latitude": "41.9672",
    "longitude": "20.9808",
    "accuracy": "4"
  },
  {
    "country_code": "MK",
    "postal_code": "1218",
    "place_name": "Grupcin",
    "admin_name1": "",
    "admin_code1": "",
    "admin_name2": "",
    "admin_code2": "",
    "admin_name3": "",
    "admin_code3": "",
    "latitude": "41.9678",
    "longitude": "21.1303",
    "accuracy": "4"
  },
  {
    "country_code": "MK",
    "postal_code": "1219",
    "place_name": "Golema Recica",
    "admin_name1": "",
    "admin_code1": "",
    "admin_name2": "",
    "admin_code2": "",
    "admin_name3": "",
    "admin_code3": "",
    "latitude": "41.9903",
    "longitude": "20.9458",
    "accuracy": "4"
  },
  {
    "country_code": "MK",
    "postal_code": "1220",
    "place_name": "Bogovinje",
    "admin_name1": "",
    "admin_code1": "",
    "admin_name2": "",
    "admin_code2": "",
    "admin_name3": "",
    "admin_code3": "",
    "latitude": "41.9236",
    "longitude": "20.9136",
    "accuracy": "4"
  },
  {
    "country_code": "MK",
    "postal_code": "1221",
    "place_name": "Kamenjane",
    "admin_name1": "",
    "admin_code1": "",
    "admin_name2": "",
    "admin_code2": "",
    "admin_name3": "",
    "admin_code3": "",
    "latitude": "41.9444",
    "longitude": "20.9267",
    "accuracy": "4"
  },
  {
    "country_code": "MK",
    "postal_code": "1224",
    "place_name": "Tearce",
    "admin_name1": "",
    "admin_code1": "",
    "admin_name2": "",
    "admin_code2": "",
    "admin_name3": "",
    "admin_code3": "",
    "latitude": "42.0744",
    "longitude": "21.0525",
    "accuracy": "4"
  },
  {
    "country_code": "MK",
    "postal_code": "1225",
    "place_name": "Vratnica",
    "admin_name1": "",
    "admin_code1": "",
    "admin_name2": "",
    "admin_code2": "",
    "admin_name3": "",
    "admin_code3": "",
    "latitude": "42.1433",
    "longitude": "21.1169",
    "accuracy": "4"
  },
  {
    "country_code": "MK",
    "postal_code": "1226",
    "place_name": "Zelino",
    "admin_name1": "",
    "admin_code1": "",
    "admin_name2": "",
    "admin_code2": "",
    "admin_name3": "",
    "admin_code3": "",
    "latitude": "41.9803",
    "longitude": "21.0642",
    "accuracy": "4"
  },
  {
    "country_code": "MK",
    "postal_code": "1227",
    "place_name": "Celopek",
    "admin_name1": "",
    "admin_code1": "",
    "admin_name2": "",
    "admin_code2": "",
    "admin_name3": "",
    "admin_code3": "",
    "latitude": "41.9317",
    "longitude": "21.0133",
    "accuracy": "4"
  },
  {
    "country_code": "MK",
    "postal_code": "1228",
    "place_name": "Shemshevo",
    "admin_name1": "",
    "admin_code1": "",
    "admin_name2": "",
    "admin_code2": "",
    "admin_name3": "",
    "admin_code3": "",
    "latitude": "42.0247",
    "longitude": "21.0797",
    "accuracy": "4"
  },
  {
    "country_code": "MK",
    "postal_code": "1230",
    "place_name": "Gostivar",
    "admin_name1": "",
    "admin_code1": "",
    "admin_name2": "",
    "admin_code2": "",
    "admin_name3": "",
    "admin_code3": "",
    "latitude": "41.7972",
    "longitude": "20.9083",
    "accuracy": "4"
  },
  {
    "country_code": "MK",
    "postal_code": "1231",
    "place_name": "Vrutok",
    "admin_name1": "",
    "admin_code1": "",
    "admin_name2": "",
    "admin_code2": "",
    "admin_name3": "",
    "admin_code3": "",
    "latitude": "41.7686",
    "longitude": "20.8392",
    "accuracy": "4"
  },
  {
    "country_code": "MK",
    "postal_code": "1234",
    "place_name": "Debreshe",
    "admin_name1": "",
    "admin_code1": "",
    "admin_name2": "",
    "admin_code2": "",
    "admin_name3": "",
    "admin_code3": "",
    "latitude": "41.8159",
    "longitude": "20.8842",
    "accuracy": ""
  },
  {
    "country_code": "MK",
    "postal_code": "1235",
    "place_name": "Negotino-Gostivarsko",
    "admin_name1": "",
    "admin_code1": "",
    "admin_name2": "",
    "admin_code2": "",
    "admin_name3": "",
    "admin_code3": "",
    "latitude": "41.4846",
    "longitude": "22.0906",
    "accuracy": ""
  },
  {
    "country_code": "MK",
    "postal_code": "1236",
    "place_name": "Dobri Dol",
    "admin_name1": "",
    "admin_code1": "",
    "admin_name2": "",
    "admin_code2": "",
    "admin_name3": "",
    "admin_code3": "",
    "latitude": "41.8658",
    "longitude": "20.8875",
    "accuracy": "4"
  },
  {
    "country_code": "MK",
    "postal_code": "1237",
    "place_name": "Cegrane",
    "admin_name1": "",
    "admin_code1": "",
    "admin_name2": "",
    "admin_code2": "",
    "admin_name3": "",
    "admin_code3": "",
    "latitude": "41.8389",
    "longitude": "20.9758",
    "accuracy": "4"
  },
  {
    "country_code": "MK",
    "postal_code": "1238",
    "place_name": "Vrapciste",
    "admin_name1": "",
    "admin_code1": "",
    "admin_name2": "",
    "admin_code2": "",
    "admin_name3": "",
    "admin_code3": "",
    "latitude": "41.8339",
    "longitude": "20.8853",
    "accuracy": "4"
  },
  {
    "country_code": "MK",
    "postal_code": "1239",
    "place_name": "Srbinovo",
    "admin_name1": "",
    "admin_code1": "",
    "admin_name2": "",
    "admin_code2": "",
    "admin_name3": "",
    "admin_code3": "",
    "latitude": "41.7058",
    "longitude": "20.9603",
    "accuracy": "4"
  },
  {
    "country_code": "MK",
    "postal_code": "1250",
    "place_name": "Debar",
    "admin_name1": "",
    "admin_code1": "",
    "admin_name2": "",
    "admin_code2": "",
    "admin_name3": "",
    "admin_code3": "",
    "latitude": "41.525",
    "longitude": "20.5275",
    "accuracy": "4"
  },
  {
    "country_code": "MK",
    "postal_code": "1254",
    "place_name": "Rostusa",
    "admin_name1": "",
    "admin_code1": "",
    "admin_name2": "",
    "admin_code2": "",
    "admin_name3": "",
    "admin_code3": "",
    "latitude": "41.61",
    "longitude": "20.6",
    "accuracy": "4"
  },
  {
    "country_code": "MK",
    "postal_code": "1255",
    "place_name": "Zirovnica",
    "admin_name1": "",
    "admin_code1": "",
    "admin_name2": "",
    "admin_code2": "",
    "admin_name3": "",
    "admin_code3": "",
    "latitude": "41.6744",
    "longitude": "20.5858",
    "accuracy": "4"
  },
  {
    "country_code": "MK",
    "postal_code": "1256",
    "place_name": "Mavrovi Anovi",
    "admin_name1": "",
    "admin_code1": "",
    "admin_name2": "",
    "admin_code2": "",
    "admin_name3": "",
    "admin_code3": "",
    "latitude": "41.7006",
    "longitude": "20.7556",
    "accuracy": "4"
  },
  {
    "country_code": "MK",
    "postal_code": "1257",
    "place_name": "Skudrinje",
    "admin_name1": "",
    "admin_code1": "",
    "admin_name2": "",
    "admin_code2": "",
    "admin_name3": "",
    "admin_code3": "",
    "latitude": "41.5656",
    "longitude": "20.6094",
    "accuracy": "4"
  },
  {
    "country_code": "MK",
    "postal_code": "1258",
    "place_name": "Golem Papradnik",
    "admin_name1": "",
    "admin_code1": "",
    "admin_name2": "",
    "admin_code2": "",
    "admin_name3": "",
    "admin_code3": "",
    "latitude": "41.4767",
    "longitude": "20.5444",
    "accuracy": "4"
  },
  {
    "country_code": "MK",
    "postal_code": "1300",
    "place_name": "Kumanovo",
    "admin_name1": "",
    "admin_code1": "",
    "admin_name2": "",
    "admin_code2": "",
    "admin_name3": "",
    "admin_code3": "",
    "latitude": "42.1322",
    "longitude": "21.7144",
    "accuracy": "4"
  },
  {
    "country_code": "MK",
    "postal_code": "1302",
    "place_name": "Zeglane",
    "admin_name1": "",
    "admin_code1": "",
    "admin_name2": "",
    "admin_code2": "",
    "admin_name3": "",
    "admin_code3": "",
    "latitude": "42.2625",
    "longitude": "21.9108",
    "accuracy": "4"
  },
  {
    "country_code": "MK",
    "postal_code": "1303",
    "place_name": "Staro Negoricane",
    "admin_name1": "",
    "admin_code1": "",
    "admin_name2": "",
    "admin_code2": "",
    "admin_name3": "",
    "admin_code3": "",
    "latitude": "42.1981",
    "longitude": "21.8286",
    "accuracy": "4"
  },
  {
    "country_code": "MK",
    "postal_code": "1304",
    "place_name": "Klecovce",
    "admin_name1": "",
    "admin_code1": "",
    "admin_name2": "",
    "admin_code2": "",
    "admin_name3": "",
    "admin_code3": "",
    "latitude": "42.1161",
    "longitude": "21.8572",
    "accuracy": ""
  },
  {
    "country_code": "MK",
    "postal_code": "1305",
    "place_name": "Orasec",
    "admin_name1": "",
    "admin_code1": "",
    "admin_name2": "",
    "admin_code2": "",
    "admin_name3": "",
    "admin_code3": "",
    "latitude": "42.0625",
    "longitude": "21.7997",
    "accuracy": "4"
  },
  {
    "country_code": "MK",
    "postal_code": "1306",
    "place_name": "Matejce",
    "admin_name1": "",
    "admin_code1": "",
    "admin_name2": "",
    "admin_code2": "",
    "admin_name3": "",
    "admin_code3": "",
    "latitude": "42.1256",
    "longitude": "21.5978",
    "accuracy": "4"
  },
  {
    "country_code": "MK",
    "postal_code": "1307",
    "place_name": "Lipkovo",
    "admin_name1": "",
    "admin_code1": "",
    "admin_name2": "",
    "admin_code2": "",
    "admin_name3": "",
    "admin_code3": "",
    "latitude": "42.1564",
    "longitude": "21.5853",
    "accuracy": "4"
  },
  {
    "country_code": "MK",
    "postal_code": "1308",
    "place_name": "Tabanovce",
    "admin_name1": "",
    "admin_code1": "",
    "admin_name2": "",
    "admin_code2": "",
    "admin_name3": "",
    "admin_code3": "",
    "latitude": "42.2147",
    "longitude": "21.7083",
    "accuracy": "4"
  },
  {
    "country_code": "MK",
    "postal_code": "1309",
    "place_name": "Gradiste",
    "admin_name1": "",
    "admin_code1": "",
    "admin_name2": "",
    "admin_code2": "",
    "admin_name3": "",
    "admin_code3": "",
    "latitude": "42.0231",
    "longitude": "21.8878",
    "accuracy": "4"
  },
  {
    "country_code": "MK",
    "postal_code": "1312",
    "place_name": "Mlado Nagoricane",
    "admin_name1": "",
    "admin_code1": "",
    "admin_name2": "",
    "admin_code2": "",
    "admin_name3": "",
    "admin_code3": "",
    "latitude": "42.1703",
    "longitude": "21.8017",
    "accuracy": "4"
  },
  {
    "country_code": "MK",
    "postal_code": "1314",
    "place_name": "Oblavce",
    "admin_name1": "",
    "admin_code1": "",
    "admin_name2": "",
    "admin_code2": "",
    "admin_name3": "",
    "admin_code3": "",
    "latitude": "42.1572",
    "longitude": "21.9067",
    "accuracy": "4"
  },
  {
    "country_code": "MK",
    "postal_code": "1315",
    "place_name": "Otlja",
    "admin_name1": "",
    "admin_code1": "",
    "admin_name2": "",
    "admin_code2": "",
    "admin_name3": "",
    "admin_code3": "",
    "latitude": "42.1439",
    "longitude": "21.5878",
    "accuracy": "4"
  },
  {
    "country_code": "MK",
    "postal_code": "1316",
    "place_name": "Rankovce",
    "admin_name1": "",
    "admin_code1": "",
    "admin_name2": "",
    "admin_code2": "",
    "admin_name3": "",
    "admin_code3": "",
    "latitude": "42.1819",
    "longitude": "22.1228",
    "accuracy": "4"
  },
  {
    "country_code": "MK",
    "postal_code": "1322",
    "place_name": "Romanovce",
    "admin_name1": "",
    "admin_code1": "",
    "admin_name2": "",
    "admin_code2": "",
    "admin_name3": "",
    "admin_code3": "",
    "latitude": "42.0947",
    "longitude": "21.6931",
    "accuracy": "4"
  },
  {
    "country_code": "MK",
    "postal_code": "1323",
    "place_name": "Pcinja",
    "admin_name1": "",
    "admin_code1": "",
    "admin_name2": "",
    "admin_code2": "",
    "admin_name3": "",
    "admin_code3": "",
    "latitude": "42.0397",
    "longitude": "21.7561",
    "accuracy": "4"
  },
  {
    "country_code": "MK",
    "postal_code": "1324",
    "place_name": "Vaksince",
    "admin_name1": "",
    "admin_code1": "",
    "admin_name2": "",
    "admin_code2": "",
    "admin_name3": "",
    "admin_code3": "",
    "latitude": "42.2061",
    "longitude": "21.6631",
    "accuracy": "4"
  },
  {
    "country_code": "MK",
    "postal_code": "1325",
    "place_name": "Slupcane",
    "admin_name1": "",
    "admin_code1": "",
    "admin_name2": "",
    "admin_code2": "",
    "admin_name3": "",
    "admin_code3": "",
    "latitude": "42.1733",
    "longitude": "21.6278",
    "accuracy": "4"
  },
  {
    "country_code": "MK",
    "postal_code": "1330",
    "place_name": "Kriva Palanka",
    "admin_name1": "",
    "admin_code1": "",
    "admin_name2": "",
    "admin_code2": "",
    "admin_name3": "",
    "admin_code3": "",
    "latitude": "42.2019",
    "longitude": "22.3319",
    "accuracy": "4"
  },
  {
    "country_code": "MK",
    "postal_code": "1332",
    "place_name": "Petralnica",
    "admin_name1": "",
    "admin_code1": "",
    "admin_name2": "",
    "admin_code2": "",
    "admin_name3": "",
    "admin_code3": "",
    "latitude": "42.2083",
    "longitude": "22.1872",
    "accuracy": ""
  },
  {
    "country_code": "MK",
    "postal_code": "1333",
    "place_name": "Mozdivnjak",
    "admin_name1": "",
    "admin_code1": "",
    "admin_name2": "",
    "admin_code2": "",
    "admin_name3": "",
    "admin_code3": "",
    "latitude": "42.1578",
    "longitude": "22.2539",
    "accuracy": "4"
  },
  {
    "country_code": "MK",
    "postal_code": "1334",
    "place_name": "Dubrovnica",
    "admin_name1": "",
    "admin_code1": "",
    "admin_name2": "",
    "admin_code2": "",
    "admin_name3": "",
    "admin_code3": "",
    "latitude": "42.2772",
    "longitude": "22.3239",
    "accuracy": "4"
  },
  {
    "country_code": "MK",
    "postal_code": "1335",
    "place_name": "Zidilovo",
    "admin_name1": "",
    "admin_code1": "",
    "admin_name2": "",
    "admin_code2": "",
    "admin_name3": "",
    "admin_code3": "",
    "latitude": "42.225",
    "longitude": "22.3958",
    "accuracy": "4"
  },
  {
    "country_code": "MK",
    "postal_code": "1360",
    "place_name": "Kratovo",
    "admin_name1": "",
    "admin_code1": "",
    "admin_name2": "",
    "admin_code2": "",
    "admin_name3": "",
    "admin_code3": "",
    "latitude": "42.0792",
    "longitude": "22.1814",
    "accuracy": "4"
  },
  {
    "country_code": "MK",
    "postal_code": "1361",
    "place_name": "Stracin",
    "admin_name1": "",
    "admin_code1": "",
    "admin_name2": "",
    "admin_code2": "",
    "admin_name3": "",
    "admin_code3": "",
    "latitude": "42.1506",
    "longitude": "22.0322",
    "accuracy": "4"
  },
  {
    "country_code": "MK",
    "postal_code": "1400",
    "place_name": "Veles",
    "admin_name1": "",
    "admin_code1": "",
    "admin_name2": "",
    "admin_code2": "",
    "admin_name3": "",
    "admin_code3": "",
    "latitude": "41.7156",
    "longitude": "21.7756",
    "accuracy": "4"
  },
  {
    "country_code": "MK",
    "postal_code": "1406",
    "place_name": "Basino Selo",
    "admin_name1": "",
    "admin_code1": "",
    "admin_name2": "",
    "admin_code2": "",
    "admin_name3": "",
    "admin_code3": "",
    "latitude": "41.7483",
    "longitude": "21.76",
    "accuracy": "4"
  },
  {
    "country_code": "MK",
    "postal_code": "1407",
    "place_name": "Ivankovci",
    "admin_name1": "",
    "admin_code1": "",
    "admin_name2": "",
    "admin_code2": "",
    "admin_name3": "",
    "admin_code3": "",
    "latitude": "41.8489",
    "longitude": "21.8203",
    "accuracy": "4"
  },
  {
    "country_code": "MK",
    "postal_code": "1408",
    "place_name": "Gorno Orizari",
    "admin_name1": "",
    "admin_code1": "",
    "admin_name2": "",
    "admin_code2": "",
    "admin_name3": "",
    "admin_code3": "",
    "latitude": "41.6858",
    "longitude": "21.7336",
    "accuracy": "4"
  },
  {
    "country_code": "MK",
    "postal_code": "1413",
    "place_name": "Caska",
    "admin_name1": "",
    "admin_code1": "",
    "admin_name2": "",
    "admin_code2": "",
    "admin_name3": "",
    "admin_code3": "",
    "latitude": "41.6506",
    "longitude": "21.6622",
    "accuracy": "4"
  },
  {
    "country_code": "MK",
    "postal_code": "1414",
    "place_name": "Izvor",
    "admin_name1": "",
    "admin_code1": "",
    "admin_name2": "",
    "admin_code2": "",
    "admin_name3": "",
    "admin_code3": "",
    "latitude": "41.5547",
    "longitude": "21.6972",
    "accuracy": "4"
  },
  {
    "country_code": "MK",
    "postal_code": "1415",
    "place_name": "Bogomila",
    "admin_name1": "",
    "admin_code1": "",
    "admin_name2": "",
    "admin_code2": "",
    "admin_name3": "",
    "admin_code3": "",
    "latitude": "41.5931",
    "longitude": "21.4717",
    "accuracy": "4"
  },
  {
    "country_code": "MK",
    "postal_code": "1420",
    "place_name": "Gradsko",
    "admin_name1": "",
    "admin_code1": "",
    "admin_name2": "",
    "admin_code2": "",
    "admin_name3": "",
    "admin_code3": "",
    "latitude": "41.5775",
    "longitude": "21.9428",
    "accuracy": "4"
  },
  {
    "country_code": "MK",
    "postal_code": "1421",
    "place_name": "Sirkovo",
    "admin_name1": "",
    "admin_code1": "",
    "admin_name2": "",
    "admin_code2": "",
    "admin_name3": "",
    "admin_code3": "",
    "latitude": "41.5064",
    "longitude": "21.8886",
    "accuracy": "4"
  },
  {
    "country_code": "MK",
    "postal_code": "1422",
    "place_name": "Rosoman",
    "admin_name1": "",
    "admin_code1": "",
    "admin_name2": "",
    "admin_code2": "",
    "admin_name3": "",
    "admin_code3": "",
    "latitude": "41.5161",
    "longitude": "21.9497",
    "accuracy": "4"
  },
  {
    "country_code": "MK",
    "postal_code": "1423",
    "place_name": "Drenovo",
    "admin_name1": "",
    "admin_code1": "",
    "admin_name2": "",
    "admin_code2": "",
    "admin_name3": "",
    "admin_code3": "",
    "latitude": "41.4194",
    "longitude": "21.89",
    "accuracy": "4"
  },
  {
    "country_code": "MK",
    "postal_code": "1424",
    "place_name": "Vozarci",
    "admin_name1": "",
    "admin_code1": "",
    "admin_name2": "",
    "admin_code2": "",
    "admin_name3": "",
    "admin_code3": "",
    "latitude": "41.43",
    "longitude": "21.9247",
    "accuracy": "4"
  },
  {
    "country_code": "MK",
    "postal_code": "1426",
    "place_name": "Marena",
    "admin_name1": "",
    "admin_code1": "",
    "admin_name2": "",
    "admin_code2": "",
    "admin_name3": "",
    "admin_code3": "",
    "latitude": "41.4664",
    "longitude": "22.0278",
    "accuracy": "4"
  },
  {
    "country_code": "MK",
    "postal_code": "1427",
    "place_name": "Sopot",
    "admin_name1": "",
    "admin_code1": "",
    "admin_name2": "",
    "admin_code2": "",
    "admin_name3": "",
    "admin_code3": "",
    "latitude": "41.49",
    "longitude": "22.0247",
    "accuracy": "4"
  },
  {
    "country_code": "MK",
    "postal_code": "1430",
    "place_name": "Kavadarci",
    "admin_name1": "",
    "admin_code1": "",
    "admin_name2": "",
    "admin_code2": "",
    "admin_name3": "",
    "admin_code3": "",
    "latitude": "41.4331",
    "longitude": "22.0119",
    "accuracy": "4"
  },
  {
    "country_code": "MK",
    "postal_code": "1434",
    "place_name": "Resava",
    "admin_name1": "",
    "admin_code1": "",
    "admin_name2": "",
    "admin_code2": "",
    "admin_name3": "",
    "admin_code3": "",
    "latitude": "41.3881",
    "longitude": "21.9781",
    "accuracy": "4"
  },
  {
    "country_code": "MK",
    "postal_code": "1437",
    "place_name": "Konopiste",
    "admin_name1": "",
    "admin_code1": "",
    "admin_name2": "",
    "admin_code2": "",
    "admin_name3": "",
    "admin_code3": "",
    "latitude": "41.2472",
    "longitude": "22.0772",
    "accuracy": "4"
  },
  {
    "country_code": "MK",
    "postal_code": "1440",
    "place_name": "Negotino",
    "admin_name1": "",
    "admin_code1": "",
    "admin_name2": "",
    "admin_code2": "",
    "admin_name3": "",
    "admin_code3": "",
    "latitude": "41.4839",
    "longitude": "22.0892",
    "accuracy": "4"
  },
  {
    "country_code": "MK",
    "postal_code": "1441",
    "place_name": "Pepeliste",
    "admin_name1": "",
    "admin_code1": "",
    "admin_name2": "",
    "admin_code2": "",
    "admin_name3": "",
    "admin_code3": "",
    "latitude": "41.5189",
    "longitude": "22.1283",
    "accuracy": "4"
  },
  {
    "country_code": "MK",
    "postal_code": "1442",
    "place_name": "Demir Kapija",
    "admin_name1": "",
    "admin_code1": "",
    "admin_name2": "",
    "admin_code2": "",
    "admin_name3": "",
    "admin_code3": "",
    "latitude": "41.405",
    "longitude": "22.2489",
    "accuracy": "4"
  },
  {
    "country_code": "MK",
    "postal_code": "1443",
    "place_name": "Dolni Disan",
    "admin_name1": "",
    "admin_code1": "",
    "admin_name2": "",
    "admin_code2": "",
    "admin_name3": "",
    "admin_code3": "",
    "latitude": "41.4283",
    "longitude": "22.0956",
    "accuracy": "4"
  },
  {
    "country_code": "MK",
    "postal_code": "1480",
    "place_name": "Gevgelija",
    "admin_name1": "",
    "admin_code1": "",
    "admin_name2": "",
    "admin_code2": "",
    "admin_name3": "",
    "admin_code3": "",
    "latitude": "41.1392",
    "longitude": "22.5025",
    "accuracy": "4"
  },
  {
    "country_code": "MK",
    "postal_code": "1483",
    "place_name": "Negorci",
    "admin_name1": "",
    "admin_code1": "",
    "admin_name2": "",
    "admin_code2": "",
    "admin_name3": "",
    "admin_code3": "",
    "latitude": "41.1836",
    "longitude": "22.4847",
    "accuracy": "4"
  },
  {
    "country_code": "MK",
    "postal_code": "1484",
    "place_name": "Bogdanci",
    "admin_name1": "",
    "admin_code1": "",
    "admin_name2": "",
    "admin_code2": "",
    "admin_name3": "",
    "admin_code3": "",
    "latitude": "41.2031",
    "longitude": "22.5756",
    "accuracy": "4"
  },
  {
    "country_code": "MK",
    "postal_code": "1485",
    "place_name": "Nov Dojran",
    "admin_name1": "",
    "admin_code1": "",
    "admin_name2": "",
    "admin_code2": "",
    "admin_name3": "",
    "admin_code3": "",
    "latitude": "41.2206",
    "longitude": "22.7061",
    "accuracy": "4"
  },
  {
    "country_code": "MK",
    "postal_code": "1487",
    "place_name": "Star Dojran",
    "admin_name1": "",
    "admin_code1": "",
    "admin_name2": "",
    "admin_code2": "",
    "admin_name3": "",
    "admin_code3": "",
    "latitude": "41.1875",
    "longitude": "22.7208",
    "accuracy": "4"
  },
  {
    "country_code": "MK",
    "postal_code": "1488",
    "place_name": "Stojakovo",
    "admin_name1": "",
    "admin_code1": "",
    "admin_name2": "",
    "admin_code2": "",
    "admin_name3": "",
    "admin_code3": "",
    "latitude": "41.1556",
    "longitude": "22.5775",
    "accuracy": "4"
  },
  {
    "country_code": "MK",
    "postal_code": "1489",
    "place_name": "Miravci",
    "admin_name1": "",
    "admin_code1": "",
    "admin_name2": "",
    "admin_code2": "",
    "admin_name3": "",
    "admin_code3": "",
    "latitude": "41.3078",
    "longitude": "22.435",
    "accuracy": "4"
  },
  {
    "country_code": "MK",
    "postal_code": "2000",
    "place_name": "Stip",
    "admin_name1": "",
    "admin_code1": "",
    "admin_name2": "",
    "admin_code2": "",
    "admin_name3": "",
    "admin_code3": "",
    "latitude": "41.7458",
    "longitude": "22.1958",
    "accuracy": "4"
  },
  {
    "country_code": "MK",
    "postal_code": "2207",
    "place_name": "Karbinci",
    "admin_name1": "",
    "admin_code1": "",
    "admin_name2": "",
    "admin_code2": "",
    "admin_name3": "",
    "admin_code3": "",
    "latitude": "41.8167",
    "longitude": "22.2375",
    "accuracy": "4"
  },
  {
    "country_code": "MK",
    "postal_code": "2208",
    "place_name": "Lozovo",
    "admin_name1": "",
    "admin_code1": "",
    "admin_name2": "",
    "admin_code2": "",
    "admin_name3": "",
    "admin_code3": "",
    "latitude": "41.7839",
    "longitude": "21.9056",
    "accuracy": "4"
  },
  {
    "country_code": "MK",
    "postal_code": "2210",
    "place_name": "Probishtip",
    "admin_name1": "",
    "admin_code1": "",
    "admin_name2": "",
    "admin_code2": "",
    "admin_name3": "",
    "admin_code3": "",
    "latitude": "42.0031",
    "longitude": "22.1786",
    "accuracy": "4"
  },
  {
    "country_code": "MK",
    "postal_code": "2212",
    "place_name": "Zletovo",
    "admin_name1": "",
    "admin_code1": "",
    "admin_name2": "",
    "admin_code2": "",
    "admin_name3": "",
    "admin_code3": "",
    "latitude": "41.9886",
    "longitude": "22.2361",
    "accuracy": "4"
  },
  {
    "country_code": "MK",
    "postal_code": "2220",
    "place_name": "Sveti Nikole",
    "admin_name1": "",
    "admin_code1": "",
    "admin_name2": "",
    "admin_code2": "",
    "admin_name3": "",
    "admin_code3": "",
    "latitude": "41.865",
    "longitude": "21.9428",
    "accuracy": "4"
  },
  {
    "country_code": "MK",
    "postal_code": "2225",
    "place_name": "Erdzelija",
    "admin_name1": "",
    "admin_code1": "",
    "admin_name2": "",
    "admin_code2": "",
    "admin_name3": "",
    "admin_code3": "",
    "latitude": "41.8353",
    "longitude": "22.0356",
    "accuracy": "4"
  },
  {
    "country_code": "MK",
    "postal_code": "2227",
    "place_name": "Amzabegovo",
    "admin_name1": "",
    "admin_code1": "",
    "admin_name2": "",
    "admin_code2": "",
    "admin_name3": "",
    "admin_code3": "",
    "latitude": "41.8119",
    "longitude": "21.9947",
    "accuracy": "4"
  },
  {
    "country_code": "MK",
    "postal_code": "2300",
    "place_name": "Kocani",
    "admin_name1": "",
    "admin_code1": "",
    "admin_name2": "",
    "admin_code2": "",
    "admin_name3": "",
    "admin_code3": "",
    "latitude": "41.9164",
    "longitude": "22.4128",
    "accuracy": "4"
  },
  {
    "country_code": "MK",
    "postal_code": "2301",
    "place_name": "Oblesevo",
    "admin_name1": "",
    "admin_code1": "",
    "admin_name2": "",
    "admin_code2": "",
    "admin_name3": "",
    "admin_code3": "",
    "latitude": "41.8833",
    "longitude": "22.3339",
    "accuracy": "4"
  },
  {
    "country_code": "MK",
    "postal_code": "2302",
    "place_name": "Orizari",
    "admin_name1": "",
    "admin_code1": "",
    "admin_name2": "",
    "admin_code2": "",
    "admin_name3": "",
    "admin_code3": "",
    "latitude": "41.9228",
    "longitude": "22.4469",
    "accuracy": "4"
  },
  {
    "country_code": "MK",
    "postal_code": "2304",
    "place_name": "Makedonska Kamenica",
    "admin_name1": "",
    "admin_code1": "",
    "admin_name2": "",
    "admin_code2": "",
    "admin_name3": "",
    "admin_code3": "",
    "latitude": "42.02",
    "longitude": "22.5919",
    "accuracy": "4"
  },
  {
    "country_code": "MK",
    "postal_code": "2305",
    "place_name": "Zrnovci",
    "admin_name1": "",
    "admin_code1": "",
    "admin_name2": "",
    "admin_code2": "",
    "admin_name3": "",
    "admin_code3": "",
    "latitude": "41.8542",
    "longitude": "22.4444",
    "accuracy": "4"
  },
  {
    "country_code": "MK",
    "postal_code": "2307",
    "place_name": "Gorni Podlog",
    "admin_name1": "",
    "admin_code1": "",
    "admin_name2": "",
    "admin_code2": "",
    "admin_name3": "",
    "admin_code3": "",
    "latitude": "41.8881",
    "longitude": "22.3814",
    "accuracy": "4"
  },
  {
    "country_code": "MK",
    "postal_code": "2310",
    "place_name": "Vinica",
    "admin_name1": "",
    "admin_code1": "",
    "admin_name2": "",
    "admin_code2": "",
    "admin_name3": "",
    "admin_code3": "",
    "latitude": "41.8828",
    "longitude": "22.5092",
    "accuracy": "4"
  },
  {
    "country_code": "MK",
    "postal_code": "2312",
    "place_name": "Istibanja",
    "admin_name1": "",
    "admin_code1": "",
    "admin_name2": "",
    "admin_code2": "",
    "admin_name3": "",
    "admin_code3": "",
    "latitude": "41.9297",
    "longitude": "22.5025",
    "accuracy": "4"
  },
  {
    "country_code": "MK",
    "postal_code": "2314",
    "place_name": "Blatec",
    "admin_name1": "",
    "admin_code1": "",
    "admin_name2": "",
    "admin_code2": "",
    "admin_name3": "",
    "admin_code3": "",
    "latitude": "41.8378",
    "longitude": "22.5781",
    "accuracy": "4"
  },
  {
    "country_code": "MK",
    "postal_code": "2315",
    "place_name": "Rusinovo",
    "admin_name1": "",
    "admin_code1": "",
    "admin_name2": "",
    "admin_code2": "",
    "admin_name3": "",
    "admin_code3": "",
    "latitude": "41.6833",
    "longitude": "22.8083",
    "accuracy": "4"
  },
  {
    "country_code": "MK",
    "postal_code": "2316",
    "place_name": "Dragobraste",
    "admin_name1": "",
    "admin_code1": "",
    "admin_name2": "",
    "admin_code2": "",
    "admin_name3": "",
    "admin_code3": "",
    "latitude": "41.8972",
    "longitude": "22.5994",
    "accuracy": "4"
  },
  {
    "country_code": "MK",
    "postal_code": "2320",
    "place_name": "Delcevo",
    "admin_name1": "",
    "admin_code1": "",
    "admin_name2": "",
    "admin_code2": "",
    "admin_name3": "",
    "admin_code3": "",
    "latitude": "41.9672",
    "longitude": "22.7694",
    "accuracy": "4"
  },
  {
    "country_code": "MK",
    "postal_code": "2325",
    "place_name": "Trabotiviste",
    "admin_name1": "",
    "admin_code1": "",
    "admin_name2": "",
    "admin_code2": "",
    "admin_name3": "",
    "admin_code3": "",
    "latitude": "41.8875",
    "longitude": "22.8167",
    "accuracy": "4"
  },
  {
    "country_code": "MK",
    "postal_code": "2326",
    "place_name": "Pehcevo",
    "admin_name1": "",
    "admin_code1": "",
    "admin_name2": "",
    "admin_code2": "",
    "admin_name3": "",
    "admin_code3": "",
    "latitude": "41.7594",
    "longitude": "22.8906",
    "accuracy": "4"
  },
  {
    "country_code": "MK",
    "postal_code": "2330",
    "place_name": "Berovo",
    "admin_name1": "",
    "admin_code1": "",
    "admin_name2": "",
    "admin_code2": "",
    "admin_name3": "",
    "admin_code3": "",
    "latitude": "41.7031",
    "longitude": "22.8578",
    "accuracy": "4"
  },
  {
    "country_code": "MK",
    "postal_code": "2331",
    "place_name": "Vladimirovo",
    "admin_name1": "",
    "admin_code1": "",
    "admin_name2": "",
    "admin_code2": "",
    "admin_name3": "",
    "admin_code3": "",
    "latitude": "41.71",
    "longitude": "22.7928",
    "accuracy": "4"
  },
  {
    "country_code": "MK",
    "postal_code": "2332",
    "place_name": "Budinarci",
    "admin_name1": "",
    "admin_code1": "",
    "admin_name2": "",
    "admin_code2": "",
    "admin_name3": "",
    "admin_code3": "",
    "latitude": "41.7642",
    "longitude": "22.7756",
    "accuracy": "4"
  },
  {
    "country_code": "MK",
    "postal_code": "2333",
    "place_name": "Cesinovo",
    "admin_name1": "",
    "admin_code1": "",
    "admin_name2": "",
    "admin_code2": "",
    "admin_name3": "",
    "admin_code3": "",
    "latitude": "41.8714",
    "longitude": "22.2892",
    "accuracy": "4"
  },
  {
    "country_code": "MK",
    "postal_code": "2400",
    "place_name": "Strumica",
    "admin_name1": "",
    "admin_code1": "",
    "admin_name2": "",
    "admin_code2": "",
    "admin_name3": "",
    "admin_code3": "",
    "latitude": "41.4375",
    "longitude": "22.6433",
    "accuracy": "4"
  },
  {
    "country_code": "MK",
    "postal_code": "2410",
    "place_name": "Kuklis",
    "admin_name1": "",
    "admin_code1": "",
    "admin_name2": "",
    "admin_code2": "",
    "admin_name3": "",
    "admin_code3": "",
    "latitude": "41.4053",
    "longitude": "22.6653",
    "accuracy": "4"
  },
  {
    "country_code": "MK",
    "postal_code": "2411",
    "place_name": "Vasilevo",
    "admin_name1": "",
    "admin_code1": "",
    "admin_name2": "",
    "admin_code2": "",
    "admin_name3": "",
    "admin_code3": "",
    "latitude": "41.4761",
    "longitude": "22.6417",
    "accuracy": "4"
  },
  {
    "country_code": "MK",
    "postal_code": "2412",
    "place_name": "Vladevci / Radicevo sobiraliste",
    "admin_name1": "",
    "admin_code1": "",
    "admin_name2": "",
    "admin_code2": "",
    "admin_name3": "",
    "admin_code3": "",
    "latitude": "41.5208",
    "longitude": "22.5914",
    "accuracy": "4"
  },
  {
    "country_code": "MK",
    "postal_code": "2413",
    "place_name": "Kosturino",
    "admin_name1": "",
    "admin_code1": "",
    "admin_name2": "",
    "admin_code2": "",
    "admin_name3": "",
    "admin_code3": "",
    "latitude": "41.3572",
    "longitude": "22.6094",
    "accuracy": "4"
  },
  {
    "country_code": "MK",
    "postal_code": "2414",
    "place_name": "Veljusa",
    "admin_name1": "",
    "admin_code1": "",
    "admin_name2": "",
    "admin_code2": "",
    "admin_name3": "",
    "admin_code3": "",
    "latitude": "41.4761",
    "longitude": "22.5675",
    "accuracy": "4"
  },
  {
    "country_code": "MK",
    "postal_code": "2416",
    "place_name": "Dobrasinci",
    "admin_name1": "",
    "admin_code1": "",
    "admin_name2": "",
    "admin_code2": "",
    "admin_name3": "",
    "admin_code3": "",
    "latitude": "41.5253",
    "longitude": "22.6753",
    "accuracy": "4"
  },
  {
    "country_code": "MK",
    "postal_code": "2420",
    "place_name": "Radovis",
    "admin_name1": "",
    "admin_code1": "",
    "admin_name2": "",
    "admin_code2": "",
    "admin_name3": "",
    "admin_code3": "",
    "latitude": "41.6383",
    "longitude": "22.4647",
    "accuracy": "4"
  },
  {
    "country_code": "MK",
    "postal_code": "2423",
    "place_name": "Podares",
    "admin_name1": "",
    "admin_code1": "",
    "admin_name2": "",
    "admin_code2": "",
    "admin_name3": "",
    "admin_code3": "",
    "latitude": "41.6139",
    "longitude": "22.5422",
    "accuracy": "4"
  },
  {
    "country_code": "MK",
    "postal_code": "2424",
    "place_name": "Konce",
    "admin_name1": "",
    "admin_code1": "",
    "admin_name2": "",
    "admin_code2": "",
    "admin_name3": "",
    "admin_code3": "",
    "latitude": "41.4958",
    "longitude": "22.385",
    "accuracy": "4"
  },
  {
    "country_code": "MK",
    "postal_code": "2430",
    "place_name": "Petralinci",
    "admin_name1": "",
    "admin_code1": "",
    "admin_name2": "",
    "admin_code2": "",
    "admin_name3": "",
    "admin_code3": "",
    "latitude": "41.4706",
    "longitude": "22.7269",
    "accuracy": "4"
  },
  {
    "country_code": "MK",
    "postal_code": "2431",
    "place_name": "Bosilovo",
    "admin_name1": "",
    "admin_code1": "",
    "admin_name2": "",
    "admin_code2": "",
    "admin_name3": "",
    "admin_code3": "",
    "latitude": "41.4406",
    "longitude": "22.7278",
    "accuracy": "4"
  },
  {
    "country_code": "MK",
    "postal_code": "2432",
    "place_name": "Murtino",
    "admin_name1": "",
    "admin_code1": "",
    "admin_name2": "",
    "admin_code2": "",
    "admin_name3": "",
    "admin_code3": "",
    "latitude": "41.4153",
    "longitude": "22.7267",
    "accuracy": "4"
  },
  {
    "country_code": "MK",
    "postal_code": "2433",
    "place_name": "Turnovo",
    "admin_name1": "",
    "admin_code1": "",
    "admin_name2": "",
    "admin_code2": "",
    "admin_name3": "",
    "admin_code3": "",
    "latitude": "41.4383",
    "longitude": "22.7736",
    "accuracy": "4"
  },
  {
    "country_code": "MK",
    "postal_code": "2434",
    "place_name": "Novo Selo",
    "admin_name1": "",
    "admin_code1": "",
    "admin_name2": "",
    "admin_code2": "",
    "admin_name3": "",
    "admin_code3": "",
    "latitude": "41.4858",
    "longitude": "22.5092",
    "accuracy": "4"
  },
  {
    "country_code": "MK",
    "postal_code": "2435",
    "place_name": "Mokrievo",
    "admin_name1": "",
    "admin_code1": "",
    "admin_name2": "",
    "admin_code2": "",
    "admin_name3": "",
    "admin_code3": "",
    "latitude": "41.375",
    "longitude": "22.8386",
    "accuracy": "4"
  },
  {
    "country_code": "MK",
    "postal_code": "2436",
    "place_name": "Dracevo",
    "admin_name1": "",
    "admin_code1": "",
    "admin_name2": "",
    "admin_code2": "",
    "admin_name3": "",
    "admin_code3": "",
    "latitude": "41.9367",
    "longitude": "21.5217",
    "accuracy": "4"
  },
  {
    "country_code": "MK",
    "postal_code": "2460",
    "place_name": "Valandovo",
    "admin_name1": "",
    "admin_code1": "",
    "admin_name2": "",
    "admin_code2": "",
    "admin_name3": "",
    "admin_code3": "",
    "latitude": "41.3169",
    "longitude": "22.5611",
    "accuracy": "4"
  },
  {
    "country_code": "MK",
    "postal_code": "2461",
    "place_name": "Calakli",
    "admin_name1": "",
    "admin_code1": "",
    "admin_name2": "",
    "admin_code2": "",
    "admin_name3": "",
    "admin_code3": "",
    "latitude": "41.3033",
    "longitude": "22.64",
    "accuracy": "4"
  },
  {
    "country_code": "MK",
    "postal_code": "2464",
    "place_name": "Udovo",
    "admin_name1": "",
    "admin_code1": "",
    "admin_name2": "",
    "admin_code2": "",
    "admin_name3": "",
    "admin_code3": "",
    "latitude": "41.3431",
    "longitude": "22.4428",
    "accuracy": "4"
  },
  {
    "country_code": "MK",
    "postal_code": "6000",
    "place_name": "Ohrid",
    "admin_name1": "",
    "admin_code1": "",
    "admin_name2": "",
    "admin_code2": "",
    "admin_name3": "",
    "admin_code3": "",
    "latitude": "41.1172",
    "longitude": "20.8019",
    "accuracy": "4"
  },
  {
    "country_code": "MK",
    "postal_code": "6245",
    "place_name": "Malo Crsko",
    "admin_name1": "",
    "admin_code1": "",
    "admin_name2": "",
    "admin_code2": "",
    "admin_name3": "",
    "admin_code3": "",
    "latitude": "41.4028",
    "longitude": "21.0017",
    "accuracy": "4"
  },
  {
    "country_code": "MK",
    "postal_code": "6250",
    "place_name": "Kicevo",
    "admin_name1": "",
    "admin_code1": "",
    "admin_name2": "",
    "admin_code2": "",
    "admin_name3": "",
    "admin_code3": "",
    "latitude": "41.5144",
    "longitude": "20.9633",
    "accuracy": "4"
  },
  {
    "country_code": "MK",
    "postal_code": "6253",
    "place_name": "Zajas",
    "admin_name1": "",
    "admin_code1": "",
    "admin_name2": "",
    "admin_code2": "",
    "admin_name3": "",
    "admin_code3": "",
    "latitude": "41.6072",
    "longitude": "20.9383",
    "accuracy": "4"
  },
  {
    "country_code": "MK",
    "postal_code": "6254",
    "place_name": "Oslomej",
    "admin_name1": "",
    "admin_code1": "",
    "admin_name2": "",
    "admin_code2": "",
    "admin_name3": "",
    "admin_code3": "",
    "latitude": "41.5772",
    "longitude": "21",
    "accuracy": "4"
  },
  {
    "country_code": "MK",
    "postal_code": "6255",
    "place_name": "Brzdani",
    "admin_name1": "",
    "admin_code1": "",
    "admin_name2": "",
    "admin_code2": "",
    "admin_name3": "",
    "admin_code3": "",
    "latitude": "41.4467",
    "longitude": "20.9069",
    "accuracy": "4"
  },
  {
    "country_code": "MK",
    "postal_code": "6256",
    "place_name": "Izvor",
    "admin_name1": "",
    "admin_code1": "",
    "admin_name2": "",
    "admin_code2": "",
    "admin_name3": "",
    "admin_code3": "",
    "latitude": "41.5547",
    "longitude": "21.6972",
    "accuracy": "4"
  },
  {
    "country_code": "MK",
    "postal_code": "6257",
    "place_name": "Dlapkin Dol",
    "admin_name1": "",
    "admin_code1": "",
    "admin_name2": "",
    "admin_code2": "",
    "admin_name3": "",
    "admin_code3": "",
    "latitude": "41.5592",
    "longitude": "20.9353",
    "accuracy": "4"
  },
  {
    "country_code": "MK",
    "postal_code": "6258",
    "place_name": "Vranestica",
    "admin_name1": "",
    "admin_code1": "",
    "admin_name2": "",
    "admin_code2": "",
    "admin_name3": "",
    "admin_code3": "",
    "latitude": "41.4453",
    "longitude": "21.0267",
    "accuracy": "4"
  },
  {
    "country_code": "MK",
    "postal_code": "6259",
    "place_name": "Celopeci",
    "admin_name1": "",
    "admin_code1": "",
    "admin_name2": "",
    "admin_code2": "",
    "admin_name3": "",
    "admin_code3": "",
    "latitude": "41.4725",
    "longitude": "21.0286",
    "accuracy": "4"
  },
  {
    "country_code": "MK",
    "postal_code": "6260",
    "place_name": "Rastanski Pat",
    "admin_name1": "",
    "admin_code1": "",
    "admin_name2": "",
    "admin_code2": "",
    "admin_name3": "",
    "admin_code3": "",
    "latitude": "41.716",
    "longitude": "21.7641",
    "accuracy": ""
  },
  {
    "country_code": "MK",
    "postal_code": "6261",
    "place_name": "Drugovo",
    "admin_name1": "",
    "admin_code1": "",
    "admin_name2": "",
    "admin_code2": "",
    "admin_name3": "",
    "admin_code3": "",
    "latitude": "41.4842",
    "longitude": "20.9233",
    "accuracy": "4"
  },
  {
    "country_code": "MK",
    "postal_code": "6262",
    "place_name": "Strelci",
    "admin_name1": "",
    "admin_code1": "",
    "admin_name2": "",
    "admin_code2": "",
    "admin_name3": "",
    "admin_code3": "",
    "latitude": "41.5372",
    "longitude": "21.0036",
    "accuracy": "4"
  },
  {
    "country_code": "MK",
    "postal_code": "6306",
    "place_name": "Leskovec",
    "admin_name1": "",
    "admin_code1": "",
    "admin_name2": "",
    "admin_code2": "",
    "admin_name3": "",
    "admin_code3": "",
    "latitude": "40.95",
    "longitude": "20.8833",
    "accuracy": "4"
  },
  {
    "country_code": "MK",
    "postal_code": "6322",
    "place_name": "Ohrid",
    "admin_name1": "",
    "admin_code1": "",
    "admin_name2": "",
    "admin_code2": "",
    "admin_name3": "",
    "admin_code3": "",
    "latitude": "41.1172",
    "longitude": "20.8019",
    "accuracy": "4"
  },
  {
    "country_code": "MK",
    "postal_code": "6330",
    "place_name": "Struga",
    "admin_name1": "",
    "admin_code1": "",
    "admin_name2": "",
    "admin_code2": "",
    "admin_name3": "",
    "admin_code3": "",
    "latitude": "41.1781",
    "longitude": "20.6761",
    "accuracy": "4"
  },
  {
    "country_code": "MK",
    "postal_code": "6333",
    "place_name": "Radolista",
    "admin_name1": "",
    "admin_code1": "",
    "admin_name2": "",
    "admin_code2": "",
    "admin_name3": "",
    "admin_code3": "",
    "latitude": "41.1642",
    "longitude": "20.6233",
    "accuracy": "4"
  },
  {
    "country_code": "MK",
    "postal_code": "6334",
    "place_name": "Velesta",
    "admin_name1": "",
    "admin_code1": "",
    "admin_name2": "",
    "admin_code2": "",
    "admin_name3": "",
    "admin_code3": "",
    "latitude": "41.2408",
    "longitude": "20.6439",
    "accuracy": "4"
  },
  {
    "country_code": "MK",
    "postal_code": "6335",
    "place_name": "Vevcani",
    "admin_name1": "",
    "admin_code1": "",
    "admin_name2": "",
    "admin_code2": "",
    "admin_name3": "",
    "admin_code3": "",
    "latitude": "41.2406",
    "longitude": "20.5933",
    "accuracy": "4"
  },
  {
    "country_code": "MK",
    "postal_code": "6336",
    "place_name": "Labunista",
    "admin_name1": "",
    "admin_code1": "",
    "admin_name2": "",
    "admin_code2": "",
    "admin_name3": "",
    "admin_code3": "",
    "latitude": "41.2686",
    "longitude": "20.5961",
    "accuracy": "4"
  },
  {
    "country_code": "MK",
    "postal_code": "6337",
    "place_name": "Lukovo",
    "admin_name1": "",
    "admin_code1": "",
    "admin_name2": "",
    "admin_code2": "",
    "admin_name3": "",
    "admin_code3": "",
    "latitude": "41.3494",
    "longitude": "20.6047",
    "accuracy": "4"
  },
  {
    "country_code": "MK",
    "postal_code": "6338",
    "place_name": "Delgozda",
    "admin_name1": "",
    "admin_code1": "",
    "admin_name2": "",
    "admin_code2": "",
    "admin_name3": "",
    "admin_code3": "",
    "latitude": "41.2573",
    "longitude": "20.7218",
    "accuracy": "4"
  },
  {
    "country_code": "MK",
    "postal_code": "6339",
    "place_name": "Oktisi",
    "admin_name1": "",
    "admin_code1": "",
    "admin_name2": "",
    "admin_code2": "",
    "admin_name3": "",
    "admin_code3": "",
    "latitude": "41.2325",
    "longitude": "20.6072",
    "accuracy": "4"
  },
  {
    "country_code": "MK",
    "postal_code": "6341",
    "place_name": "Trebenista",
    "admin_name1": "",
    "admin_code1": "",
    "admin_name2": "",
    "admin_code2": "",
    "admin_name3": "",
    "admin_code3": "",
    "latitude": "41.2064",
    "longitude": "20.755",
    "accuracy": "4"
  },
  {
    "country_code": "MK",
    "postal_code": "6342",
    "place_name": "Meseista",
    "admin_name1": "",
    "admin_code1": "",
    "admin_name2": "",
    "admin_code2": "",
    "admin_name3": "",
    "admin_code3": "",
    "latitude": "41.2386",
    "longitude": "20.7767",
    "accuracy": "4"
  },
  {
    "country_code": "MK",
    "postal_code": "6344",
    "place_name": "Belcista",
    "admin_name1": "",
    "admin_code1": "",
    "admin_name2": "",
    "admin_code2": "",
    "admin_name3": "",
    "admin_code3": "",
    "latitude": "41.3028",
    "longitude": "20.8303",
    "accuracy": "4"
  },
  {
    "country_code": "MK",
    "postal_code": "6346",
    "place_name": "Slivovo",
    "admin_name1": "",
    "admin_code1": "",
    "admin_name2": "",
    "admin_code2": "",
    "admin_name3": "",
    "admin_code3": "",
    "latitude": "41.4056",
    "longitude": "20.845",
    "accuracy": "4"
  },
  {
    "country_code": "MK",
    "postal_code": "6530",
    "place_name": "Makedonski Brod",
    "admin_name1": "",
    "admin_code1": "",
    "admin_name2": "",
    "admin_code2": "",
    "admin_name3": "",
    "admin_code3": "",
    "latitude": "41.5136",
    "longitude": "21.2153",
    "accuracy": "4"
  },
  {
    "country_code": "MK",
    "postal_code": "6533",
    "place_name": "Dolni Manastirec",
    "admin_name1": "",
    "admin_code1": "",
    "admin_name2": "",
    "admin_code2": "",
    "admin_name3": "",
    "admin_code3": "",
    "latitude": "41.6269",
    "longitude": "21.2106",
    "accuracy": "4"
  },
  {
    "country_code": "MK",
    "postal_code": "6535",
    "place_name": "Samokov",
    "admin_name1": "",
    "admin_code1": "",
    "admin_name2": "",
    "admin_code2": "",
    "admin_name3": "",
    "admin_code3": "",
    "latitude": "41.6836",
    "longitude": "21.1442",
    "accuracy": "4"
  },
  {
    "country_code": "MK",
    "postal_code": "6539",
    "place_name": "Dvorci",
    "admin_name1": "",
    "admin_code1": "",
    "admin_name2": "",
    "admin_code2": "",
    "admin_name3": "",
    "admin_code3": "",
    "latitude": "41.4647",
    "longitude": "21.0928",
    "accuracy": "4"
  },
  {
    "country_code": "MK",
    "postal_code": "7000",
    "place_name": "Bitola",
    "admin_name1": "",
    "admin_code1": "",
    "admin_name2": "",
    "admin_code2": "",
    "admin_name3": "",
    "admin_code3": "",
    "latitude": "41.0311",
    "longitude": "21.3403",
    "accuracy": "4"
  },
  {
    "country_code": "MK",
    "postal_code": "7202",
    "place_name": "Smilevo",
    "admin_name1": "",
    "admin_code1": "",
    "admin_name2": "",
    "admin_code2": "",
    "admin_name3": "",
    "admin_code3": "",
    "latitude": "41.155",
    "longitude": "21.1111",
    "accuracy": "4"
  },
  {
    "country_code": "MK",
    "postal_code": "7204",
    "place_name": "Dolno Orizari",
    "admin_name1": "",
    "admin_code1": "",
    "admin_name2": "",
    "admin_code2": "",
    "admin_name3": "",
    "admin_code3": "",
    "latitude": "41.0503",
    "longitude": "21.3794",
    "accuracy": "4"
  },
  {
    "country_code": "MK",
    "postal_code": "7205",
    "place_name": "Dihovo",
    "admin_name1": "",
    "admin_code1": "",
    "admin_name2": "",
    "admin_code2": "",
    "admin_name3": "",
    "admin_code3": "",
    "latitude": "41.0303",
    "longitude": "21.2639",
    "accuracy": "4"
  },
  {
    "country_code": "MK",
    "postal_code": "7211",
    "place_name": "Novaci",
    "admin_name1": "",
    "admin_code1": "",
    "admin_name2": "",
    "admin_code2": "",
    "admin_name3": "",
    "admin_code3": "",
    "latitude": "41.0419",
    "longitude": "21.4561",
    "accuracy": "4"
  },
  {
    "country_code": "MK",
    "postal_code": "7212",
    "place_name": "Dedebalci",
    "admin_name1": "",
    "admin_code1": "",
    "admin_name2": "",
    "admin_code2": "",
    "admin_name3": "",
    "admin_code3": "",
    "latitude": "41.1164",
    "longitude": "21.4842",
    "accuracy": "4"
  },
  {
    "country_code": "MK",
    "postal_code": "7213",
    "place_name": "Makovo",
    "admin_name1": "",
    "admin_code1": "",
    "admin_name2": "",
    "admin_code2": "",
    "admin_name3": "",
    "admin_code3": "",
    "latitude": "41.1186",
    "longitude": "21.6094",
    "accuracy": "4"
  },
  {
    "country_code": "MK",
    "postal_code": "7214",
    "place_name": "Staravina",
    "admin_name1": "",
    "admin_code1": "",
    "admin_name2": "",
    "admin_code2": "",
    "admin_name3": "",
    "admin_code3": "",
    "latitude": "41.0897",
    "longitude": "21.7339",
    "accuracy": "4"
  },
  {
    "country_code": "MK",
    "postal_code": "7215",
    "place_name": "Dobrusevo",
    "admin_name1": "",
    "admin_code1": "",
    "admin_name2": "",
    "admin_code2": "",
    "admin_name3": "",
    "admin_code3": "",
    "latitude": "41.1686",
    "longitude": "21.4825",
    "accuracy": "4"
  },
  {
    "country_code": "MK",
    "postal_code": "7216",
    "place_name": "Mogila",
    "admin_name1": "",
    "admin_code1": "",
    "admin_name2": "",
    "admin_code2": "",
    "admin_name3": "",
    "admin_code3": "",
    "latitude": "41.1083",
    "longitude": "21.3786",
    "accuracy": "4"
  },
  {
    "country_code": "MK",
    "postal_code": "7221",
    "place_name": "Bistrica",
    "admin_name1": "",
    "admin_code1": "",
    "admin_name2": "",
    "admin_code2": "",
    "admin_name3": "",
    "admin_code3": "",
    "latitude": "40.9833",
    "longitude": "21.3667",
    "accuracy": "4"
  },
  {
    "country_code": "MK",
    "postal_code": "7223",
    "place_name": "Porodin",
    "admin_name1": "",
    "admin_code1": "",
    "admin_name2": "",
    "admin_code2": "",
    "admin_name3": "",
    "admin_code3": "",
    "latitude": "40.9333",
    "longitude": "21.3667",
    "accuracy": "4"
  },
  {
    "country_code": "MK",
    "postal_code": "7224",
    "place_name": "Keremenica",
    "admin_name1": "",
    "admin_code1": "",
    "admin_name2": "",
    "admin_code2": "",
    "admin_name3": "",
    "admin_code3": "",
    "latitude": "40.9242",
    "longitude": "21.4585",
    "accuracy": ""
  },
  {
    "country_code": "MK",
    "postal_code": "7225",
    "place_name": "Bac",
    "admin_name1": "",
    "admin_code1": "",
    "admin_name2": "",
    "admin_code2": "",
    "admin_name3": "",
    "admin_code3": "",
    "latitude": "40.9333",
    "longitude": "21.5667",
    "accuracy": "4"
  },
  {
    "country_code": "MK",
    "postal_code": "7240",
    "place_name": "Demir Hisar",
    "admin_name1": "",
    "admin_code1": "",
    "admin_name2": "",
    "admin_code2": "",
    "admin_name3": "",
    "admin_code3": "",
    "latitude": "41.2217",
    "longitude": "21.2031",
    "accuracy": "4"
  },
  {
    "country_code": "MK",
    "postal_code": "7241",
    "place_name": "Kukurecani",
    "admin_name1": "",
    "admin_code1": "",
    "admin_name2": "",
    "admin_code2": "",
    "admin_name3": "",
    "admin_code3": "",
    "latitude": "41.0956",
    "longitude": "21.3256",
    "accuracy": "4"
  },
  {
    "country_code": "MK",
    "postal_code": "7242",
    "place_name": "Lopatica",
    "admin_name1": "",
    "admin_code1": "",
    "admin_name2": "",
    "admin_code2": "",
    "admin_name3": "",
    "admin_code3": "",
    "latitude": "41.1594",
    "longitude": "21.2539",
    "accuracy": "4"
  },
  {
    "country_code": "MK",
    "postal_code": "7244",
    "place_name": "Zvan",
    "admin_name1": "",
    "admin_code1": "",
    "admin_name2": "",
    "admin_code2": "",
    "admin_name3": "",
    "admin_code3": "",
    "latitude": "41.2878",
    "longitude": "21.1208",
    "accuracy": "4"
  },
  {
    "country_code": "MK",
    "postal_code": "7245",
    "place_name": "Ivanjevci",
    "admin_name1": "",
    "admin_code1": "",
    "admin_name2": "",
    "admin_code2": "",
    "admin_name3": "",
    "admin_code3": "",
    "latitude": "41.2064",
    "longitude": "21.3589",
    "accuracy": "4"
  },
  {
    "country_code": "MK",
    "postal_code": "7310",
    "place_name": "Resen",
    "admin_name1": "",
    "admin_code1": "",
    "admin_name2": "",
    "admin_code2": "",
    "admin_name3": "",
    "admin_code3": "",
    "latitude": "41.0889",
    "longitude": "21.0122",
    "accuracy": "4"
  },
  {
    "country_code": "MK",
    "postal_code": "7313",
    "place_name": "Capari",
    "admin_name1": "",
    "admin_code1": "",
    "admin_name2": "",
    "admin_code2": "",
    "admin_name3": "",
    "admin_code3": "",
    "latitude": "41.0561",
    "longitude": "21.1783",
    "accuracy": "4"
  },
  {
    "country_code": "MK",
    "postal_code": "7314",
    "place_name": "Kazani",
    "admin_name1": "",
    "admin_code1": "",
    "admin_name2": "",
    "admin_code2": "",
    "admin_name3": "",
    "admin_code3": "",
    "latitude": "41.0653",
    "longitude": "21.1472",
    "accuracy": "4"
  },
  {
    "country_code": "MK",
    "postal_code": "7315",
    "place_name": "Carev Dvor",
    "admin_name1": "",
    "admin_code1": "",
    "admin_name2": "",
    "admin_code2": "",
    "admin_name3": "",
    "admin_code3": "",
    "latitude": "41.0431",
    "longitude": "21.0072",
    "accuracy": "4"
  },
  {
    "country_code": "MK",
    "postal_code": "7316",
    "place_name": "Asamati",
    "admin_name1": "",
    "admin_code1": "",
    "admin_name2": "",
    "admin_code2": "",
    "admin_name3": "",
    "admin_code3": "",
    "latitude": "40.9864",
    "longitude": "21.0511",
    "accuracy": "4"
  },
  {
    "country_code": "MK",
    "postal_code": "7317",
    "place_name": "Krani",
    "admin_name1": "",
    "admin_code1": "",
    "admin_name2": "",
    "admin_code2": "",
    "admin_name3": "",
    "admin_code3": "",
    "latitude": "40.9394",
    "longitude": "21.1086",
    "accuracy": "4"
  },
  {
    "country_code": "MK",
    "postal_code": "7318",
    "place_name": "Ljubojno",
    "admin_name1": "",
    "admin_code1": "",
    "admin_name2": "",
    "admin_code2": "",
    "admin_name3": "",
    "admin_code3": "",
    "latitude": "40.8942",
    "longitude": "21.1408",
    "accuracy": "4"
  },
  {
    "country_code": "MK",
    "postal_code": "7319",
    "place_name": "Otesevo",
    "admin_name1": "",
    "admin_code1": "",
    "admin_name2": "",
    "admin_code2": "",
    "admin_name3": "",
    "admin_code3": "",
    "latitude": "40.9833",
    "longitude": "20.9167",
    "accuracy": "4"
  },
  {
    "country_code": "MK",
    "postal_code": "7320",
    "place_name": "Jankovec",
    "admin_name1": "",
    "admin_code1": "",
    "admin_name2": "",
    "admin_code2": "",
    "admin_name3": "",
    "admin_code3": "",
    "latitude": "41.1103",
    "longitude": "21.0114",
    "accuracy": "4"
  },
  {
    "country_code": "MK",
    "postal_code": "7500",
    "place_name": "Prilep",
    "admin_name1": "",
    "admin_code1": "",
    "admin_name2": "",
    "admin_code2": "",
    "admin_name3": "",
    "admin_code3": "",
    "latitude": "41.3464",
    "longitude": "21.5544",
    "accuracy": "4"
  },
  {
    "country_code": "MK",
    "postal_code": "7504",
    "place_name": "Dolneni",
    "admin_name1": "",
    "admin_code1": "",
    "admin_name2": "",
    "admin_code2": "",
    "admin_name3": "",
    "admin_code3": "",
    "latitude": "41.4253",
    "longitude": "21.4547",
    "accuracy": "4"
  },
  {
    "country_code": "MK",
    "postal_code": "7505",
    "place_name": "Kostinci",
    "admin_name1": "",
    "admin_code1": "",
    "admin_name2": "",
    "admin_code2": "",
    "admin_name3": "",
    "admin_code3": "",
    "latitude": "41.5017",
    "longitude": "21.4069",
    "accuracy": "4"
  },
  {
    "country_code": "MK",
    "postal_code": "7506",
    "place_name": "Dunje",
    "admin_name1": "",
    "admin_code1": "",
    "admin_name2": "",
    "admin_code2": "",
    "admin_name3": "",
    "admin_code3": "",
    "latitude": "41.2575",
    "longitude": "21.6922",
    "accuracy": "4"
  },
  {
    "country_code": "MK",
    "postal_code": "7507",
    "place_name": "Lazani",
    "admin_name1": "",
    "admin_code1": "",
    "admin_name2": "",
    "admin_code2": "",
    "admin_name3": "",
    "admin_code3": "",
    "latitude": "41.4422",
    "longitude": "21.3158",
    "accuracy": "4"
  },
  {
    "country_code": "MK",
    "postal_code": "7508",
    "place_name": "Vitoliste",
    "admin_name1": "",
    "admin_code1": "",
    "admin_name2": "",
    "admin_code2": "",
    "admin_name3": "",
    "admin_code3": "",
    "latitude": "41.1808",
    "longitude": "21.8267",
    "accuracy": "4"
  },
  {
    "country_code": "MK",
    "postal_code": "7509",
    "place_name": "Golemo Konjari",
    "admin_name1": "",
    "admin_code1": "",
    "admin_name2": "",
    "admin_code2": "",
    "admin_name3": "",
    "admin_code3": "",
    "latitude": "41.3431",
    "longitude": "21.4403",
    "accuracy": "4"
  },
  {
    "country_code": "MK",
    "postal_code": "7512",
    "place_name": "Topolcani",
    "admin_name1": "",
    "admin_code1": "",
    "admin_name2": "",
    "admin_code2": "",
    "admin_name3": "",
    "admin_code3": "",
    "latitude": "41.2286",
    "longitude": "21.4314",
    "accuracy": "4"
  },
  {
    "country_code": "MK",
    "postal_code": "7514",
    "place_name": "Kanatlarci",
    "admin_name1": "",
    "admin_code1": "",
    "admin_name2": "",
    "admin_code2": "",
    "admin_name3": "",
    "admin_code3": "",
    "latitude": "41.2103",
    "longitude": "21.5033",
    "accuracy": "4"
  },
  {
    "country_code": "MK",
    "postal_code": "7524",
    "place_name": "Krivogastani",
    "admin_name1": "",
    "admin_code1": "",
    "admin_name2": "",
    "admin_code2": "",
    "admin_name3": "",
    "admin_code3": "",
    "latitude": "41.3361",
    "longitude": "21.3331",
    "accuracy": "4"
  },
  {
    "country_code": "MK",
    "postal_code": "7525",
    "place_name": "Vodani",
    "admin_name1": "",
    "admin_code1": "",
    "admin_name2": "",
    "admin_code2": "",
    "admin_name3": "",
    "admin_code3": "",
    "latitude": "41.2836",
    "longitude": "21.3394",
    "accuracy": "4"
  },
  {
    "country_code": "MK",
    "postal_code": "7537",
    "place_name": "Debreste",
    "admin_name1": "",
    "admin_code1": "",
    "admin_name2": "",
    "admin_code2": "",
    "admin_name3": "",
    "admin_code3": "",
    "latitude": "41.4797",
    "longitude": "21.3153",
    "accuracy": "4"
  },
  {
    "country_code": "MK",
    "postal_code": "7550",
    "place_name": "Krusevo",
    "admin_name1": "",
    "admin_code1": "",
    "admin_name2": "",
    "admin_code2": "",
    "admin_name3": "",
    "admin_code3": "",
    "latitude": "41.3689",
    "longitude": "21.2489",
    "accuracy": "4"
  }
]