[
  {
    "country_code": "MP",
    "postal_code": "96951",
    "place_name": "Rota",
    "admin_name1": "Rota",
    "admin_code1": "100",
    "admin_name2": "",
    "admin_code2": "",
    "admin_name3": "",
    "admin_code3": "",
    "latitude": "14.154",
    "longitude": "145.201",
    "accuracy": "6"
  },
  {
    "country_code": "MP",
    "postal_code": "96950",
    "place_name": "Saipan",
    "admin_name1": "Saipan",
    "admin_code1": "110",
    "admin_name2": "",
    "admin_code2": "",
    "admin_name3": "",
    "admin_code3": "",
    "latitude": "15.1685",
    "longitude": "145.7408",
    "accuracy": "6"
  },
  {
    "country_code": "MP",
    "postal_code": "96952",
    "place_name": "Tinian",
    "admin_name1": "Tinian",
    "admin_code1": "120",
    "admin_name2": "",
    "admin_code2": "",
    "admin_name3": "",
    "admin_code3": "",
    "latitude": "15.029",
    "longitude": "145.616",
    "accuracy": "6"
  }
]