[
  {
    "country_code": "MQ",
    "postal_code": "97200",
    "place_name": "Fort-de-France",
    "admin_name1": "Martinique",
    "admin_code1": "MQ",
    "admin_name2": "Martinique",
    "admin_code2": "972",
    "admin_name3": "Arrondissement de Fort-de-France",
    "admin_code3": "9721",
    "latitude": "14.6089",
    "longitude": "-61.0733",
    "accuracy": "5"
  },
  {
    "country_code": "MQ",
    "postal_code": "97201 CEDEX",
    "place_name": "Fort-de-France",
    "admin_name1": "Martinique",
    "admin_code1": "MQ",
    "admin_name2": "Martinique",
    "admin_code2": "972",
    "admin_name3": "Arrondissement de Fort-de-France",
    "admin_code3": "9721",
    "latitude": "14.6089",
    "longitude": "-61.0733",
    "accuracy": "5"
  },
  {
    "country_code": "MQ",
    "postal_code": "97202 CEDEX",
    "place_name": "Fort-de-France",
    "admin_name1": "Martinique",
    "admin_code1": "MQ",
    "admin_name2": "Martinique",
    "admin_code2": "972",
    "admin_name3": "Arrondissement de Fort-de-France",
    "admin_code3": "9721",
    "latitude": "14.6089",
    "longitude": "-61.0733",
    "accuracy": "5"
  },
  {
    "country_code": "MQ",
    "postal_code": "97203 CEDEX",
    "place_name": "Fort-de-France",
    "admin_name1": "Martinique",
    "admin_code1": "MQ",
    "admin_name2": "Martinique",
    "admin_code2": "972",
    "admin_name3": "Arrondissement de Fort-de-France",
    "admin_code3": "9721",
    "latitude": "14.6089",
    "longitude": "-61.0733",
    "accuracy": "5"
  },
  {
    "country_code": "MQ",
    "postal_code": "97204 CEDEX",
    "place_name": "Fort-de-France",
    "admin_name1": "Martinique",
    "admin_code1": "MQ",
    "admin_name2": "Martinique",
    "admin_code2": "972",
    "admin_name3": "Arrondissement de Fort-de-France",
    "admin_code3": "9721",
    "latitude": "14.6089",
    "longitude": "-61.0733",
    "accuracy": "5"
  },
  {
    "country_code": "MQ",
    "postal_code": "97205 CEDEX",
    "place_name": "Fort-de-France",
    "admin_name1": "Martinique",
    "admin_code1": "MQ",
    "admin_name2": "Martinique",
    "admin_code2": "972",
    "admin_name3": "Arrondissement de Fort-de-France",
    "admin_code3": "9721",
    "latitude": "14.6089",
    "longitude": "-61.0733",
    "accuracy": "5"
  },
  {
    "country_code": "MQ",
    "postal_code": "97206 CEDEX",
    "place_name": "Fort-de-France",
    "admin_name1": "Martinique",
    "admin_code1": "MQ",
    "admin_name2": "Martinique",
    "admin_code2": "972",
    "admin_name3": "Arrondissement de Fort-de-France",
    "admin_code3": "9721",
    "latitude": "14.6089",
    "longitude": "-61.0733",
    "accuracy": "5"
  },
  {
    "country_code": "MQ",
    "postal_code": "97207 CEDEX",
    "place_name": "Fort-de-France",
    "admin_name1": "Martinique",
    "admin_code1": "MQ",
    "admin_name2": "Martinique",
    "admin_code2": "972",
    "admin_name3": "Arrondissement de Fort-de-France",
    "admin_code3": "9721",
    "latitude": "14.6089",
    "longitude": "-61.0733",
    "accuracy": "5"
  },
  {
    "country_code": "MQ",
    "postal_code": "97208 CEDEX",
    "place_name": "Fort-de-France",
    "admin_name1": "Martinique",
    "admin_code1": "MQ",
    "admin_name2": "Martinique",
    "admin_code2": "972",
    "admin_name3": "Arrondissement de Fort-de-France",
    "admin_code3": "9721",
    "latitude": "14.6089",
    "longitude": "-61.0733",
    "accuracy": "5"
  },
  {
    "country_code": "MQ",
    "postal_code": "97209 CEDEX",
    "place_name": "Fort-de-France",
    "admin_name1": "Martinique",
    "admin_code1": "MQ",
    "admin_name2": "Martinique",
    "admin_code2": "972",
    "admin_name3": "Arrondissement de Fort-de-France",
    "admin_code3": "9721",
    "latitude": "14.6089",
    "longitude": "-61.0733",
    "accuracy": "5"
  },
  {
    "country_code": "MQ",
    "postal_code": "97210 CEDEX 2",
    "place_name": "Le Lamentin",
    "admin_name1": "Martinique",
    "admin_code1": "MQ",
    "admin_name2": "Martinique",
    "admin_code2": "972",
    "admin_name3": "Arrondissement de Fort-de-France",
    "admin_code3": "9721",
    "latitude": "14.608",
    "longitude": "-61.0093",
    "accuracy": "5"
  },
  {
    "country_code": "MQ",
    "postal_code": "97211",
    "place_name": "Rivière-Pilote",
    "admin_name1": "Martinique",
    "admin_code1": "MQ",
    "admin_name2": "Martinique",
    "admin_code2": "972",
    "admin_name3": "Arrondissement du Marin",
    "admin_code3": "9723",
    "latitude": "14.4775",
    "longitude": "-60.9035",
    "accuracy": "5"
  },
  {
    "country_code": "MQ",
    "postal_code": "97212",
    "place_name": "Saint-Joseph",
    "admin_name1": "Martinique",
    "admin_code1": "MQ",
    "admin_name2": "Martinique",
    "admin_code2": "972",
    "admin_name3": "Arrondissement de Fort-de-France",
    "admin_code3": "9721",
    "latitude": "14.671",
    "longitude": "-61.0391",
    "accuracy": "5"
  },
  {
    "country_code": "MQ",
    "postal_code": "97213",
    "place_name": "Le Gros-Morne",
    "admin_name1": "Martinique",
    "admin_code1": "MQ",
    "admin_name2": "Martinique",
    "admin_code2": "972",
    "admin_name3": "Arrondissement de La Trinité",
    "admin_code3": "9722",
    "latitude": "14.7",
    "longitude": "-61",
    "accuracy": "5"
  },
  {
    "country_code": "MQ",
    "postal_code": "97214",
    "place_name": "Le Lorrain",
    "admin_name1": "Martinique",
    "admin_code1": "MQ",
    "admin_name2": "Martinique",
    "admin_code2": "972",
    "admin_name3": "Arrondissement de La Trinité",
    "admin_code3": "9722",
    "latitude": "14.8329",
    "longitude": "-61.0567",
    "accuracy": "5"
  },
  {
    "country_code": "MQ",
    "postal_code": "97215",
    "place_name": "Rivière-Salée",
    "admin_name1": "Martinique",
    "admin_code1": "MQ",
    "admin_name2": "Martinique",
    "admin_code2": "972",
    "admin_name3": "Arrondissement du Marin",
    "admin_code3": "9723",
    "latitude": "14.5272",
    "longitude": "-60.9781",
    "accuracy": "5"
  },
  {
    "country_code": "MQ",
    "postal_code": "97216",
    "place_name": "L'Ajoupa-Bouillon",
    "admin_name1": "Martinique",
    "admin_code1": "MQ",
    "admin_name2": "Martinique",
    "admin_code2": "972",
    "admin_name3": "Arrondissement de La Trinité",
    "admin_code3": "9722",
    "latitude": "14.8167",
    "longitude": "-61.1167",
    "accuracy": "5"
  },
  {
    "country_code": "MQ",
    "postal_code": "97217",
    "place_name": "Les Anses-d'Arlet",
    "admin_name1": "Martinique",
    "admin_code1": "MQ",
    "admin_name2": "Martinique",
    "admin_code2": "972",
    "admin_name3": "Arrondissement du Marin",
    "admin_code3": "9723",
    "latitude": "14.4833",
    "longitude": "-61.0833",
    "accuracy": "5"
  },
  {
    "country_code": "MQ",
    "postal_code": "97218",
    "place_name": "Macouba",
    "admin_name1": "Martinique",
    "admin_code1": "MQ",
    "admin_name2": "Martinique",
    "admin_code2": "972",
    "admin_name3": "Arrondissement de La Trinité",
    "admin_code3": "9722",
    "latitude": "14.8764",
    "longitude": "-61.142",
    "accuracy": "5"
  },
  {
    "country_code": "MQ",
    "postal_code": "97218",
    "place_name": "Grand'Rivière",
    "admin_name1": "Martinique",
    "admin_code1": "MQ",
    "admin_name2": "Martinique",
    "admin_code2": "972",
    "admin_name3": "Arrondissement de La Trinité",
    "admin_code3": "9722",
    "latitude": "14.8735",
    "longitude": "-61.1795",
    "accuracy": "5"
  },
  {
    "country_code": "MQ",
    "postal_code": "97218",
    "place_name": "Basse-Pointe",
    "admin_name1": "Martinique",
    "admin_code1": "MQ",
    "admin_name2": "Martinique",
    "admin_code2": "972",
    "admin_name3": "Arrondissement de La Trinité",
    "admin_code3": "9722",
    "latitude": "14.8695",
    "longitude": "-61.115",
    "accuracy": "5"
  },
  {
    "country_code": "MQ",
    "postal_code": "97219 CEDEX",
    "place_name": "Fort-de-France",
    "admin_name1": "Martinique",
    "admin_code1": "MQ",
    "admin_name2": "Martinique",
    "admin_code2": "972",
    "admin_name3": "Arrondissement de Fort-de-France",
    "admin_code3": "9721",
    "latitude": "14.6089",
    "longitude": "-61.0733",
    "accuracy": "5"
  },
  {
    "country_code": "MQ",
    "postal_code": "97220",
    "place_name": "La Trinité",
    "admin_name1": "Martinique",
    "admin_code1": "MQ",
    "admin_name2": "Martinique",
    "admin_code2": "972",
    "admin_name3": "Arrondissement de La Trinité",
    "admin_code3": "9722",
    "latitude": "14.7376",
    "longitude": "-60.9629",
    "accuracy": "5"
  },
  {
    "country_code": "MQ",
    "postal_code": "97221",
    "place_name": "Le Carbet",
    "admin_name1": "Martinique",
    "admin_code1": "MQ",
    "admin_name2": "Martinique",
    "admin_code2": "972",
    "admin_name3": "Arrondissement de Saint-Pierre",
    "admin_code3": "9724",
    "latitude": "14.7103",
    "longitude": "-61.1824",
    "accuracy": "5"
  },
  {
    "country_code": "MQ",
    "postal_code": "97222",
    "place_name": "Bellefontaine",
    "admin_name1": "Martinique",
    "admin_code1": "MQ",
    "admin_name2": "Martinique",
    "admin_code2": "972",
    "admin_name3": "Arrondissement de Saint-Pierre",
    "admin_code3": "9724",
    "latitude": "14.6731",
    "longitude": "-61.164",
    "accuracy": "5"
  },
  {
    "country_code": "MQ",
    "postal_code": "97222",
    "place_name": "Case-Pilote",
    "admin_name1": "Martinique",
    "admin_code1": "MQ",
    "admin_name2": "Martinique",
    "admin_code2": "972",
    "admin_name3": "Arrondissement de Saint-Pierre",
    "admin_code3": "9724",
    "latitude": "14.6428",
    "longitude": "-61.1385",
    "accuracy": "5"
  },
  {
    "country_code": "MQ",
    "postal_code": "97223",
    "place_name": "Le Diamant",
    "admin_name1": "Martinique",
    "admin_code1": "MQ",
    "admin_name2": "Martinique",
    "admin_code2": "972",
    "admin_name3": "Arrondissement du Marin",
    "admin_code3": "9723",
    "latitude": "14.4795",
    "longitude": "-61.027",
    "accuracy": "5"
  },
  {
    "country_code": "MQ",
    "postal_code": "97224",
    "place_name": "Ducos",
    "admin_name1": "Martinique",
    "admin_code1": "MQ",
    "admin_name2": "Martinique",
    "admin_code2": "972",
    "admin_name3": "Arrondissement du Marin",
    "admin_code3": "9723",
    "latitude": "14.5753",
    "longitude": "-60.9745",
    "accuracy": "5"
  },
  {
    "country_code": "MQ",
    "postal_code": "97225",
    "place_name": "Le Marigot",
    "admin_name1": "Martinique",
    "admin_code1": "MQ",
    "admin_name2": "Martinique",
    "admin_code2": "972",
    "admin_name3": "Arrondissement de La Trinité",
    "admin_code3": "9722",
    "latitude": "14.8225",
    "longitude": "-61.0313",
    "accuracy": "5"
  },
  {
    "country_code": "MQ",
    "postal_code": "97226",
    "place_name": "Le Morne-Vert",
    "admin_name1": "Martinique",
    "admin_code1": "MQ",
    "admin_name2": "Martinique",
    "admin_code2": "972",
    "admin_name3": "Arrondissement de Saint-Pierre",
    "admin_code3": "9724",
    "latitude": "14.707",
    "longitude": "-61.1462",
    "accuracy": "5"
  },
  {
    "country_code": "MQ",
    "postal_code": "97227",
    "place_name": "Sainte-Anne",
    "admin_name1": "Martinique",
    "admin_code1": "MQ",
    "admin_name2": "Martinique",
    "admin_code2": "972",
    "admin_name3": "Arrondissement du Marin",
    "admin_code3": "9723",
    "latitude": "14.4331",
    "longitude": "-60.8811",
    "accuracy": "5"
  },
  {
    "country_code": "MQ",
    "postal_code": "97228",
    "place_name": "Sainte-Luce",
    "admin_name1": "Martinique",
    "admin_code1": "MQ",
    "admin_name2": "Martinique",
    "admin_code2": "972",
    "admin_name3": "Arrondissement du Marin",
    "admin_code3": "9723",
    "latitude": "14.4673",
    "longitude": "-60.9271",
    "accuracy": "5"
  },
  {
    "country_code": "MQ",
    "postal_code": "97229",
    "place_name": "Les Trois-Îlets",
    "admin_name1": "Martinique",
    "admin_code1": "MQ",
    "admin_name2": "Martinique",
    "admin_code2": "972",
    "admin_name3": "Arrondissement du Marin",
    "admin_code3": "9723",
    "latitude": "14.539",
    "longitude": "-61.0361",
    "accuracy": "5"
  },
  {
    "country_code": "MQ",
    "postal_code": "97230",
    "place_name": "Sainte-Marie",
    "admin_name1": "Martinique",
    "admin_code1": "MQ",
    "admin_name2": "Martinique",
    "admin_code2": "972",
    "admin_name3": "Arrondissement de La Trinité",
    "admin_code3": "9722",
    "latitude": "14.7839",
    "longitude": "-60.9927",
    "accuracy": "5"
  },
  {
    "country_code": "MQ",
    "postal_code": "97231",
    "place_name": "Le Robert",
    "admin_name1": "Martinique",
    "admin_code1": "MQ",
    "admin_name2": "Martinique",
    "admin_code2": "972",
    "admin_name3": "Arrondissement de La Trinité",
    "admin_code3": "9722",
    "latitude": "14.6775",
    "longitude": "-60.9423",
    "accuracy": "5"
  },
  {
    "country_code": "MQ",
    "postal_code": "97232",
    "place_name": "Le Lamentin",
    "admin_name1": "Martinique",
    "admin_code1": "MQ",
    "admin_name2": "Martinique",
    "admin_code2": "972",
    "admin_name3": "Arrondissement de Fort-de-France",
    "admin_code3": "9721",
    "latitude": "14.608",
    "longitude": "-61.0093",
    "accuracy": "5"
  },
  {
    "country_code": "MQ",
    "postal_code": "97233",
    "place_name": "Schoelcher",
    "admin_name1": "Martinique",
    "admin_code1": "MQ",
    "admin_name2": "Martinique",
    "admin_code2": "972",
    "admin_name3": "Arrondissement de Fort-de-France",
    "admin_code3": "9721",
    "latitude": "14.6177",
    "longitude": "-61.099",
    "accuracy": "5"
  },
  {
    "country_code": "MQ",
    "postal_code": "97234",
    "place_name": "Fort-de-France",
    "admin_name1": "Martinique",
    "admin_code1": "MQ",
    "admin_name2": "Martinique",
    "admin_code2": "972",
    "admin_name3": "Arrondissement de Fort-de-France",
    "admin_code3": "9721",
    "latitude": "14.6089",
    "longitude": "-61.0733",
    "accuracy": "5"
  },
  {
    "country_code": "MQ",
    "postal_code": "97240",
    "place_name": "Le François",
    "admin_name1": "Martinique",
    "admin_code1": "MQ",
    "admin_name2": "Martinique",
    "admin_code2": "972",
    "admin_name3": "Arrondissement du Marin",
    "admin_code3": "9723",
    "latitude": "14.6156",
    "longitude": "-60.9031",
    "accuracy": "5"
  },
  {
    "country_code": "MQ",
    "postal_code": "97241 CEDEX",
    "place_name": "Fort-de-France",
    "admin_name1": "Martinique",
    "admin_code1": "MQ",
    "admin_name2": "Martinique",
    "admin_code2": "972",
    "admin_name3": "Arrondissement de Fort-de-France",
    "admin_code3": "9721",
    "latitude": "14.6089",
    "longitude": "-61.0733",
    "accuracy": "5"
  },
  {
    "country_code": "MQ",
    "postal_code": "97242 CEDEX",
    "place_name": "Fort-de-France",
    "admin_name1": "Martinique",
    "admin_code1": "MQ",
    "admin_name2": "Martinique",
    "admin_code2": "972",
    "admin_name3": "Arrondissement de Fort-de-France",
    "admin_code3": "9721",
    "latitude": "14.6089",
    "longitude": "-61.0733",
    "accuracy": "5"
  },
  {
    "country_code": "MQ",
    "postal_code": "97243 CEDEX",
    "place_name": "Fort-de-France",
    "admin_name1": "Martinique",
    "admin_code1": "MQ",
    "admin_name2": "Martinique",
    "admin_code2": "972",
    "admin_name3": "Arrondissement de Fort-de-France",
    "admin_code3": "9721",
    "latitude": "14.6089",
    "longitude": "-61.0733",
    "accuracy": "5"
  },
  {
    "country_code": "MQ",
    "postal_code": "97244 CEDEX",
    "place_name": "Fort-de-France",
    "admin_name1": "Martinique",
    "admin_code1": "MQ",
    "admin_name2": "Martinique",
    "admin_code2": "972",
    "admin_name3": "Arrondissement de Fort-de-France",
    "admin_code3": "9721",
    "latitude": "14.6089",
    "longitude": "-61.0733",
    "accuracy": "5"
  },
  {
    "country_code": "MQ",
    "postal_code": "97245 CEDEX",
    "place_name": "Fort-de-France",
    "admin_name1": "Martinique",
    "admin_code1": "MQ",
    "admin_name2": "Martinique",
    "admin_code2": "972",
    "admin_name3": "Arrondissement de Fort-de-France",
    "admin_code3": "9721",
    "latitude": "14.6089",
    "longitude": "-61.0733",
    "accuracy": "5"
  },
  {
    "country_code": "MQ",
    "postal_code": "97246 CEDEX",
    "place_name": "Fort-de-France",
    "admin_name1": "Martinique",
    "admin_code1": "MQ",
    "admin_name2": "Martinique",
    "admin_code2": "972",
    "admin_name3": "Arrondissement de Fort-de-France",
    "admin_code3": "9721",
    "latitude": "14.6089",
    "longitude": "-61.0733",
    "accuracy": "5"
  },
  {
    "country_code": "MQ",
    "postal_code": "97247 CEDEX",
    "place_name": "Fort-de-France",
    "admin_name1": "Martinique",
    "admin_code1": "MQ",
    "admin_name2": "Martinique",
    "admin_code2": "972",
    "admin_name3": "Arrondissement de Fort-de-France",
    "admin_code3": "9721",
    "latitude": "14.6089",
    "longitude": "-61.0733",
    "accuracy": "5"
  },
  {
    "country_code": "MQ",
    "postal_code": "97248 CEDEX",
    "place_name": "Fort-de-France",
    "admin_name1": "Martinique",
    "admin_code1": "MQ",
    "admin_name2": "Martinique",
    "admin_code2": "972",
    "admin_name3": "Arrondissement de Fort-de-France",
    "admin_code3": "9721",
    "latitude": "14.6089",
    "longitude": "-61.0733",
    "accuracy": "5"
  },
  {
    "country_code": "MQ",
    "postal_code": "97249 CEDEX",
    "place_name": "Fort-de-France",
    "admin_name1": "Martinique",
    "admin_code1": "MQ",
    "admin_name2": "Martinique",
    "admin_code2": "972",
    "admin_name3": "Arrondissement de Fort-de-France",
    "admin_code3": "9721",
    "latitude": "14.6089",
    "longitude": "-61.0733",
    "accuracy": "5"
  },
  {
    "country_code": "MQ",
    "postal_code": "97250",
    "place_name": "Le Prêcheur",
    "admin_name1": "Martinique",
    "admin_code1": "MQ",
    "admin_name2": "Martinique",
    "admin_code2": "972",
    "admin_name3": "Arrondissement de Saint-Pierre",
    "admin_code3": "9724",
    "latitude": "14.8017",
    "longitude": "-61.2247",
    "accuracy": "5"
  },
  {
    "country_code": "MQ",
    "postal_code": "97250",
    "place_name": "Fonds-Saint-Denis",
    "admin_name1": "Martinique",
    "admin_code1": "MQ",
    "admin_name2": "Martinique",
    "admin_code2": "972",
    "admin_name3": "Arrondissement de Saint-Pierre",
    "admin_code3": "9724",
    "latitude": "14.7333",
    "longitude": "-61.1333",
    "accuracy": "5"
  },
  {
    "country_code": "MQ",
    "postal_code": "97250",
    "place_name": "Saint-Pierre",
    "admin_name1": "Martinique",
    "admin_code1": "MQ",
    "admin_name2": "Martinique",
    "admin_code2": "972",
    "admin_name3": "Arrondissement de Saint-Pierre",
    "admin_code3": "9724",
    "latitude": "14.7438",
    "longitude": "-61.1753",
    "accuracy": "5"
  },
  {
    "country_code": "MQ",
    "postal_code": "97251 CEDEX",
    "place_name": "Fort-de-France",
    "admin_name1": "Martinique",
    "admin_code1": "MQ",
    "admin_name2": "Martinique",
    "admin_code2": "972",
    "admin_name3": "Arrondissement de Fort-de-France",
    "admin_code3": "9721",
    "latitude": "14.6089",
    "longitude": "-61.0733",
    "accuracy": "5"
  },
  {
    "country_code": "MQ",
    "postal_code": "97252 CEDEX",
    "place_name": "Fort-de-France",
    "admin_name1": "Martinique",
    "admin_code1": "MQ",
    "admin_name2": "Martinique",
    "admin_code2": "972",
    "admin_name3": "Arrondissement de Fort-de-France",
    "admin_code3": "9721",
    "latitude": "14.6089",
    "longitude": "-61.0733",
    "accuracy": "5"
  },
  {
    "country_code": "MQ",
    "postal_code": "97253 CEDEX",
    "place_name": "Fort-de-France",
    "admin_name1": "Martinique",
    "admin_code1": "MQ",
    "admin_name2": "Martinique",
    "admin_code2": "972",
    "admin_name3": "Arrondissement de Fort-de-France",
    "admin_code3": "9721",
    "latitude": "14.6089",
    "longitude": "-61.0733",
    "accuracy": "5"
  },
  {
    "country_code": "MQ",
    "postal_code": "97254 CEDEX",
    "place_name": "Fort-de-France",
    "admin_name1": "Martinique",
    "admin_code1": "MQ",
    "admin_name2": "Martinique",
    "admin_code2": "972",
    "admin_name3": "Arrondissement de Fort-de-France",
    "admin_code3": "9721",
    "latitude": "14.6089",
    "longitude": "-61.0733",
    "accuracy": "5"
  },
  {
    "country_code": "MQ",
    "postal_code": "97255 CEDEX",
    "place_name": "Fort-de-France",
    "admin_name1": "Martinique",
    "admin_code1": "MQ",
    "admin_name2": "Martinique",
    "admin_code2": "972",
    "admin_name3": "Arrondissement de Fort-de-France",
    "admin_code3": "9721",
    "latitude": "14.6089",
    "longitude": "-61.0733",
    "accuracy": "5"
  },
  {
    "country_code": "MQ",
    "postal_code": "97256 CEDEX",
    "place_name": "Fort-de-France",
    "admin_name1": "Martinique",
    "admin_code1": "MQ",
    "admin_name2": "Martinique",
    "admin_code2": "972",
    "admin_name3": "Arrondissement de Fort-de-France",
    "admin_code3": "9721",
    "latitude": "14.6089",
    "longitude": "-61.0733",
    "accuracy": "5"
  },
  {
    "country_code": "MQ",
    "postal_code": "97257 CEDEX",
    "place_name": "Fort-de-France",
    "admin_name1": "Martinique",
    "admin_code1": "MQ",
    "admin_name2": "Martinique",
    "admin_code2": "972",
    "admin_name3": "Arrondissement de Fort-de-France",
    "admin_code3": "9721",
    "latitude": "14.6089",
    "longitude": "-61.0733",
    "accuracy": "5"
  },
  {
    "country_code": "MQ",
    "postal_code": "97258 CEDEX",
    "place_name": "Fort-de-France",
    "admin_name1": "Martinique",
    "admin_code1": "MQ",
    "admin_name2": "Martinique",
    "admin_code2": "972",
    "admin_name3": "Arrondissement de Fort-de-France",
    "admin_code3": "9721",
    "latitude": "14.6089",
    "longitude": "-61.0733",
    "accuracy": "5"
  },
  {
    "country_code": "MQ",
    "postal_code": "97259 CEDEX",
    "place_name": "Fort-de-France",
    "admin_name1": "Martinique",
    "admin_code1": "MQ",
    "admin_name2": "Martinique",
    "admin_code2": "972",
    "admin_name3": "Arrondissement de Fort-de-France",
    "admin_code3": "9721",
    "latitude": "14.6089",
    "longitude": "-61.0733",
    "accuracy": "5"
  },
  {
    "country_code": "MQ",
    "postal_code": "97260",
    "place_name": "Le Morne-Rouge",
    "admin_name1": "Martinique",
    "admin_code1": "MQ",
    "admin_name2": "Martinique",
    "admin_code2": "972",
    "admin_name3": "Arrondissement de Saint-Pierre",
    "admin_code3": "9724",
    "latitude": "14.7667",
    "longitude": "-61.1333",
    "accuracy": "5"
  },
  {
    "country_code": "MQ",
    "postal_code": "97261 CEDEX",
    "place_name": "Fort-de-France",
    "admin_name1": "Martinique",
    "admin_code1": "MQ",
    "admin_name2": "Martinique",
    "admin_code2": "972",
    "admin_name3": "Arrondissement de Fort-de-France",
    "admin_code3": "9721",
    "latitude": "14.6089",
    "longitude": "-61.0733",
    "accuracy": "5"
  },
  {
    "country_code": "MQ",
    "postal_code": "97262 CEDEX",
    "place_name": "Fort-de-France",
    "admin_name1": "Martinique",
    "admin_code1": "MQ",
    "admin_name2": "Martinique",
    "admin_code2": "972",
    "admin_name3": "Arrondissement de Fort-de-France",
    "admin_code3": "9721",
    "latitude": "14.6089",
    "longitude": "-61.0733",
    "accuracy": "5"
  },
  {
    "country_code": "MQ",
    "postal_code": "97263 CEDEX",
    "place_name": "Fort-de-France",
    "admin_name1": "Martinique",
    "admin_code1": "MQ",
    "admin_name2": "Martinique",
    "admin_code2": "972",
    "admin_name3": "Arrondissement de Fort-de-France",
    "admin_code3": "9721",
    "latitude": "14.6089",
    "longitude": "-61.0733",
    "accuracy": "5"
  },
  {
    "country_code": "MQ",
    "postal_code": "97264 CEDEX",
    "place_name": "Fort-de-France",
    "admin_name1": "Martinique",
    "admin_code1": "MQ",
    "admin_name2": "Martinique",
    "admin_code2": "972",
    "admin_name3": "Arrondissement de Fort-de-France",
    "admin_code3": "9721",
    "latitude": "14.6089",
    "longitude": "-61.0733",
    "accuracy": "5"
  },
  {
    "country_code": "MQ",
    "postal_code": "97265 CEDEX",
    "place_name": "Fort-de-France",
    "admin_name1": "Martinique",
    "admin_code1": "MQ",
    "admin_name2": "Martinique",
    "admin_code2": "972",
    "admin_name3": "Arrondissement de Fort-de-France",
    "admin_code3": "9721",
    "latitude": "14.6089",
    "longitude": "-61.0733",
    "accuracy": "5"
  },
  {
    "country_code": "MQ",
    "postal_code": "97266 CEDEX",
    "place_name": "Fort-de-France",
    "admin_name1": "Martinique",
    "admin_code1": "MQ",
    "admin_name2": "Martinique",
    "admin_code2": "972",
    "admin_name3": "Arrondissement de Fort-de-France",
    "admin_code3": "9721",
    "latitude": "14.6089",
    "longitude": "-61.0733",
    "accuracy": "5"
  },
  {
    "country_code": "MQ",
    "postal_code": "97267 CEDEX",
    "place_name": "Fort-de-France",
    "admin_name1": "Martinique",
    "admin_code1": "MQ",
    "admin_name2": "Martinique",
    "admin_code2": "972",
    "admin_name3": "Arrondissement de Fort-de-France",
    "admin_code3": "9721",
    "latitude": "14.6089",
    "longitude": "-61.0733",
    "accuracy": "5"
  },
  {
    "country_code": "MQ",
    "postal_code": "97268 CEDEX",
    "place_name": "Fort-de-France",
    "admin_name1": "Martinique",
    "admin_code1": "MQ",
    "admin_name2": "Martinique",
    "admin_code2": "972",
    "admin_name3": "Arrondissement de Fort-de-France",
    "admin_code3": "9721",
    "latitude": "14.6089",
    "longitude": "-61.0733",
    "accuracy": "5"
  },
  {
    "country_code": "MQ",
    "postal_code": "97269 CEDEX",
    "place_name": "Fort-de-France",
    "admin_name1": "Martinique",
    "admin_code1": "MQ",
    "admin_name2": "Martinique",
    "admin_code2": "972",
    "admin_name3": "Arrondissement de Fort-de-France",
    "admin_code3": "9721",
    "latitude": "14.6089",
    "longitude": "-61.0733",
    "accuracy": "5"
  },
  {
    "country_code": "MQ",
    "postal_code": "97270",
    "place_name": "Saint-Esprit",
    "admin_name1": "Martinique",
    "admin_code1": "MQ",
    "admin_name2": "Martinique",
    "admin_code2": "972",
    "admin_name3": "Arrondissement du Marin",
    "admin_code3": "9723",
    "latitude": "14.55",
    "longitude": "-60.9333",
    "accuracy": "5"
  },
  {
    "country_code": "MQ",
    "postal_code": "97271 CEDEX",
    "place_name": "Schoelcher",
    "admin_name1": "Martinique",
    "admin_code1": "MQ",
    "admin_name2": "Martinique",
    "admin_code2": "972",
    "admin_name3": "Arrondissement de Fort-de-France",
    "admin_code3": "9721",
    "latitude": "14.6177",
    "longitude": "-61.099",
    "accuracy": "5"
  },
  {
    "country_code": "MQ",
    "postal_code": "97272 CEDEX",
    "place_name": "Schoelcher",
    "admin_name1": "Martinique",
    "admin_code1": "MQ",
    "admin_name2": "Martinique",
    "admin_code2": "972",
    "admin_name3": "Arrondissement de Fort-de-France",
    "admin_code3": "9721",
    "latitude": "14.6177",
    "longitude": "-61.099",
    "accuracy": "5"
  },
  {
    "country_code": "MQ",
    "postal_code": "97273 CEDEX",
    "place_name": "Schoelcher",
    "admin_name1": "Martinique",
    "admin_code1": "MQ",
    "admin_name2": "Martinique",
    "admin_code2": "972",
    "admin_name3": "Arrondissement de Fort-de-France",
    "admin_code3": "9721",
    "latitude": "14.6177",
    "longitude": "-61.099",
    "accuracy": "5"
  },
  {
    "country_code": "MQ",
    "postal_code": "97274 CEDEX",
    "place_name": "Schoelcher",
    "admin_name1": "Martinique",
    "admin_code1": "MQ",
    "admin_name2": "Martinique",
    "admin_code2": "972",
    "admin_name3": "Arrondissement de Fort-de-France",
    "admin_code3": "9721",
    "latitude": "14.6177",
    "longitude": "-61.099",
    "accuracy": "5"
  },
  {
    "country_code": "MQ",
    "postal_code": "97275 CEDEX",
    "place_name": "Schoelcher",
    "admin_name1": "Martinique",
    "admin_code1": "MQ",
    "admin_name2": "Martinique",
    "admin_code2": "972",
    "admin_name3": "Arrondissement de Fort-de-France",
    "admin_code3": "9721",
    "latitude": "14.6177",
    "longitude": "-61.099",
    "accuracy": "5"
  },
  {
    "country_code": "MQ",
    "postal_code": "97276 CEDEX",
    "place_name": "Schoelcher",
    "admin_name1": "Martinique",
    "admin_code1": "MQ",
    "admin_name2": "Martinique",
    "admin_code2": "972",
    "admin_name3": "Arrondissement de Fort-de-France",
    "admin_code3": "9721",
    "latitude": "14.6177",
    "longitude": "-61.099",
    "accuracy": "5"
  },
  {
    "country_code": "MQ",
    "postal_code": "97277 CEDEX",
    "place_name": "Schoelcher",
    "admin_name1": "Martinique",
    "admin_code1": "MQ",
    "admin_name2": "Martinique",
    "admin_code2": "972",
    "admin_name3": "Arrondissement de Fort-de-France",
    "admin_code3": "9721",
    "latitude": "14.6177",
    "longitude": "-61.099",
    "accuracy": "5"
  },
  {
    "country_code": "MQ",
    "postal_code": "97278 CEDEX",
    "place_name": "Schoelcher",
    "admin_name1": "Martinique",
    "admin_code1": "MQ",
    "admin_name2": "Martinique",
    "admin_code2": "972",
    "admin_name3": "Arrondissement de Fort-de-France",
    "admin_code3": "9721",
    "latitude": "14.6177",
    "longitude": "-61.099",
    "accuracy": "5"
  },
  {
    "country_code": "MQ",
    "postal_code": "97279 CEDEX",
    "place_name": "Schoelcher",
    "admin_name1": "Martinique",
    "admin_code1": "MQ",
    "admin_name2": "Martinique",
    "admin_code2": "972",
    "admin_name3": "Arrondissement de Fort-de-France",
    "admin_code3": "9721",
    "latitude": "14.6177",
    "longitude": "-61.099",
    "accuracy": "5"
  },
  {
    "country_code": "MQ",
    "postal_code": "97280",
    "place_name": "Le Vauclin",
    "admin_name1": "Martinique",
    "admin_code1": "MQ",
    "admin_name2": "Martinique",
    "admin_code2": "972",
    "admin_name3": "Arrondissement du Marin",
    "admin_code3": "9723",
    "latitude": "14.5452",
    "longitude": "-60.8388",
    "accuracy": "5"
  },
  {
    "country_code": "MQ",
    "postal_code": "97281 CEDEX 1",
    "place_name": "Le Lamentin",
    "admin_name1": "Martinique",
    "admin_code1": "MQ",
    "admin_name2": "Martinique",
    "admin_code2": "972",
    "admin_name3": "Arrondissement de Fort-de-France",
    "admin_code3": "9721",
    "latitude": "14.608",
    "longitude": "-61.0093",
    "accuracy": "5"
  },
  {
    "country_code": "MQ",
    "postal_code": "97282 CEDEX 1",
    "place_name": "Le Lamentin",
    "admin_name1": "Martinique",
    "admin_code1": "MQ",
    "admin_name2": "Martinique",
    "admin_code2": "972",
    "admin_name3": "Arrondissement de Fort-de-France",
    "admin_code3": "9721",
    "latitude": "14.608",
    "longitude": "-61.0093",
    "accuracy": "5"
  },
  {
    "country_code": "MQ",
    "postal_code": "97283 CEDEX 1",
    "place_name": "Le Lamentin",
    "admin_name1": "Martinique",
    "admin_code1": "MQ",
    "admin_name2": "Martinique",
    "admin_code2": "972",
    "admin_name3": "Arrondissement de Fort-de-France",
    "admin_code3": "9721",
    "latitude": "14.608",
    "longitude": "-61.0093",
    "accuracy": "5"
  },
  {
    "country_code": "MQ",
    "postal_code": "97284 CEDEX 2",
    "place_name": "Le Lamentin",
    "admin_name1": "Martinique",
    "admin_code1": "MQ",
    "admin_name2": "Martinique",
    "admin_code2": "972",
    "admin_name3": "Arrondissement de Fort-de-France",
    "admin_code3": "9721",
    "latitude": "14.608",
    "longitude": "-61.0093",
    "accuracy": "5"
  },
  {
    "country_code": "MQ",
    "postal_code": "97285 CEDEX 2",
    "place_name": "Le Lamentin",
    "admin_name1": "Martinique",
    "admin_code1": "MQ",
    "admin_name2": "Martinique",
    "admin_code2": "972",
    "admin_name3": "Arrondissement de Fort-de-France",
    "admin_code3": "9721",
    "latitude": "14.608",
    "longitude": "-61.0093",
    "accuracy": "5"
  },
  {
    "country_code": "MQ",
    "postal_code": "97286 CEDEX 2",
    "place_name": "Le Lamentin",
    "admin_name1": "Martinique",
    "admin_code1": "MQ",
    "admin_name2": "Martinique",
    "admin_code2": "972",
    "admin_name3": "Arrondissement de Fort-de-France",
    "admin_code3": "9721",
    "latitude": "14.608",
    "longitude": "-61.0093",
    "accuracy": "5"
  },
  {
    "country_code": "MQ",
    "postal_code": "97287 CEDEX 2",
    "place_name": "Le Lamentin",
    "admin_name1": "Martinique",
    "admin_code1": "MQ",
    "admin_name2": "Martinique",
    "admin_code2": "972",
    "admin_name3": "Arrondissement de Fort-de-France",
    "admin_code3": "9721",
    "latitude": "14.608",
    "longitude": "-61.0093",
    "accuracy": "5"
  },
  {
    "country_code": "MQ",
    "postal_code": "97288 CEDEX 2",
    "place_name": "Le Lamentin",
    "admin_name1": "Martinique",
    "admin_code1": "MQ",
    "admin_name2": "Martinique",
    "admin_code2": "972",
    "admin_name3": "Arrondissement de Fort-de-France",
    "admin_code3": "9721",
    "latitude": "14.608",
    "longitude": "-61.0093",
    "accuracy": "5"
  },
  {
    "country_code": "MQ",
    "postal_code": "97289 CEDEX 2",
    "place_name": "Le Lamentin",
    "admin_name1": "Martinique",
    "admin_code1": "MQ",
    "admin_name2": "Martinique",
    "admin_code2": "972",
    "admin_name3": "Arrondissement de Fort-de-France",
    "admin_code3": "9721",
    "latitude": "14.608",
    "longitude": "-61.0093",
    "accuracy": "5"
  },
  {
    "country_code": "MQ",
    "postal_code": "97290",
    "place_name": "Le Marin",
    "admin_name1": "Martinique",
    "admin_code1": "MQ",
    "admin_name2": "Martinique",
    "admin_code2": "972",
    "admin_name3": "Arrondissement du Marin",
    "admin_code3": "9723",
    "latitude": "14.4721",
    "longitude": "-60.8697",
    "accuracy": "5"
  },
  {
    "country_code": "MQ",
    "postal_code": "97291 CEDEX 2",
    "place_name": "Le Lamentin",
    "admin_name1": "Martinique",
    "admin_code1": "MQ",
    "admin_name2": "Martinique",
    "admin_code2": "972",
    "admin_name3": "Arrondissement de Fort-de-France",
    "admin_code3": "9721",
    "latitude": "14.608",
    "longitude": "-61.0093",
    "accuracy": "5"
  },
  {
    "country_code": "MQ",
    "postal_code": "97292 CEDEX 2",
    "place_name": "Le Lamentin",
    "admin_name1": "Martinique",
    "admin_code1": "MQ",
    "admin_name2": "Martinique",
    "admin_code2": "972",
    "admin_name3": "Arrondissement de Fort-de-France",
    "admin_code3": "9721",
    "latitude": "14.608",
    "longitude": "-61.0093",
    "accuracy": "5"
  },
  {
    "country_code": "MQ",
    "postal_code": "97293 CEDEX 2",
    "place_name": "Le Lamentin",
    "admin_name1": "Martinique",
    "admin_code1": "MQ",
    "admin_name2": "Martinique",
    "admin_code2": "972",
    "admin_name3": "Arrondissement de Fort-de-France",
    "admin_code3": "9721",
    "latitude": "14.608",
    "longitude": "-61.0093",
    "accuracy": "5"
  },
  {
    "country_code": "MQ",
    "postal_code": "97294 CEDEX 2",
    "place_name": "Le Lamentin",
    "admin_name1": "Martinique",
    "admin_code1": "MQ",
    "admin_name2": "Martinique",
    "admin_code2": "972",
    "admin_name3": "Arrondissement de Fort-de-France",
    "admin_code3": "9721",
    "latitude": "14.608",
    "longitude": "-61.0093",
    "accuracy": "5"
  },
  {
    "country_code": "MQ",
    "postal_code": "97295 CEDEX 2",
    "place_name": "Le Lamentin",
    "admin_name1": "Martinique",
    "admin_code1": "MQ",
    "admin_name2": "Martinique",
    "admin_code2": "972",
    "admin_name3": "Arrondissement de Fort-de-France",
    "admin_code3": "9721",
    "latitude": "14.608",
    "longitude": "-61.0093",
    "accuracy": "5"
  },
  {
    "country_code": "MQ",
    "postal_code": "97296 CEDEX 2",
    "place_name": "Le Lamentin",
    "admin_name1": "Martinique",
    "admin_code1": "MQ",
    "admin_name2": "Martinique",
    "admin_code2": "972",
    "admin_name3": "Arrondissement de Fort-de-France",
    "admin_code3": "9721",
    "latitude": "14.608",
    "longitude": "-61.0093",
    "accuracy": "5"
  },
  {
    "country_code": "MQ",
    "postal_code": "97297 CEDEX 2",
    "place_name": "Le Lamentin",
    "admin_name1": "Martinique",
    "admin_code1": "MQ",
    "admin_name2": "Martinique",
    "admin_code2": "972",
    "admin_name3": "Arrondissement de Fort-de-France",
    "admin_code3": "9721",
    "latitude": "14.608",
    "longitude": "-61.0093",
    "accuracy": "5"
  },
  {
    "country_code": "MQ",
    "postal_code": "97298 CEDEX 2",
    "place_name": "Le Lamentin",
    "admin_name1": "Martinique",
    "admin_code1": "MQ",
    "admin_name2": "Martinique",
    "admin_code2": "972",
    "admin_name3": "Arrondissement de Fort-de-France",
    "admin_code3": "9721",
    "latitude": "14.608",
    "longitude": "-61.0093",
    "accuracy": "5"
  },
  {
    "country_code": "MQ",
    "postal_code": "97299 CEDEX",
    "place_name": "Fort-de-France",
    "admin_name1": "Martinique",
    "admin_code1": "MQ",
    "admin_name2": "Martinique",
    "admin_code2": "972",
    "admin_name3": "Arrondissement de Fort-de-France",
    "admin_code3": "9721",
    "latitude": "14.6089",
    "longitude": "-61.0733",
    "accuracy": "5"
  }
]