[
  {
    "country_code": "MT",
    "postal_code": "ATD",
    "place_name": "Attard",
    "admin_name1": "Attard",
    "admin_code1": "01",
    "admin_name2": "",
    "admin_code2": "",
    "admin_name3": "",
    "admin_code3": "",
    "latitude": "35.8917",
    "longitude": "14.4319",
    "accuracy": "4"
  },
  {
    "country_code": "MT",
    "postal_code": "BZN",
    "place_name": "Balzan",
    "admin_name1": "Balzan",
    "admin_code1": "02",
    "admin_name2": "",
    "admin_code2": "",
    "admin_name3": "",
    "admin_code3": "",
    "latitude": "35.8972",
    "longitude": "14.4528",
    "accuracy": "4"
  },
  {
    "country_code": "MT",
    "postal_code": "BRG",
    "place_name": "Birgu",
    "admin_name1": "Il-Birgu",
    "admin_code1": "03",
    "admin_name2": "",
    "admin_code2": "",
    "admin_name3": "",
    "admin_code3": "",
    "latitude": "35.8861",
    "longitude": "14.5242",
    "accuracy": "4"
  },
  {
    "country_code": "MT",
    "postal_code": "BKR",
    "place_name": "Birkirkara",
    "admin_name1": "Birkirkara",
    "admin_code1": "04",
    "admin_name2": "",
    "admin_code2": "",
    "admin_name3": "",
    "admin_code3": "",
    "latitude": "35.8972",
    "longitude": "14.4653",
    "accuracy": "4"
  },
  {
    "country_code": "MT",
    "postal_code": "BBG",
    "place_name": "Birżebbuġa",
    "admin_name1": "Birżebbuġa",
    "admin_code1": "05",
    "admin_name2": "",
    "admin_code2": "",
    "admin_name3": "",
    "admin_code3": "",
    "latitude": "35.8222",
    "longitude": "14.5228",
    "accuracy": "4"
  },
  {
    "country_code": "MT",
    "postal_code": "BML",
    "place_name": "Bormla",
    "admin_name1": "Bormla",
    "admin_code1": "06",
    "admin_name2": "",
    "admin_code2": "",
    "admin_name3": "",
    "admin_code3": "",
    "latitude": "35.8806",
    "longitude": "14.5217",
    "accuracy": "4"
  },
  {
    "country_code": "MT",
    "postal_code": "DGL",
    "place_name": "Dingli",
    "admin_name1": "Dingli",
    "admin_code1": "07",
    "admin_name2": "",
    "admin_code2": "",
    "admin_name3": "",
    "admin_code3": "",
    "latitude": "35.8597",
    "longitude": "14.3833",
    "accuracy": "4"
  },
  {
    "country_code": "MT",
    "postal_code": "FGR",
    "place_name": "Fgura",
    "admin_name1": "Il-Fgura",
    "admin_code1": "08",
    "admin_name2": "",
    "admin_code2": "",
    "admin_name3": "",
    "admin_code3": "",
    "latitude": "35.8728",
    "longitude": "14.5203",
    "accuracy": "4"
  },
  {
    "country_code": "MT",
    "postal_code": "FRN",
    "place_name": "Floriana",
    "admin_name1": "Il-Furjana",
    "admin_code1": "09",
    "admin_name2": "",
    "admin_code2": "",
    "admin_name3": "",
    "admin_code3": "",
    "latitude": "35.8917",
    "longitude": "14.5042",
    "accuracy": "4"
  },
  {
    "country_code": "MT",
    "postal_code": "FNT",
    "place_name": "Fontana",
    "admin_name1": "Il-Fontana",
    "admin_code1": "10",
    "admin_name2": "",
    "admin_code2": "",
    "admin_name3": "",
    "admin_code3": "",
    "latitude": "36.0375",
    "longitude": "14.2361",
    "accuracy": "4"
  },
  {
    "country_code": "MT",
    "postal_code": "GSM",
    "place_name": "Għajnsielem",
    "admin_name1": "Għajnsielem",
    "admin_code1": "11",
    "admin_name2": "",
    "admin_code2": "",
    "admin_name3": "",
    "admin_code3": "",
    "latitude": "36.0267",
    "longitude": "14.2861",
    "accuracy": "4"
  },
  {
    "country_code": "MT",
    "postal_code": "KMN",
    "place_name": "Kemmuna",
    "admin_name1": "Għajnsielem",
    "admin_code1": "11",
    "admin_name2": "",
    "admin_code2": "",
    "admin_name3": "",
    "admin_code3": "",
    "latitude": "36.0267",
    "longitude": "14.2861",
    "accuracy": "4"
  },
  {
    "country_code": "MT",
    "postal_code": "GRB",
    "place_name": "Għarb",
    "admin_name1": "L-Għarb",
    "admin_code1": "12",
    "admin_name2": "",
    "admin_code2": "",
    "admin_name3": "",
    "admin_code3": "",
    "latitude": "36.0681",
    "longitude": "14.2014",
    "accuracy": "4"
  },
  {
    "country_code": "MT",
    "postal_code": "GHR",
    "place_name": "Għargħur",
    "admin_name1": "Ħal Għargħur",
    "admin_code1": "13",
    "admin_name2": "",
    "admin_code2": "",
    "admin_name3": "",
    "admin_code3": "",
    "latitude": "35.9236",
    "longitude": "14.455",
    "accuracy": "4"
  },
  {
    "country_code": "MT",
    "postal_code": "GSR",
    "place_name": "Għasri",
    "admin_name1": "L-Għasri",
    "admin_code1": "14",
    "admin_name2": "",
    "admin_code2": "",
    "admin_name3": "",
    "admin_code3": "",
    "latitude": "36.0653",
    "longitude": "14.2217",
    "accuracy": "4"
  },
  {
    "country_code": "MT",
    "postal_code": "GXQ",
    "place_name": "Għaxaq",
    "admin_name1": "Ħal Għaxaq",
    "admin_code1": "15",
    "admin_name2": "",
    "admin_code2": "",
    "admin_name3": "",
    "admin_code3": "",
    "latitude": "35.8458",
    "longitude": "14.5167",
    "accuracy": "4"
  },
  {
    "country_code": "MT",
    "postal_code": "GDJ",
    "place_name": "Gudja",
    "admin_name1": "Il-Gudja",
    "admin_code1": "16",
    "admin_name2": "",
    "admin_code2": "",
    "admin_name3": "",
    "admin_code3": "",
    "latitude": "35.8514",
    "longitude": "14.5033",
    "accuracy": "4"
  },
  {
    "country_code": "MT",
    "postal_code": "GZR",
    "place_name": "Gżira",
    "admin_name1": "Il-Gżira",
    "admin_code1": "17",
    "admin_name2": "",
    "admin_code2": "",
    "admin_name3": "",
    "admin_code3": "",
    "latitude": "35.9056",
    "longitude": "14.4928",
    "accuracy": "4"
  },
  {
    "country_code": "MT",
    "postal_code": "HMR",
    "place_name": "Ħamrun",
    "admin_name1": "Il-Ħamrun",
    "admin_code1": "18",
    "admin_name2": "",
    "admin_code2": "",
    "admin_name3": "",
    "admin_code3": "",
    "latitude": "35.8869",
    "longitude": "14.4883",
    "accuracy": "4"
  },
  {
    "country_code": "MT",
    "postal_code": "IKL",
    "place_name": "Iklin",
    "admin_name1": "L-Iklin",
    "admin_code1": "19",
    "admin_name2": "",
    "admin_code2": "",
    "admin_name3": "",
    "admin_code3": "",
    "latitude": "35.9097",
    "longitude": "14.4556",
    "accuracy": "4"
  },
  {
    "country_code": "MT",
    "postal_code": "MDN",
    "place_name": "Mdina",
    "admin_name1": "L-Imdina",
    "admin_code1": "20",
    "admin_name2": "",
    "admin_code2": "",
    "admin_name3": "",
    "admin_code3": "",
    "latitude": "35.8872",
    "longitude": "14.4053",
    "accuracy": "4"
  },
  {
    "country_code": "MT",
    "postal_code": "MGR",
    "place_name": "Mġarr",
    "admin_name1": "L-Imġarr",
    "admin_code1": "21",
    "admin_name2": "",
    "admin_code2": "",
    "admin_name3": "",
    "admin_code3": "",
    "latitude": "35.9194",
    "longitude": "14.3639",
    "accuracy": "4"
  },
  {
    "country_code": "MT",
    "postal_code": "MQB",
    "place_name": "Mqabba",
    "admin_name1": "L-Imqabba",
    "admin_code1": "22",
    "admin_name2": "",
    "admin_code2": "",
    "admin_name3": "",
    "admin_code3": "",
    "latitude": "35.845",
    "longitude": "14.4675",
    "accuracy": "4"
  },
  {
    "country_code": "MT",
    "postal_code": "MSD",
    "place_name": "Msida",
    "admin_name1": "L-Imsida",
    "admin_code1": "23",
    "admin_name2": "",
    "admin_code2": "",
    "admin_name3": "",
    "admin_code3": "",
    "latitude": "35.8986",
    "longitude": "14.4839",
    "accuracy": "4"
  },
  {
    "country_code": "MT",
    "postal_code": "MTF",
    "place_name": "Mtarfa",
    "admin_name1": "L-Imtarfa",
    "admin_code1": "24",
    "admin_name2": "",
    "admin_code2": "",
    "admin_name3": "",
    "admin_code3": "",
    "latitude": "35.8906",
    "longitude": "14.3972",
    "accuracy": "4"
  },
  {
    "country_code": "MT",
    "postal_code": "ISL",
    "place_name": "Isla",
    "admin_name1": "L-Isla",
    "admin_code1": "25",
    "admin_name2": "",
    "admin_code2": "",
    "admin_name3": "",
    "admin_code3": "",
    "latitude": "35.8878",
    "longitude": "14.5169",
    "accuracy": "4"
  },
  {
    "country_code": "MT",
    "postal_code": "KKR",
    "place_name": "Kalkara",
    "admin_name1": "Il-Kalkara",
    "admin_code1": "26",
    "admin_name2": "",
    "admin_code2": "",
    "admin_name3": "",
    "admin_code3": "",
    "latitude": "35.8911",
    "longitude": "14.5328",
    "accuracy": "4"
  },
  {
    "country_code": "MT",
    "postal_code": "SCM",
    "place_name": "Smart City",
    "admin_name1": "Il-Kalkara",
    "admin_code1": "26",
    "admin_name2": "",
    "admin_code2": "",
    "admin_name3": "",
    "admin_code3": "",
    "latitude": "35.8911",
    "longitude": "14.5328",
    "accuracy": "4"
  },
  {
    "country_code": "MT",
    "postal_code": "KCM",
    "place_name": "Kerċem",
    "admin_name1": "Ta’ Kerċem",
    "admin_code1": "27",
    "admin_name2": "",
    "admin_code2": "",
    "admin_name3": "",
    "admin_code3": "",
    "latitude": "36.0439",
    "longitude": "14.2161",
    "accuracy": "4"
  },
  {
    "country_code": "MT",
    "postal_code": "KKP",
    "place_name": "Kirkop",
    "admin_name1": "Kirkop",
    "admin_code1": "28",
    "admin_name2": "",
    "admin_code2": "",
    "admin_name3": "",
    "admin_code3": "",
    "latitude": "35.8442",
    "longitude": "14.4842",
    "accuracy": "4"
  },
  {
    "country_code": "MT",
    "postal_code": "LJA",
    "place_name": "Lija",
    "admin_name1": "Lija",
    "admin_code1": "29",
    "admin_name2": "",
    "admin_code2": "",
    "admin_name3": "",
    "admin_code3": "",
    "latitude": "35.9014",
    "longitude": "14.4422",
    "accuracy": "4"
  },
  {
    "country_code": "MT",
    "postal_code": "LQA",
    "place_name": "Luqa",
    "admin_name1": "Luqa",
    "admin_code1": "30",
    "admin_name2": "",
    "admin_code2": "",
    "admin_name3": "",
    "admin_code3": "",
    "latitude": "35.8597",
    "longitude": "14.4833",
    "accuracy": "4"
  },
  {
    "country_code": "MT",
    "postal_code": "MRS",
    "place_name": "Marsa",
    "admin_name1": "Il-Marsa",
    "admin_code1": "31",
    "admin_name2": "",
    "admin_code2": "",
    "admin_name3": "",
    "admin_code3": "",
    "latitude": "35.8764",
    "longitude": "14.4922",
    "accuracy": "4"
  },
  {
    "country_code": "MT",
    "postal_code": "MTP",
    "place_name": "MaltaPost",
    "admin_name1": "Il-Marsa",
    "admin_code1": "31",
    "admin_name2": "",
    "admin_code2": "",
    "admin_name3": "",
    "admin_code3": "",
    "latitude": "35.8764",
    "longitude": "14.4922",
    "accuracy": "4"
  },
  {
    "country_code": "MT",
    "postal_code": "MSK",
    "place_name": "Marsaskala",
    "admin_name1": "Marsaskala",
    "admin_code1": "32",
    "admin_name2": "",
    "admin_code2": "",
    "admin_name3": "",
    "admin_code3": "",
    "latitude": "35.8606",
    "longitude": "14.5592",
    "accuracy": "4"
  },
  {
    "country_code": "MT",
    "postal_code": "MXK",
    "place_name": "Marsaxlokk",
    "admin_name1": "Marsaxlokk",
    "admin_code1": "33",
    "admin_name2": "",
    "admin_code2": "",
    "admin_name3": "",
    "admin_code3": "",
    "latitude": "35.8417",
    "longitude": "14.5514",
    "accuracy": "4"
  },
  {
    "country_code": "MT",
    "postal_code": "MLH",
    "place_name": "Mellieħa",
    "admin_name1": "Il-Mellieħa",
    "admin_code1": "34",
    "admin_name2": "",
    "admin_code2": "",
    "admin_name3": "",
    "admin_code3": "",
    "latitude": "35.9583",
    "longitude": "14.3514",
    "accuracy": "4"
  },
  {
    "country_code": "MT",
    "postal_code": "MST",
    "place_name": "Mosta",
    "admin_name1": "Il-Mosta",
    "admin_code1": "35",
    "admin_name2": "",
    "admin_code2": "",
    "admin_name3": "",
    "admin_code3": "",
    "latitude": "35.9125",
    "longitude": "14.4208",
    "accuracy": "4"
  },
  {
    "country_code": "MT",
    "postal_code": "MXR",
    "place_name": "Munxar",
    "admin_name1": "Il-Munxar",
    "admin_code1": "36",
    "admin_name2": "",
    "admin_code2": "",
    "admin_name3": "",
    "admin_code3": "",
    "latitude": "36.0292",
    "longitude": "14.2256",
    "accuracy": "4"
  },
  {
    "country_code": "MT",
    "postal_code": "XLN",
    "place_name": "Xlendi",
    "admin_name1": "Il-Munxar",
    "admin_code1": "36",
    "admin_name2": "",
    "admin_code2": "",
    "admin_name3": "",
    "admin_code3": "",
    "latitude": "36.0292",
    "longitude": "14.2256",
    "accuracy": "4"
  },
  {
    "country_code": "MT",
    "postal_code": "NDR",
    "place_name": "Nadur",
    "admin_name1": "In-Nadur",
    "admin_code1": "37",
    "admin_name2": "",
    "admin_code2": "",
    "admin_name3": "",
    "admin_code3": "",
    "latitude": "36.0486",
    "longitude": "14.2944",
    "accuracy": "4"
  },
  {
    "country_code": "MT",
    "postal_code": "NXR",
    "place_name": "Naxxar",
    "admin_name1": "In-Naxxar",
    "admin_code1": "38",
    "admin_name2": "",
    "admin_code2": "",
    "admin_name3": "",
    "admin_code3": "",
    "latitude": "35.9333",
    "longitude": "14.4375",
    "accuracy": "4"
  },
  {
    "country_code": "MT",
    "postal_code": "PLA",
    "place_name": "Paola",
    "admin_name1": "Paola",
    "admin_code1": "39",
    "admin_name2": "",
    "admin_code2": "",
    "admin_name3": "",
    "admin_code3": "",
    "latitude": "35.8736",
    "longitude": "14.5061",
    "accuracy": "4"
  },
  {
    "country_code": "MT",
    "postal_code": "PBK",
    "place_name": "Pembroke",
    "admin_name1": "Pembroke",
    "admin_code1": "40",
    "admin_name2": "",
    "admin_code2": "",
    "admin_name3": "",
    "admin_code3": "",
    "latitude": "35.9306",
    "longitude": "14.4764",
    "accuracy": "4"
  },
  {
    "country_code": "MT",
    "postal_code": "PTA",
    "place_name": "Pietà",
    "admin_name1": "Tal-Pietà",
    "admin_code1": "41",
    "admin_name2": "",
    "admin_code2": "",
    "admin_name3": "",
    "admin_code3": "",
    "latitude": "35.8925",
    "longitude": "14.4939",
    "accuracy": "4"
  },
  {
    "country_code": "MT",
    "postal_code": "QLA",
    "place_name": "Qala",
    "admin_name1": "Il-Qala",
    "admin_code1": "42",
    "admin_name2": "",
    "admin_code2": "",
    "admin_name3": "",
    "admin_code3": "",
    "latitude": "36.0375",
    "longitude": "14.3167",
    "accuracy": "4"
  },
  {
    "country_code": "MT",
    "postal_code": "QRM",
    "place_name": "Qormi",
    "admin_name1": "Qormi",
    "admin_code1": "43",
    "admin_name2": "",
    "admin_code2": "",
    "admin_name3": "",
    "admin_code3": "",
    "latitude": "35.8792",
    "longitude": "14.4667",
    "accuracy": "4"
  },
  {
    "country_code": "MT",
    "postal_code": "QRD",
    "place_name": "Qrendi",
    "admin_name1": "Il-Qrendi",
    "admin_code1": "44",
    "admin_name2": "",
    "admin_code2": "",
    "admin_name3": "",
    "admin_code3": "",
    "latitude": "35.8319",
    "longitude": "14.4514",
    "accuracy": "4"
  },
  {
    "country_code": "MT",
    "postal_code": "RBT",
    "place_name": "Rabat",
    "admin_name1": "Ir-Rabat",
    "admin_code1": "45",
    "admin_name2": "",
    "admin_code2": "",
    "admin_name3": "",
    "admin_code3": "",
    "latitude": "35.8826",
    "longitude": "14.3978",
    "accuracy": "4"
  },
  {
    "country_code": "MT",
    "postal_code": "VCT",
    "place_name": "Victoria",
    "admin_name1": "Victoria",
    "admin_code1": "46",
    "admin_name2": "",
    "admin_code2": "",
    "admin_name3": "",
    "admin_code3": "",
    "latitude": "36.0453",
    "longitude": "14.2417",
    "accuracy": "4"
  },
  {
    "country_code": "MT",
    "postal_code": "SFI",
    "place_name": "Safi",
    "admin_name1": "Safi",
    "admin_code1": "47",
    "admin_name2": "",
    "admin_code2": "",
    "admin_name3": "",
    "admin_code3": "",
    "latitude": "35.8347",
    "longitude": "14.4917",
    "accuracy": "4"
  },
  {
    "country_code": "MT",
    "postal_code": "SGN",
    "place_name": "San Ġwann",
    "admin_name1": "Saint John",
    "admin_code1": "48",
    "admin_name2": "",
    "admin_code2": "",
    "admin_name3": "",
    "admin_code3": "",
    "latitude": "35.9089",
    "longitude": "14.475",
    "accuracy": "4"
  },
  {
    "country_code": "MT",
    "postal_code": "STJ",
    "place_name": "Saint Julians",
    "admin_name1": "Saint Julian's",
    "admin_code1": "49",
    "admin_name2": "",
    "admin_code2": "",
    "admin_name3": "",
    "admin_code3": "",
    "latitude": "35.9172",
    "longitude": "14.4894",
    "accuracy": "4"
  },
  {
    "country_code": "MT",
    "postal_code": "SLZ",
    "place_name": "San Lawrenz",
    "admin_name1": "Saint Lawrence",
    "admin_code1": "50",
    "admin_name2": "",
    "admin_code2": "",
    "admin_name3": "",
    "admin_code3": "",
    "latitude": "36.0486",
    "longitude": "14.1978",
    "accuracy": "4"
  },
  {
    "country_code": "MT",
    "postal_code": "SLC",
    "place_name": "Santa Luċija",
    "admin_name1": "Saint Lucia",
    "admin_code1": "51",
    "admin_name2": "",
    "admin_code2": "",
    "admin_name3": "",
    "admin_code3": "",
    "latitude": "35.8617",
    "longitude": "14.5064",
    "accuracy": "4"
  },
  {
    "country_code": "MT",
    "postal_code": "SPB",
    "place_name": "Saint Paul's Bay",
    "admin_name1": "Saint Paul’s Bay",
    "admin_code1": "52",
    "admin_name2": "",
    "admin_code2": "",
    "admin_name3": "",
    "admin_code3": "",
    "latitude": "35.9375",
    "longitude": "14.3986",
    "accuracy": "4"
  },
  {
    "country_code": "MT",
    "postal_code": "SVR",
    "place_name": "Santa Venera",
    "admin_name1": "Saint Venera",
    "admin_code1": "53",
    "admin_name2": "",
    "admin_code2": "",
    "admin_name3": "",
    "admin_code3": "",
    "latitude": "35.8903",
    "longitude": "14.4778",
    "accuracy": "4"
  },
  {
    "country_code": "MT",
    "postal_code": "SNT",
    "place_name": "Sannat",
    "admin_name1": "Sannat",
    "admin_code1": "54",
    "admin_name2": "",
    "admin_code2": "",
    "admin_name3": "",
    "admin_code3": "",
    "latitude": "36.0231",
    "longitude": "14.2514",
    "accuracy": "4"
  },
  {
    "country_code": "MT",
    "postal_code": "SGW",
    "place_name": "Siġġiewi",
    "admin_name1": "Is-Siġġiewi",
    "admin_code1": "55",
    "admin_name2": "",
    "admin_code2": "",
    "admin_name3": "",
    "admin_code3": "",
    "latitude": "35.8486",
    "longitude": "14.4264",
    "accuracy": "4"
  },
  {
    "country_code": "MT",
    "postal_code": "SLM",
    "place_name": "Sliema",
    "admin_name1": "Tas-Sliema",
    "admin_code1": "56",
    "admin_name2": "",
    "admin_code2": "",
    "admin_name3": "",
    "admin_code3": "",
    "latitude": "35.9125",
    "longitude": "14.5022",
    "accuracy": "4"
  },
  {
    "country_code": "MT",
    "postal_code": "SWQ",
    "place_name": "Swieqi",
    "admin_name1": "Is-Swieqi",
    "admin_code1": "57",
    "admin_name2": "",
    "admin_code2": "",
    "admin_name3": "",
    "admin_code3": "",
    "latitude": "35.9217",
    "longitude": "14.4694",
    "accuracy": "4"
  },
  {
    "country_code": "MT",
    "postal_code": "TXN",
    "place_name": "Tarxien",
    "admin_name1": "Tarxien",
    "admin_code1": "58",
    "admin_name2": "",
    "admin_code2": "",
    "admin_name3": "",
    "admin_code3": "",
    "latitude": "35.8667",
    "longitude": "14.5131",
    "accuracy": "4"
  },
  {
    "country_code": "MT",
    "postal_code": "XBX",
    "place_name": "Ta' Xbiex",
    "admin_name1": "Ta’ Xbiex",
    "admin_code1": "59",
    "admin_name2": "",
    "admin_code2": "",
    "admin_name3": "",
    "admin_code3": "",
    "latitude": "35.8994",
    "longitude": "14.4961",
    "accuracy": "4"
  },
  {
    "country_code": "MT",
    "postal_code": "VLT",
    "place_name": "Valletta",
    "admin_name1": "Il-Belt Valletta",
    "admin_code1": "60",
    "admin_name2": "",
    "admin_code2": "",
    "admin_name3": "",
    "admin_code3": "",
    "latitude": "35.8983",
    "longitude": "14.5125",
    "accuracy": "4"
  },
  {
    "country_code": "MT",
    "postal_code": "XRA",
    "place_name": "Xagħra",
    "admin_name1": "Ix-Xagħra",
    "admin_code1": "61",
    "admin_name2": "",
    "admin_code2": "",
    "admin_name3": "",
    "admin_code3": "",
    "latitude": "36.0542",
    "longitude": "14.2667",
    "accuracy": "4"
  },
  {
    "country_code": "MT",
    "postal_code": "XWK",
    "place_name": "Xewkija",
    "admin_name1": "Ix-Xewkija",
    "admin_code1": "62",
    "admin_name2": "",
    "admin_code2": "",
    "admin_name3": "",
    "admin_code3": "",
    "latitude": "36.0333",
    "longitude": "14.2611",
    "accuracy": "4"
  },
  {
    "country_code": "MT",
    "postal_code": "XJR",
    "place_name": "Xgħajra",
    "admin_name1": "Ix-Xgħajra",
    "admin_code1": "63",
    "admin_name2": "",
    "admin_code2": "",
    "admin_name3": "",
    "admin_code3": "",
    "latitude": "35.8847",
    "longitude": "14.5486",
    "accuracy": "4"
  },
  {
    "country_code": "MT",
    "postal_code": "ZBR",
    "place_name": "Żabbar",
    "admin_name1": "Ħaż-Żabbar",
    "admin_code1": "64",
    "admin_name2": "",
    "admin_code2": "",
    "admin_name3": "",
    "admin_code3": "",
    "latitude": "35.875",
    "longitude": "14.5417",
    "accuracy": "4"
  },
  {
    "country_code": "MT",
    "postal_code": "ZBG",
    "place_name": "Żebbuġ",
    "admin_name1": "Ħaż-Żebbuġ",
    "admin_code1": "65",
    "admin_name2": "",
    "admin_code2": "",
    "admin_name3": "",
    "admin_code3": "",
    "latitude": "35.8736",
    "longitude": "14.4361",
    "accuracy": "4"
  },
  {
    "country_code": "MT",
    "postal_code": "MFN",
    "place_name": "Marsalforn",
    "admin_name1": "Iż-Żebbuġ",
    "admin_code1": "66",
    "admin_name2": "",
    "admin_code2": "",
    "admin_name3": "",
    "admin_code3": "",
    "latitude": "36.0667",
    "longitude": "14.2444",
    "accuracy": "4"
  },
  {
    "country_code": "MT",
    "postal_code": "ZBB",
    "place_name": "Żebbuġ",
    "admin_name1": "Iż-Żebbuġ",
    "admin_code1": "66",
    "admin_name2": "",
    "admin_code2": "",
    "admin_name3": "",
    "admin_code3": "",
    "latitude": "36.0667",
    "longitude": "14.2444",
    "accuracy": "4"
  },
  {
    "country_code": "MT",
    "postal_code": "ZTN",
    "place_name": "Żejtun",
    "admin_name1": "Iż-Żejtun",
    "admin_code1": "67",
    "admin_name2": "",
    "admin_code2": "",
    "admin_name3": "",
    "admin_code3": "",
    "latitude": "35.8578",
    "longitude": "14.5333",
    "accuracy": "4"
  },
  {
    "country_code": "MT",
    "postal_code": "ZRQ",
    "place_name": "Żurrieq",
    "admin_name1": "Iż-Żurrieq",
    "admin_code1": "68",
    "admin_name2": "",
    "admin_code2": "",
    "admin_name3": "",
    "admin_code3": "",
    "latitude": "35.8222",
    "longitude": "14.4833",
    "accuracy": "4"
  }
]