[
  {
    "country_code": "NC",
    "postal_code": "98811",
    "place_name": "Bélep",
    "admin_name1": "Province Nord",
    "admin_code1": "01",
    "admin_name2": "Bélep",
    "admin_code2": "98801",
    "admin_name3": "",
    "admin_code3": "",
    "latitude": "-19.7333",
    "longitude": "163.6667",
    "accuracy": "5"
  },
  {
    "country_code": "NC",
    "postal_code": "98813",
    "place_name": "Canala",
    "admin_name1": "Province Nord",
    "admin_code1": "01",
    "admin_name2": "Canala",
    "admin_code2": "98804",
    "admin_name3": "",
    "admin_code3": "",
    "latitude": "-21.517",
    "longitude": "165.9629",
    "accuracy": "5"
  },
  {
    "country_code": "NC",
    "postal_code": "98815",
    "place_name": "Hienghéne",
    "admin_name1": "Province Nord",
    "admin_code1": "01",
    "admin_name2": "Hienghéne",
    "admin_code2": "98807",
    "admin_name3": "",
    "admin_code3": "",
    "latitude": "-20.6874",
    "longitude": "164.9377",
    "accuracy": "5"
  },
  {
    "country_code": "NC",
    "postal_code": "98816",
    "place_name": "Houaïlou",
    "admin_name1": "Province Nord",
    "admin_code1": "01",
    "admin_name2": "Houaïlou",
    "admin_code2": "98808",
    "admin_name3": "",
    "admin_code3": "",
    "latitude": "-21.2865",
    "longitude": "165.6343",
    "accuracy": "5"
  },
  {
    "country_code": "NC",
    "postal_code": "98838",
    "place_name": "Poro",
    "admin_name1": "Province Nord",
    "admin_code1": "01",
    "admin_name2": "Houaïlou",
    "admin_code2": "98808",
    "admin_name3": "",
    "admin_code3": "",
    "latitude": "-21.3167",
    "longitude": "165.6333",
    "accuracy": "5"
  },
  {
    "country_code": "NC",
    "postal_code": "98817",
    "place_name": "Kaala-Gomén",
    "admin_name1": "Province Nord",
    "admin_code1": "01",
    "admin_name2": "Kaala-Gomén",
    "admin_code2": "98810",
    "admin_name3": "",
    "admin_code3": "",
    "latitude": "-20.6694",
    "longitude": "164.3977",
    "accuracy": "5"
  },
  {
    "country_code": "NC",
    "postal_code": "98859",
    "place_name": "Koné",
    "admin_name1": "Province Nord",
    "admin_code1": "01",
    "admin_name2": "Koné",
    "admin_code2": "98811",
    "admin_name3": "",
    "admin_code3": "",
    "latitude": "-21.0595",
    "longitude": "164.8658",
    "accuracy": "5"
  },
  {
    "country_code": "NC",
    "postal_code": "98860",
    "place_name": "Koné",
    "admin_name1": "Province Nord",
    "admin_code1": "01",
    "admin_name2": "Koné",
    "admin_code2": "98811",
    "admin_name3": "",
    "admin_code3": "",
    "latitude": "-21.0569",
    "longitude": "164.8663",
    "accuracy": "5"
  },
  {
    "country_code": "NC",
    "postal_code": "98850",
    "place_name": "Koumac",
    "admin_name1": "Province Nord",
    "admin_code1": "01",
    "admin_name2": "Koumac",
    "admin_code2": "98812",
    "admin_name3": "",
    "admin_code3": "",
    "latitude": "-20.555",
    "longitude": "164.2717",
    "accuracy": "5"
  },
  {
    "country_code": "NC",
    "postal_code": "98821",
    "place_name": "Ouégoa",
    "admin_name1": "Province Nord",
    "admin_code1": "01",
    "admin_name2": "Ouégoa",
    "admin_code2": "98819",
    "admin_name3": "",
    "admin_code3": "",
    "latitude": "-20.3485",
    "longitude": "164.4262",
    "accuracy": "5"
  },
  {
    "country_code": "NC",
    "postal_code": "98822",
    "place_name": "Poindimié",
    "admin_name1": "Province Nord",
    "admin_code1": "01",
    "admin_name2": "Poindimié",
    "admin_code2": "98822",
    "admin_name3": "",
    "admin_code3": "",
    "latitude": "-20.9505",
    "longitude": "165.3415",
    "accuracy": "5"
  },
  {
    "country_code": "NC",
    "postal_code": "98823",
    "place_name": "Ponérihouen",
    "admin_name1": "Province Nord",
    "admin_code1": "01",
    "admin_name2": "Ponérihouen",
    "admin_code2": "98823",
    "admin_name3": "",
    "admin_code3": "",
    "latitude": "-21.0765",
    "longitude": "165.4005",
    "accuracy": "5"
  },
  {
    "country_code": "NC",
    "postal_code": "98824",
    "place_name": "Pouébo",
    "admin_name1": "Province Nord",
    "admin_code1": "01",
    "admin_name2": "Pouébo",
    "admin_code2": "98824",
    "admin_name3": "",
    "admin_code3": "",
    "latitude": "-20.3929",
    "longitude": "164.5827",
    "accuracy": "5"
  },
  {
    "country_code": "NC",
    "postal_code": "98825",
    "place_name": "Pouembout",
    "admin_name1": "Province Nord",
    "admin_code1": "01",
    "admin_name2": "Pouembout",
    "admin_code2": "98825",
    "admin_name3": "",
    "admin_code3": "",
    "latitude": "-21.1076",
    "longitude": "164.9834",
    "accuracy": "5"
  },
  {
    "country_code": "NC",
    "postal_code": "98826",
    "place_name": "Poum",
    "admin_name1": "Province Nord",
    "admin_code1": "01",
    "admin_name2": "Poum",
    "admin_code2": "98826",
    "admin_name3": "",
    "admin_code3": "",
    "latitude": "-20.2368",
    "longitude": "164.0292",
    "accuracy": "5"
  },
  {
    "country_code": "NC",
    "postal_code": "98827",
    "place_name": "Poya",
    "admin_name1": "Province Nord",
    "admin_code1": "01",
    "admin_name2": "Poya",
    "admin_code2": "98827",
    "admin_name3": "",
    "admin_code3": "",
    "latitude": "-21.3449",
    "longitude": "165.164",
    "accuracy": "5"
  },
  {
    "country_code": "NC",
    "postal_code": "98877",
    "place_name": "Népoui",
    "admin_name1": "Province Nord",
    "admin_code1": "01",
    "admin_name2": "Poya",
    "admin_code2": "98827",
    "admin_name3": "",
    "admin_code3": "",
    "latitude": "-21.3283",
    "longitude": "164.9985",
    "accuracy": "5"
  },
  {
    "country_code": "NC",
    "postal_code": "98831",
    "place_name": "Touho",
    "admin_name1": "Province Nord",
    "admin_code1": "01",
    "admin_name2": "Touho",
    "admin_code2": "98830",
    "admin_name3": "",
    "admin_code3": "",
    "latitude": "-20.786",
    "longitude": "165.2423",
    "accuracy": "5"
  },
  {
    "country_code": "NC",
    "postal_code": "98833",
    "place_name": "Voh",
    "admin_name1": "Province Nord",
    "admin_code1": "01",
    "admin_name2": "Voh",
    "admin_code2": "98831",
    "admin_name3": "",
    "admin_code3": "",
    "latitude": "-20.9467",
    "longitude": "164.6854",
    "accuracy": "5"
  },
  {
    "country_code": "NC",
    "postal_code": "98883",
    "place_name": "Ouåco",
    "admin_name1": "Province Nord",
    "admin_code1": "01",
    "admin_name2": "Voh",
    "admin_code2": "98831",
    "admin_name3": "",
    "admin_code3": "",
    "latitude": "-20.8353",
    "longitude": "164.4694",
    "accuracy": "5"
  },
  {
    "country_code": "NC",
    "postal_code": "98818",
    "place_name": "Kouaoua",
    "admin_name1": "Province Nord",
    "admin_code1": "01",
    "admin_name2": "Kouaoua",
    "admin_code2": "98833",
    "admin_name3": "",
    "admin_code3": "",
    "latitude": "-21.3957",
    "longitude": "165.8283",
    "accuracy": "5"
  },
  {
    "country_code": "NC",
    "postal_code": "98812",
    "place_name": "Bouloupari",
    "admin_name1": "Province Sud",
    "admin_code1": "02",
    "admin_name2": "Bouloupari",
    "admin_code2": "98802",
    "admin_name3": "",
    "admin_code3": "",
    "latitude": "-21.8607",
    "longitude": "166.0513",
    "accuracy": "5"
  },
  {
    "country_code": "NC",
    "postal_code": "98870",
    "place_name": "Bourail",
    "admin_name1": "Province Sud",
    "admin_code1": "02",
    "admin_name2": "Bourail",
    "admin_code2": "98803",
    "admin_name3": "",
    "admin_code3": "",
    "latitude": "-21.5667",
    "longitude": "165.4667",
    "accuracy": "5"
  },
  {
    "country_code": "NC",
    "postal_code": "98830",
    "place_name": "Dumbéa",
    "admin_name1": "Province Sud",
    "admin_code1": "02",
    "admin_name2": "Dumbéa",
    "admin_code2": "98805",
    "admin_name3": "",
    "admin_code3": "",
    "latitude": "-22.1496",
    "longitude": "166.4473",
    "accuracy": "5"
  },
  {
    "country_code": "NC",
    "postal_code": "98835",
    "place_name": "Dumbéa",
    "admin_name1": "Province Sud",
    "admin_code1": "02",
    "admin_name2": "Dumbéa",
    "admin_code2": "98805",
    "admin_name3": "",
    "admin_code3": "",
    "latitude": "-22.1496",
    "longitude": "166.4473",
    "accuracy": "5"
  },
  {
    "country_code": "NC",
    "postal_code": "98836",
    "place_name": "Dumbéa",
    "admin_name1": "Province Sud",
    "admin_code1": "02",
    "admin_name2": "Dumbéa",
    "admin_code2": "98805",
    "admin_name3": "",
    "admin_code3": "",
    "latitude": "-22.1496",
    "longitude": "166.4473",
    "accuracy": "5"
  },
  {
    "country_code": "NC",
    "postal_code": "98837",
    "place_name": "Dumbéa",
    "admin_name1": "Province Sud",
    "admin_code1": "02",
    "admin_name2": "Dumbéa",
    "admin_code2": "98805",
    "admin_name3": "",
    "admin_code3": "",
    "latitude": "-22.1496",
    "longitude": "166.4473",
    "accuracy": "5"
  },
  {
    "country_code": "NC",
    "postal_code": "98839",
    "place_name": "Dumbéa",
    "admin_name1": "Province Sud",
    "admin_code1": "02",
    "admin_name2": "Dumbéa",
    "admin_code2": "98805",
    "admin_name3": "",
    "admin_code3": "",
    "latitude": "-22.1496",
    "longitude": "166.4473",
    "accuracy": "5"
  },
  {
    "country_code": "NC",
    "postal_code": "98880",
    "place_name": "Farino",
    "admin_name1": "Province Sud",
    "admin_code1": "02",
    "admin_name2": "Farino",
    "admin_code2": "98806",
    "admin_name3": "",
    "admin_code3": "",
    "latitude": "-21.6651",
    "longitude": "165.776",
    "accuracy": "5"
  },
  {
    "country_code": "NC",
    "postal_code": "98881",
    "place_name": "Farino",
    "admin_name1": "Province Sud",
    "admin_code1": "02",
    "admin_name2": "Farino",
    "admin_code2": "98806",
    "admin_name3": "",
    "admin_code3": "",
    "latitude": "-21.6667",
    "longitude": "165.7667",
    "accuracy": "5"
  },
  {
    "country_code": "NC",
    "postal_code": "98832",
    "place_name": "L’Île des Pins",
    "admin_name1": "Province Sud",
    "admin_code1": "02",
    "admin_name2": "L’Île des Pins",
    "admin_code2": "98809",
    "admin_name3": "",
    "admin_code3": "",
    "latitude": "-22.6167",
    "longitude": "167.4833",
    "accuracy": "5"
  },
  {
    "country_code": "NC",
    "postal_code": "98880",
    "place_name": "La Foa",
    "admin_name1": "Province Sud",
    "admin_code1": "02",
    "admin_name2": "La Foa",
    "admin_code2": "98813",
    "admin_name3": "",
    "admin_code3": "",
    "latitude": "-21.7079",
    "longitude": "165.8252",
    "accuracy": "5"
  },
  {
    "country_code": "NC",
    "postal_code": "98819",
    "place_name": "Moindou",
    "admin_name1": "Province Sud",
    "admin_code1": "02",
    "admin_name2": "Moindou",
    "admin_code2": "98816",
    "admin_name3": "",
    "admin_code3": "",
    "latitude": "-21.6986",
    "longitude": "165.6804",
    "accuracy": "5"
  },
  {
    "country_code": "NC",
    "postal_code": "98809",
    "place_name": "Le Mont-Dore",
    "admin_name1": "Province Sud",
    "admin_code1": "02",
    "admin_name2": "Le Mont-Dore",
    "admin_code2": "98817",
    "admin_name3": "",
    "admin_code3": "",
    "latitude": "-22.2799",
    "longitude": "166.5805",
    "accuracy": "5"
  },
  {
    "country_code": "NC",
    "postal_code": "98810",
    "place_name": "Mont-Dore",
    "admin_name1": "Province Sud",
    "admin_code1": "02",
    "admin_name2": "Le Mont-Dore",
    "admin_code2": "98817",
    "admin_name3": "",
    "admin_code3": "",
    "latitude": "-22.2626",
    "longitude": "166.5662",
    "accuracy": "5"
  },
  {
    "country_code": "NC",
    "postal_code": "98874",
    "place_name": "Pont des Français",
    "admin_name1": "Province Sud",
    "admin_code1": "02",
    "admin_name2": "Le Mont-Dore",
    "admin_code2": "98817",
    "admin_name3": "",
    "admin_code3": "",
    "latitude": "-22.2167",
    "longitude": "166.4833",
    "accuracy": "5"
  },
  {
    "country_code": "NC",
    "postal_code": "98875",
    "place_name": "Plum",
    "admin_name1": "Province Sud",
    "admin_code1": "02",
    "admin_name2": "Le Mont-Dore",
    "admin_code2": "98817",
    "admin_name3": "",
    "admin_code3": "",
    "latitude": "-22.2723",
    "longitude": "166.6144",
    "accuracy": "5"
  },
  {
    "country_code": "NC",
    "postal_code": "98876",
    "place_name": "La Coulée",
    "admin_name1": "Province Sud",
    "admin_code1": "02",
    "admin_name2": "Le Mont-Dore",
    "admin_code2": "98817",
    "admin_name3": "",
    "admin_code3": "",
    "latitude": "-22.2313",
    "longitude": "166.5758",
    "accuracy": "5"
  },
  {
    "country_code": "NC",
    "postal_code": "98800",
    "place_name": "Nouméa",
    "admin_name1": "Province Sud",
    "admin_code1": "02",
    "admin_name2": "Nouméa",
    "admin_code2": "98818",
    "admin_name3": "",
    "admin_code3": "",
    "latitude": "-22.2667",
    "longitude": "166.4667",
    "accuracy": "5"
  },
  {
    "country_code": "NC",
    "postal_code": "98840",
    "place_name": "La Tontouta",
    "admin_name1": "Province Sud",
    "admin_code1": "02",
    "admin_name2": "Païta",
    "admin_code2": "98821",
    "admin_name3": "",
    "admin_code3": "",
    "latitude": "-22.0128",
    "longitude": "166.2237",
    "accuracy": "5"
  },
  {
    "country_code": "NC",
    "postal_code": "98889",
    "place_name": "Païta",
    "admin_name1": "Province Sud",
    "admin_code1": "02",
    "admin_name2": "Païta",
    "admin_code2": "98821",
    "admin_name3": "",
    "admin_code3": "",
    "latitude": "-22.131",
    "longitude": "166.3572",
    "accuracy": "5"
  },
  {
    "country_code": "NC",
    "postal_code": "98890",
    "place_name": "Païta",
    "admin_name1": "Province Sud",
    "admin_code1": "02",
    "admin_name2": "Païta",
    "admin_code2": "98821",
    "admin_name3": "",
    "admin_code3": "",
    "latitude": "-22.1299",
    "longitude": "166.3639",
    "accuracy": "5"
  },
  {
    "country_code": "NC",
    "postal_code": "98880",
    "place_name": "Sarraméa",
    "admin_name1": "Province Sud",
    "admin_code1": "02",
    "admin_name2": "Sarraméa",
    "admin_code2": "98828",
    "admin_name3": "",
    "admin_code3": "",
    "latitude": "-21.6421",
    "longitude": "165.8451",
    "accuracy": "5"
  },
  {
    "country_code": "NC",
    "postal_code": "98882",
    "place_name": "Sarraméa",
    "admin_name1": "Province Sud",
    "admin_code1": "02",
    "admin_name2": "Sarraméa",
    "admin_code2": "98828",
    "admin_name3": "",
    "admin_code3": "",
    "latitude": "-21.65",
    "longitude": "165.85",
    "accuracy": "5"
  },
  {
    "country_code": "NC",
    "postal_code": "98829",
    "place_name": "Thio",
    "admin_name1": "Province Sud",
    "admin_code1": "02",
    "admin_name2": "Thio",
    "admin_code2": "98829",
    "admin_name3": "",
    "admin_code3": "",
    "latitude": "-21.6057",
    "longitude": "166.2146",
    "accuracy": "5"
  },
  {
    "country_code": "NC",
    "postal_code": "98834",
    "place_name": "Yaté",
    "admin_name1": "Province Sud",
    "admin_code1": "02",
    "admin_name2": "Yaté",
    "admin_code2": "98832",
    "admin_name3": "",
    "admin_code3": "",
    "latitude": "-22.0833",
    "longitude": "166.75",
    "accuracy": "5"
  },
  {
    "country_code": "NC",
    "postal_code": "98820",
    "place_name": "Wé",
    "admin_name1": "Îles Loyauté",
    "admin_code1": "03",
    "admin_name2": "Lifou",
    "admin_code2": "98814",
    "admin_name3": "",
    "admin_code3": "",
    "latitude": "-20.9169",
    "longitude": "167.2646",
    "accuracy": "5"
  },
  {
    "country_code": "NC",
    "postal_code": "98884",
    "place_name": "Chépénéhé",
    "admin_name1": "Îles Loyauté",
    "admin_code1": "03",
    "admin_name2": "Lifou",
    "admin_code2": "98814",
    "admin_name3": "",
    "admin_code3": "",
    "latitude": "-20.7833",
    "longitude": "167.15",
    "accuracy": "5"
  },
  {
    "country_code": "NC",
    "postal_code": "98885",
    "place_name": "Mou",
    "admin_name1": "Îles Loyauté",
    "admin_code1": "03",
    "admin_name2": "Lifou",
    "admin_code2": "98814",
    "admin_name3": "",
    "admin_code3": "",
    "latitude": "-21.0936",
    "longitude": "167.399",
    "accuracy": "5"
  },
  {
    "country_code": "NC",
    "postal_code": "98828",
    "place_name": "Tadine",
    "admin_name1": "Îles Loyauté",
    "admin_code1": "03",
    "admin_name2": "Maré",
    "admin_code2": "98815",
    "admin_name3": "",
    "admin_code3": "",
    "latitude": "-21.55",
    "longitude": "167.8833",
    "accuracy": "5"
  },
  {
    "country_code": "NC",
    "postal_code": "98878",
    "place_name": "La Roche",
    "admin_name1": "Îles Loyauté",
    "admin_code1": "03",
    "admin_name2": "Maré",
    "admin_code2": "98815",
    "admin_name3": "",
    "admin_code3": "",
    "latitude": "-21.478",
    "longitude": "168.0259",
    "accuracy": "5"
  },
  {
    "country_code": "NC",
    "postal_code": "98814",
    "place_name": "Fayaoué",
    "admin_name1": "Îles Loyauté",
    "admin_code1": "03",
    "admin_name2": "Ouvéa",
    "admin_code2": "98820",
    "admin_name3": "",
    "admin_code3": "",
    "latitude": "-20.6528",
    "longitude": "166.5364",
    "accuracy": "5"
  }
]