[
  {
    "country_code": "PM",
    "postal_code": "97500",
    "place_name": "Miquelon",
    "admin_name1": "Miquelon-Langlade",
    "admin_code1": "97501",
    "admin_name2": "Miquelon-Langlade",
    "admin_code2": "97501",
    "admin_name3": "",
    "admin_code3": "",
    "latitude": "47.0975",
    "longitude": "-56.3814",
    "accuracy": "5"
  },
  {
    "country_code": "PM",
    "postal_code": "97500",
    "place_name": "Saint-Pierre",
    "admin_name1": "Saint-Pierre",
    "admin_code1": "97502",
    "admin_name2": "",
    "admin_code2": "",
    "admin_name3": "",
    "admin_code3": "",
    "latitude": "46.7809",
    "longitude": "-56.172",
    "accuracy": "5"
  }
]