[
  {
    "country_code": "PR",
    "postal_code": "00601",
    "place_name": "Adjuntas",
    "admin_name1": "Adjuntas",
    "admin_code1": "001",
    "admin_name2": "",
    "admin_code2": "",
    "admin_name3": "",
    "admin_code3": "",
    "latitude": "18.1627",
    "longitude": "-66.7221",
    "accuracy": "4"
  },
  {
    "country_code": "PR",
    "postal_code": "00602",
    "place_name": "Aguada",
    "admin_name1": "Aguada",
    "admin_code1": "003",
    "admin_name2": "",
    "admin_code2": "",
    "admin_name3": "",
    "admin_code3": "",
    "latitude": "18.3794",
    "longitude": "-67.1882",
    "accuracy": "4"
  },
  {
    "country_code": "PR",
    "postal_code": "00603",
    "place_name": "Aguadilla",
    "admin_name1": "Aguadilla",
    "admin_code1": "005",
    "admin_name2": "",
    "admin_code2": "",
    "admin_name3": "",
    "admin_code3": "",
    "latitude": "18.4274",
    "longitude": "-67.1541",
    "accuracy": "4"
  },
  {
    "country_code": "PR",
    "postal_code": "00604",
    "place_name": "Aguadilla",
    "admin_name1": "Aguadilla",
    "admin_code1": "005",
    "admin_name2": "",
    "admin_code2": "",
    "admin_name3": "",
    "admin_code3": "",
    "latitude": "18.4274",
    "longitude": "-67.1541",
    "accuracy": "4"
  },
  {
    "country_code": "PR",
    "postal_code": "00605",
    "place_name": "Aguadilla",
    "admin_name1": "Aguadilla",
    "admin_code1": "005",
    "admin_name2": "",
    "admin_code2": "",
    "admin_name3": "",
    "admin_code3": "",
    "latitude": "18.4274",
    "longitude": "-67.1541",
    "accuracy": "4"
  },
  {
    "country_code": "PR",
    "postal_code": "00690",
    "place_name": "San Antonio",
    "admin_name1": "Aguadilla",
    "admin_code1": "005",
    "admin_name2": "",
    "admin_code2": "",
    "admin_name3": "",
    "admin_code3": "",
    "latitude": "18.4922",
    "longitude": "-67.0985",
    "accuracy": "4"
  },
  {
    "country_code": "PR",
    "postal_code": "00703",
    "place_name": "Aguas Buenas",
    "admin_name1": "Aguas Buenas",
    "admin_code1": "007",
    "admin_name2": "",
    "admin_code2": "",
    "admin_name3": "",
    "admin_code3": "",
    "latitude": "18.2569",
    "longitude": "-66.1029",
    "accuracy": "4"
  },
  {
    "country_code": "PR",
    "postal_code": "00705",
    "place_name": "Aibonito",
    "admin_name1": "Aibonito",
    "admin_code1": "009",
    "admin_name2": "",
    "admin_code2": "",
    "admin_name3": "",
    "admin_code3": "",
    "latitude": "18.14",
    "longitude": "-66.266",
    "accuracy": "4"
  },
  {
    "country_code": "PR",
    "postal_code": "00786",
    "place_name": "La Plata",
    "admin_name1": "Aibonito",
    "admin_code1": "009",
    "admin_name2": "",
    "admin_code2": "",
    "admin_name3": "",
    "admin_code3": "",
    "latitude": "18.1544",
    "longitude": "-66.2329",
    "accuracy": "4"
  },
  {
    "country_code": "PR",
    "postal_code": "00610",
    "place_name": "Anasco",
    "admin_name1": "Anasco",
    "admin_code1": "011",
    "admin_name2": "",
    "admin_code2": "",
    "admin_name3": "",
    "admin_code3": "",
    "latitude": "18.2827",
    "longitude": "-67.1396",
    "accuracy": "4"
  },
  {
    "country_code": "PR",
    "postal_code": "00612",
    "place_name": "Arecibo",
    "admin_name1": "Arecibo",
    "admin_code1": "013",
    "admin_name2": "",
    "admin_code2": "",
    "admin_name3": "",
    "admin_code3": "",
    "latitude": "18.4724",
    "longitude": "-66.7157",
    "accuracy": "4"
  },
  {
    "country_code": "PR",
    "postal_code": "00613",
    "place_name": "Arecibo",
    "admin_name1": "Arecibo",
    "admin_code1": "013",
    "admin_name2": "",
    "admin_code2": "",
    "admin_name3": "",
    "admin_code3": "",
    "latitude": "18.4724",
    "longitude": "-66.7157",
    "accuracy": "4"
  },
  {
    "country_code": "PR",
    "postal_code": "00614",
    "place_name": "Arecibo",
    "admin_name1": "Arecibo",
    "admin_code1": "013",
    "admin_name2": "",
    "admin_code2": "",
    "admin_name3": "",
    "admin_code3": "",
    "latitude": "18.4724",
    "longitude": "-66.7157",
    "accuracy": "4"
  },
  {
    "country_code": "PR",
    "postal_code": "00616",
    "place_name": "Bajadero",
    "admin_name1": "Arecibo",
    "admin_code1": "013",
    "admin_name2": "",
    "admin_code2": "",
    "admin_name3": "",
    "admin_code3": "",
    "latitude": "18.4266",
    "longitude": "-66.6832",
    "accuracy": "4"
  },
  {
    "country_code": "PR",
    "postal_code": "00652",
    "place_name": "Garrochales",
    "admin_name1": "Arecibo",
    "admin_code1": "013",
    "admin_name2": "",
    "admin_code2": "",
    "admin_name3": "",
    "admin_code3": "",
    "latitude": "18.4577",
    "longitude": "-66.611",
    "accuracy": "4"
  },
  {
    "country_code": "PR",
    "postal_code": "00688",
    "place_name": "Sabana Hoyos",
    "admin_name1": "Arecibo",
    "admin_code1": "013",
    "admin_name2": "",
    "admin_code2": "",
    "admin_name3": "",
    "admin_code3": "",
    "latitude": "18.4338",
    "longitude": "-66.6138",
    "accuracy": "4"
  },
  {
    "country_code": "PR",
    "postal_code": "00714",
    "place_name": "Arroyo",
    "admin_name1": "Arroyo",
    "admin_code1": "015",
    "admin_name2": "",
    "admin_code2": "",
    "admin_name3": "",
    "admin_code3": "",
    "latitude": "17.9658",
    "longitude": "-66.0613",
    "accuracy": "4"
  },
  {
    "country_code": "PR",
    "postal_code": "00617",
    "place_name": "Barceloneta",
    "admin_name1": "Barceloneta",
    "admin_code1": "017",
    "admin_name2": "",
    "admin_code2": "",
    "admin_name3": "",
    "admin_code3": "",
    "latitude": "18.4505",
    "longitude": "-66.5385",
    "accuracy": "4"
  },
  {
    "country_code": "PR",
    "postal_code": "00794",
    "place_name": "Barranquitas",
    "admin_name1": "Barranquitas",
    "admin_code1": "019",
    "admin_name2": "",
    "admin_code2": "",
    "admin_name3": "",
    "admin_code3": "",
    "latitude": "18.1866",
    "longitude": "-66.3063",
    "accuracy": "4"
  },
  {
    "country_code": "PR",
    "postal_code": "00934",
    "place_name": "Fort Buchanan",
    "admin_name1": "Bayamon",
    "admin_code1": "021",
    "admin_name2": "",
    "admin_code2": "",
    "admin_name3": "",
    "admin_code3": "",
    "latitude": "18.4122",
    "longitude": "-66.1221",
    "accuracy": "4"
  },
  {
    "country_code": "PR",
    "postal_code": "00956",
    "place_name": "Bayamon",
    "admin_name1": "Bayamon",
    "admin_code1": "021",
    "admin_name2": "",
    "admin_code2": "",
    "admin_name3": "",
    "admin_code3": "",
    "latitude": "18.3986",
    "longitude": "-66.1557",
    "accuracy": "4"
  },
  {
    "country_code": "PR",
    "postal_code": "00957",
    "place_name": "Bayamon",
    "admin_name1": "Bayamon",
    "admin_code1": "021",
    "admin_name2": "",
    "admin_code2": "",
    "admin_name3": "",
    "admin_code3": "",
    "latitude": "18.3986",
    "longitude": "-66.1557",
    "accuracy": "4"
  },
  {
    "country_code": "PR",
    "postal_code": "00958",
    "place_name": "Bayamon",
    "admin_name1": "Bayamon",
    "admin_code1": "021",
    "admin_name2": "",
    "admin_code2": "",
    "admin_name3": "",
    "admin_code3": "",
    "latitude": "18.3986",
    "longitude": "-66.1557",
    "accuracy": "4"
  },
  {
    "country_code": "PR",
    "postal_code": "00959",
    "place_name": "Bayamon",
    "admin_name1": "Bayamon",
    "admin_code1": "021",
    "admin_name2": "",
    "admin_code2": "",
    "admin_name3": "",
    "admin_code3": "",
    "latitude": "18.3986",
    "longitude": "-66.1557",
    "accuracy": "4"
  },
  {
    "country_code": "PR",
    "postal_code": "00960",
    "place_name": "Bayamon",
    "admin_name1": "Bayamon",
    "admin_code1": "021",
    "admin_name2": "",
    "admin_code2": "",
    "admin_name3": "",
    "admin_code3": "",
    "latitude": "18.3986",
    "longitude": "-66.1557",
    "accuracy": "4"
  },
  {
    "country_code": "PR",
    "postal_code": "00961",
    "place_name": "Bayamon",
    "admin_name1": "Bayamon",
    "admin_code1": "021",
    "admin_name2": "",
    "admin_code2": "",
    "admin_name3": "",
    "admin_code3": "",
    "latitude": "18.3986",
    "longitude": "-66.1557",
    "accuracy": "4"
  },
  {
    "country_code": "PR",
    "postal_code": "00622",
    "place_name": "Boqueron",
    "admin_name1": "Cabo Rojo",
    "admin_code1": "023",
    "admin_name2": "",
    "admin_code2": "",
    "admin_name3": "",
    "admin_code3": "",
    "latitude": "18.0269",
    "longitude": "-67.1691",
    "accuracy": "4"
  },
  {
    "country_code": "PR",
    "postal_code": "00623",
    "place_name": "Cabo Rojo",
    "admin_name1": "Cabo Rojo",
    "admin_code1": "023",
    "admin_name2": "",
    "admin_code2": "",
    "admin_name3": "",
    "admin_code3": "",
    "latitude": "18.0866",
    "longitude": "-67.1457",
    "accuracy": "4"
  },
  {
    "country_code": "PR",
    "postal_code": "00725",
    "place_name": "Caguas",
    "admin_name1": "Caguas",
    "admin_code1": "025",
    "admin_name2": "",
    "admin_code2": "",
    "admin_name3": "",
    "admin_code3": "",
    "latitude": "18.2341",
    "longitude": "-66.0485",
    "accuracy": "4"
  },
  {
    "country_code": "PR",
    "postal_code": "00726",
    "place_name": "Caguas",
    "admin_name1": "Caguas",
    "admin_code1": "025",
    "admin_name2": "",
    "admin_code2": "",
    "admin_name3": "",
    "admin_code3": "",
    "latitude": "18.2341",
    "longitude": "-66.0485",
    "accuracy": "4"
  },
  {
    "country_code": "PR",
    "postal_code": "00727",
    "place_name": "Caguas",
    "admin_name1": "Caguas",
    "admin_code1": "025",
    "admin_name2": "",
    "admin_code2": "",
    "admin_name3": "",
    "admin_code3": "",
    "latitude": "18.2341",
    "longitude": "-66.0485",
    "accuracy": "4"
  },
  {
    "country_code": "PR",
    "postal_code": "00627",
    "place_name": "Camuy",
    "admin_name1": "Camuy",
    "admin_code1": "027",
    "admin_name2": "",
    "admin_code2": "",
    "admin_name3": "",
    "admin_code3": "",
    "latitude": "18.4838",
    "longitude": "-66.8449",
    "accuracy": "4"
  },
  {
    "country_code": "PR",
    "postal_code": "00729",
    "place_name": "Canovanas",
    "admin_name1": "Canovanas",
    "admin_code1": "029",
    "admin_name2": "",
    "admin_code2": "",
    "admin_name3": "",
    "admin_code3": "",
    "latitude": "18.3751",
    "longitude": "-65.8993",
    "accuracy": "4"
  },
  {
    "country_code": "PR",
    "postal_code": "00983",
    "place_name": "Carolina",
    "admin_name1": "Carolina",
    "admin_code1": "031",
    "admin_name2": "",
    "admin_code2": "",
    "admin_name3": "",
    "admin_code3": "",
    "latitude": "18.3808",
    "longitude": "-65.9574",
    "accuracy": "4"
  },
  {
    "country_code": "PR",
    "postal_code": "00984",
    "place_name": "Carolina",
    "admin_name1": "Carolina",
    "admin_code1": "031",
    "admin_name2": "",
    "admin_code2": "",
    "admin_name3": "",
    "admin_code3": "",
    "latitude": "18.3808",
    "longitude": "-65.9574",
    "accuracy": "4"
  },
  {
    "country_code": "PR",
    "postal_code": "00985",
    "place_name": "Carolina",
    "admin_name1": "Carolina",
    "admin_code1": "031",
    "admin_name2": "",
    "admin_code2": "",
    "admin_name3": "",
    "admin_code3": "",
    "latitude": "18.3808",
    "longitude": "-65.9574",
    "accuracy": "4"
  },
  {
    "country_code": "PR",
    "postal_code": "00986",
    "place_name": "Carolina",
    "admin_name1": "Carolina",
    "admin_code1": "031",
    "admin_name2": "",
    "admin_code2": "",
    "admin_name3": "",
    "admin_code3": "",
    "latitude": "18.3808",
    "longitude": "-65.9574",
    "accuracy": "4"
  },
  {
    "country_code": "PR",
    "postal_code": "00987",
    "place_name": "Carolina",
    "admin_name1": "Carolina",
    "admin_code1": "031",
    "admin_name2": "",
    "admin_code2": "",
    "admin_name3": "",
    "admin_code3": "",
    "latitude": "18.3808",
    "longitude": "-65.9574",
    "accuracy": "4"
  },
  {
    "country_code": "PR",
    "postal_code": "00988",
    "place_name": "Carolina",
    "admin_name1": "Carolina",
    "admin_code1": "031",
    "admin_name2": "",
    "admin_code2": "",
    "admin_name3": "",
    "admin_code3": "",
    "latitude": "18.3808",
    "longitude": "-65.9574",
    "accuracy": "4"
  },
  {
    "country_code": "PR",
    "postal_code": "00962",
    "place_name": "Catano",
    "admin_name1": "Catano",
    "admin_code1": "033",
    "admin_name2": "",
    "admin_code2": "",
    "admin_name3": "",
    "admin_code3": "",
    "latitude": "18.4413",
    "longitude": "-66.1182",
    "accuracy": "4"
  },
  {
    "country_code": "PR",
    "postal_code": "00963",
    "place_name": "Catano",
    "admin_name1": "Catano",
    "admin_code1": "033",
    "admin_name2": "",
    "admin_code2": "",
    "admin_name3": "",
    "admin_code3": "",
    "latitude": "18.4413",
    "longitude": "-66.1182",
    "accuracy": "4"
  },
  {
    "country_code": "PR",
    "postal_code": "00736",
    "place_name": "Cayey",
    "admin_name1": "Cayey",
    "admin_code1": "035",
    "admin_name2": "",
    "admin_code2": "",
    "admin_name3": "",
    "admin_code3": "",
    "latitude": "18.1119",
    "longitude": "-66.166",
    "accuracy": "4"
  },
  {
    "country_code": "PR",
    "postal_code": "00737",
    "place_name": "Cayey",
    "admin_name1": "Cayey",
    "admin_code1": "035",
    "admin_name2": "",
    "admin_code2": "",
    "admin_name3": "",
    "admin_code3": "",
    "latitude": "18.1119",
    "longitude": "-66.166",
    "accuracy": "4"
  },
  {
    "country_code": "PR",
    "postal_code": "00735",
    "place_name": "Ceiba",
    "admin_name1": "Ceiba",
    "admin_code1": "037",
    "admin_name2": "",
    "admin_code2": "",
    "admin_name3": "",
    "admin_code3": "",
    "latitude": "18.2641",
    "longitude": "-65.6485",
    "accuracy": "4"
  },
  {
    "country_code": "PR",
    "postal_code": "00742",
    "place_name": "Roosevelt Roads",
    "admin_name1": "Ceiba",
    "admin_code1": "037",
    "admin_name2": "",
    "admin_code2": "",
    "admin_name3": "",
    "admin_code3": "",
    "latitude": "18.235",
    "longitude": "-65.6291",
    "accuracy": "4"
  },
  {
    "country_code": "PR",
    "postal_code": "00638",
    "place_name": "Ciales",
    "admin_name1": "Ciales",
    "admin_code1": "039",
    "admin_name2": "",
    "admin_code2": "",
    "admin_name3": "",
    "admin_code3": "",
    "latitude": "18.3361",
    "longitude": "-66.4688",
    "accuracy": "4"
  },
  {
    "country_code": "PR",
    "postal_code": "00739",
    "place_name": "Cidra",
    "admin_name1": "Cidra",
    "admin_code1": "041",
    "admin_name2": "",
    "admin_code2": "",
    "admin_name3": "",
    "admin_code3": "",
    "latitude": "18.1758",
    "longitude": "-66.1613",
    "accuracy": "4"
  },
  {
    "country_code": "PR",
    "postal_code": "00769",
    "place_name": "Coamo",
    "admin_name1": "Coamo",
    "admin_code1": "043",
    "admin_name2": "",
    "admin_code2": "",
    "admin_name3": "",
    "admin_code3": "",
    "latitude": "18.08",
    "longitude": "-66.3579",
    "accuracy": "4"
  },
  {
    "country_code": "PR",
    "postal_code": "00782",
    "place_name": "Comerio",
    "admin_name1": "Comerio",
    "admin_code1": "045",
    "admin_name2": "",
    "admin_code2": "",
    "admin_name3": "",
    "admin_code3": "",
    "latitude": "18.218",
    "longitude": "-66.226",
    "accuracy": "4"
  },
  {
    "country_code": "PR",
    "postal_code": "00783",
    "place_name": "Corozal",
    "admin_name1": "Corozal",
    "admin_code1": "047",
    "admin_name2": "",
    "admin_code2": "",
    "admin_name3": "",
    "admin_code3": "",
    "latitude": "18.3411",
    "longitude": "-66.3168",
    "accuracy": "4"
  },
  {
    "country_code": "PR",
    "postal_code": "00775",
    "place_name": "Culebra",
    "admin_name1": "Culebra",
    "admin_code1": "049",
    "admin_name2": "",
    "admin_code2": "",
    "admin_name3": "",
    "admin_code3": "",
    "latitude": "18.303",
    "longitude": "-65.301",
    "accuracy": "4"
  },
  {
    "country_code": "PR",
    "postal_code": "00646",
    "place_name": "Dorado",
    "admin_name1": "Dorado",
    "admin_code1": "051",
    "admin_name2": "",
    "admin_code2": "",
    "admin_name3": "",
    "admin_code3": "",
    "latitude": "18.4588",
    "longitude": "-66.2677",
    "accuracy": "4"
  },
  {
    "country_code": "PR",
    "postal_code": "00738",
    "place_name": "Fajardo",
    "admin_name1": "Fajardo",
    "admin_code1": "053",
    "admin_name2": "",
    "admin_code2": "",
    "admin_name3": "",
    "admin_code3": "",
    "latitude": "18.3258",
    "longitude": "-65.6524",
    "accuracy": "4"
  },
  {
    "country_code": "PR",
    "postal_code": "00740",
    "place_name": "Puerto Real",
    "admin_name1": "Fajardo",
    "admin_code1": "053",
    "admin_name2": "",
    "admin_code2": "",
    "admin_name3": "",
    "admin_code3": "",
    "latitude": "18.25",
    "longitude": "-65.7493",
    "accuracy": "1"
  },
  {
    "country_code": "PR",
    "postal_code": "00650",
    "place_name": "Florida",
    "admin_name1": "Florida",
    "admin_code1": "054",
    "admin_name2": "",
    "admin_code2": "",
    "admin_name3": "",
    "admin_code3": "",
    "latitude": "18.3624",
    "longitude": "-66.5613",
    "accuracy": "4"
  },
  {
    "country_code": "PR",
    "postal_code": "00647",
    "place_name": "Ensenada",
    "admin_name1": "Guanica",
    "admin_code1": "055",
    "admin_name2": "",
    "admin_code2": "",
    "admin_name3": "",
    "admin_code3": "",
    "latitude": "17.9689",
    "longitude": "-66.9335",
    "accuracy": "4"
  },
  {
    "country_code": "PR",
    "postal_code": "00653",
    "place_name": "Guanica",
    "admin_name1": "Guanica",
    "admin_code1": "055",
    "admin_name2": "",
    "admin_code2": "",
    "admin_name3": "",
    "admin_code3": "",
    "latitude": "17.9716",
    "longitude": "-66.908",
    "accuracy": "4"
  },
  {
    "country_code": "PR",
    "postal_code": "00704",
    "place_name": "Aguirre",
    "admin_name1": "Guayama",
    "admin_code1": "057",
    "admin_name2": "",
    "admin_code2": "",
    "admin_name3": "",
    "admin_code3": "",
    "latitude": "17.9529",
    "longitude": "-66.262",
    "accuracy": "4"
  },
  {
    "country_code": "PR",
    "postal_code": "00784",
    "place_name": "Guayama",
    "admin_name1": "Guayama",
    "admin_code1": "057",
    "admin_name2": "",
    "admin_code2": "",
    "admin_name3": "",
    "admin_code3": "",
    "latitude": "17.9841",
    "longitude": "-66.1138",
    "accuracy": "4"
  },
  {
    "country_code": "PR",
    "postal_code": "00656",
    "place_name": "Guayanilla",
    "admin_name1": "Guayanilla",
    "admin_code1": "059",
    "admin_name2": "",
    "admin_code2": "",
    "admin_name3": "",
    "admin_code3": "",
    "latitude": "18.0191",
    "longitude": "-66.7918",
    "accuracy": "4"
  },
  {
    "country_code": "PR",
    "postal_code": "00785",
    "place_name": "Guayama",
    "admin_name1": "Guayanilla",
    "admin_code1": "059",
    "admin_name2": "",
    "admin_code2": "",
    "admin_name3": "",
    "admin_code3": "",
    "latitude": "17.9841",
    "longitude": "-66.1138",
    "accuracy": "4"
  },
  {
    "country_code": "PR",
    "postal_code": "00965",
    "place_name": "Guaynabo",
    "admin_name1": "Guaynabo",
    "admin_code1": "061",
    "admin_name2": "",
    "admin_code2": "",
    "admin_name3": "",
    "admin_code3": "",
    "latitude": "18.3575",
    "longitude": "-66.111",
    "accuracy": "4"
  },
  {
    "country_code": "PR",
    "postal_code": "00966",
    "place_name": "Guaynabo",
    "admin_name1": "Guaynabo",
    "admin_code1": "061",
    "admin_name2": "",
    "admin_code2": "",
    "admin_name3": "",
    "admin_code3": "",
    "latitude": "18.3575",
    "longitude": "-66.111",
    "accuracy": "4"
  },
  {
    "country_code": "PR",
    "postal_code": "00969",
    "place_name": "Guaynabo",
    "admin_name1": "Guaynabo",
    "admin_code1": "061",
    "admin_name2": "",
    "admin_code2": "",
    "admin_name3": "",
    "admin_code3": "",
    "latitude": "18.3575",
    "longitude": "-66.111",
    "accuracy": "4"
  },
  {
    "country_code": "PR",
    "postal_code": "00970",
    "place_name": "Guaynabo",
    "admin_name1": "Guaynabo",
    "admin_code1": "061",
    "admin_name2": "",
    "admin_code2": "",
    "admin_name3": "",
    "admin_code3": "",
    "latitude": "18.3575",
    "longitude": "-66.111",
    "accuracy": "4"
  },
  {
    "country_code": "PR",
    "postal_code": "00971",
    "place_name": "Guaynabo",
    "admin_name1": "Guaynabo",
    "admin_code1": "061",
    "admin_name2": "",
    "admin_code2": "",
    "admin_name3": "",
    "admin_code3": "",
    "latitude": "18.3575",
    "longitude": "-66.111",
    "accuracy": "4"
  },
  {
    "country_code": "PR",
    "postal_code": "00778",
    "place_name": "Gurabo",
    "admin_name1": "Gurabo",
    "admin_code1": "063",
    "admin_name2": "",
    "admin_code2": "",
    "admin_name3": "",
    "admin_code3": "",
    "latitude": "18.2544",
    "longitude": "-65.9729",
    "accuracy": "4"
  },
  {
    "country_code": "PR",
    "postal_code": "00659",
    "place_name": "Hatillo",
    "admin_name1": "Hatillo",
    "admin_code1": "065",
    "admin_name2": "",
    "admin_code2": "",
    "admin_name3": "",
    "admin_code3": "",
    "latitude": "18.4863",
    "longitude": "-66.8255",
    "accuracy": "4"
  },
  {
    "country_code": "PR",
    "postal_code": "00660",
    "place_name": "Hormigueros",
    "admin_name1": "Hormigueros",
    "admin_code1": "067",
    "admin_name2": "",
    "admin_code2": "",
    "admin_name3": "",
    "admin_code3": "",
    "latitude": "18.1397",
    "longitude": "-67.1274",
    "accuracy": "4"
  },
  {
    "country_code": "PR",
    "postal_code": "00741",
    "place_name": "Punta Santiago",
    "admin_name1": "Humacao",
    "admin_code1": "069",
    "admin_name2": "",
    "admin_code2": "",
    "admin_name3": "",
    "admin_code3": "",
    "latitude": "18.1663",
    "longitude": "-65.7482",
    "accuracy": "4"
  },
  {
    "country_code": "PR",
    "postal_code": "00791",
    "place_name": "Humacao",
    "admin_name1": "Humacao",
    "admin_code1": "069",
    "admin_name2": "",
    "admin_code2": "",
    "admin_name3": "",
    "admin_code3": "",
    "latitude": "18.1497",
    "longitude": "-65.8274",
    "accuracy": "4"
  },
  {
    "country_code": "PR",
    "postal_code": "00792",
    "place_name": "Humacao",
    "admin_name1": "Humacao",
    "admin_code1": "069",
    "admin_name2": "",
    "admin_code2": "",
    "admin_name3": "",
    "admin_code3": "",
    "latitude": "18.1497",
    "longitude": "-65.8274",
    "accuracy": "4"
  },
  {
    "country_code": "PR",
    "postal_code": "00662",
    "place_name": "Isabela",
    "admin_name1": "Isabela",
    "admin_code1": "071",
    "admin_name2": "",
    "admin_code2": "",
    "admin_name3": "",
    "admin_code3": "",
    "latitude": "18.5008",
    "longitude": "-67.0243",
    "accuracy": "4"
  },
  {
    "country_code": "PR",
    "postal_code": "00664",
    "place_name": "Jayuya",
    "admin_name1": "Jayuya",
    "admin_code1": "073",
    "admin_name2": "",
    "admin_code2": "",
    "admin_name3": "",
    "admin_code3": "",
    "latitude": "18.2186",
    "longitude": "-66.5916",
    "accuracy": "4"
  },
  {
    "country_code": "PR",
    "postal_code": "00795",
    "place_name": "Juana Diaz",
    "admin_name1": "Juana Diaz",
    "admin_code1": "075",
    "admin_name2": "",
    "admin_code2": "",
    "admin_name3": "",
    "admin_code3": "",
    "latitude": "18.0525",
    "longitude": "-66.5066",
    "accuracy": "4"
  },
  {
    "country_code": "PR",
    "postal_code": "00777",
    "place_name": "Juncos",
    "admin_name1": "Juncos",
    "admin_code1": "077",
    "admin_name2": "",
    "admin_code2": "",
    "admin_name3": "",
    "admin_code3": "",
    "latitude": "18.2275",
    "longitude": "-65.921",
    "accuracy": "4"
  },
  {
    "country_code": "PR",
    "postal_code": "00667",
    "place_name": "Lajas",
    "admin_name1": "Lajas",
    "admin_code1": "079",
    "admin_name2": "",
    "admin_code2": "",
    "admin_name3": "",
    "admin_code3": "",
    "latitude": "18.05",
    "longitude": "-67.0593",
    "accuracy": "4"
  },
  {
    "country_code": "PR",
    "postal_code": "00631",
    "place_name": "Castaner",
    "admin_name1": "Lares",
    "admin_code1": "081",
    "admin_name2": "",
    "admin_code2": "",
    "admin_name3": "",
    "admin_code3": "",
    "latitude": "18.1805",
    "longitude": "-66.8321",
    "accuracy": "4"
  },
  {
    "country_code": "PR",
    "postal_code": "00669",
    "place_name": "Lares",
    "admin_name1": "Lares",
    "admin_code1": "081",
    "admin_name2": "",
    "admin_code2": "",
    "admin_name3": "",
    "admin_code3": "",
    "latitude": "18.2947",
    "longitude": "-66.8771",
    "accuracy": "4"
  },
  {
    "country_code": "PR",
    "postal_code": "00670",
    "place_name": "Las Marias",
    "admin_name1": "Las Marias",
    "admin_code1": "083",
    "admin_name2": "",
    "admin_code2": "",
    "admin_name3": "",
    "admin_code3": "",
    "latitude": "18.2519",
    "longitude": "-66.9921",
    "accuracy": "4"
  },
  {
    "country_code": "PR",
    "postal_code": "00771",
    "place_name": "Las Piedras",
    "admin_name1": "Las Piedras",
    "admin_code1": "085",
    "admin_name2": "",
    "admin_code2": "",
    "admin_name3": "",
    "admin_code3": "",
    "latitude": "18.183",
    "longitude": "-65.8663",
    "accuracy": "4"
  },
  {
    "country_code": "PR",
    "postal_code": "00772",
    "place_name": "Loiza",
    "admin_name1": "Loiza",
    "admin_code1": "087",
    "admin_name2": "",
    "admin_code2": "",
    "admin_name3": "",
    "admin_code3": "",
    "latitude": "18.4313",
    "longitude": "-65.8802",
    "accuracy": "4"
  },
  {
    "country_code": "PR",
    "postal_code": "00773",
    "place_name": "Luquillo",
    "admin_name1": "Luquillo",
    "admin_code1": "089",
    "admin_name2": "",
    "admin_code2": "",
    "admin_name3": "",
    "admin_code3": "",
    "latitude": "18.3725",
    "longitude": "-65.7166",
    "accuracy": "4"
  },
  {
    "country_code": "PR",
    "postal_code": "00674",
    "place_name": "Manati",
    "admin_name1": "Manati",
    "admin_code1": "091",
    "admin_name2": "",
    "admin_code2": "",
    "admin_name3": "",
    "admin_code3": "",
    "latitude": "18.4274",
    "longitude": "-66.4921",
    "accuracy": "4"
  },
  {
    "country_code": "PR",
    "postal_code": "00606",
    "place_name": "Maricao",
    "admin_name1": "Maricao",
    "admin_code1": "093",
    "admin_name2": "",
    "admin_code2": "",
    "admin_name3": "",
    "admin_code3": "",
    "latitude": "18.1808",
    "longitude": "-66.9799",
    "accuracy": "4"
  },
  {
    "country_code": "PR",
    "postal_code": "00707",
    "place_name": "Maunabo",
    "admin_name1": "Maunabo",
    "admin_code1": "095",
    "admin_name2": "",
    "admin_code2": "",
    "admin_name3": "",
    "admin_code3": "",
    "latitude": "18.0072",
    "longitude": "-65.8993",
    "accuracy": "4"
  },
  {
    "country_code": "PR",
    "postal_code": "00680",
    "place_name": "Mayaguez",
    "admin_name1": "Mayaguez",
    "admin_code1": "097",
    "admin_name2": "",
    "admin_code2": "",
    "admin_name3": "",
    "admin_code3": "",
    "latitude": "18.2011",
    "longitude": "-67.1396",
    "accuracy": "4"
  },
  {
    "country_code": "PR",
    "postal_code": "00681",
    "place_name": "Mayaguez",
    "admin_name1": "Mayaguez",
    "admin_code1": "097",
    "admin_name2": "",
    "admin_code2": "",
    "admin_name3": "",
    "admin_code3": "",
    "latitude": "18.2011",
    "longitude": "-67.1396",
    "accuracy": "4"
  },
  {
    "country_code": "PR",
    "postal_code": "00682",
    "place_name": "Mayaguez",
    "admin_name1": "Mayaguez",
    "admin_code1": "097",
    "admin_name2": "",
    "admin_code2": "",
    "admin_name3": "",
    "admin_code3": "",
    "latitude": "18.2011",
    "longitude": "-67.1396",
    "accuracy": "4"
  },
  {
    "country_code": "PR",
    "postal_code": "00676",
    "place_name": "Moca",
    "admin_name1": "Moca",
    "admin_code1": "099",
    "admin_name2": "",
    "admin_code2": "",
    "admin_name3": "",
    "admin_code3": "",
    "latitude": "18.3947",
    "longitude": "-67.1132",
    "accuracy": "4"
  },
  {
    "country_code": "PR",
    "postal_code": "00687",
    "place_name": "Morovis",
    "admin_name1": "Morovis",
    "admin_code1": "101",
    "admin_name2": "",
    "admin_code2": "",
    "admin_name3": "",
    "admin_code3": "",
    "latitude": "18.3258",
    "longitude": "-66.4066",
    "accuracy": "4"
  },
  {
    "country_code": "PR",
    "postal_code": "00718",
    "place_name": "Naguabo",
    "admin_name1": "Naguabo",
    "admin_code1": "103",
    "admin_name2": "",
    "admin_code2": "",
    "admin_name3": "",
    "admin_code3": "",
    "latitude": "18.2116",
    "longitude": "-65.7349",
    "accuracy": "4"
  },
  {
    "country_code": "PR",
    "postal_code": "00744",
    "place_name": "Rio Blanco",
    "admin_name1": "Naguabo",
    "admin_code1": "103",
    "admin_name2": "",
    "admin_code2": "",
    "admin_name3": "",
    "admin_code3": "",
    "latitude": "18.2183",
    "longitude": "-65.7885",
    "accuracy": "4"
  },
  {
    "country_code": "PR",
    "postal_code": "00719",
    "place_name": "Naranjito",
    "admin_name1": "Naranjito",
    "admin_code1": "105",
    "admin_name2": "",
    "admin_code2": "",
    "admin_name3": "",
    "admin_code3": "",
    "latitude": "18.3008",
    "longitude": "-66.2449",
    "accuracy": "4"
  },
  {
    "country_code": "PR",
    "postal_code": "00720",
    "place_name": "Orocovis",
    "admin_name1": "Orocovis",
    "admin_code1": "107",
    "admin_name2": "",
    "admin_code2": "",
    "admin_name3": "",
    "admin_code3": "",
    "latitude": "18.2269",
    "longitude": "-66.391",
    "accuracy": "4"
  },
  {
    "country_code": "PR",
    "postal_code": "00723",
    "place_name": "Patillas",
    "admin_name1": "Patillas",
    "admin_code1": "109",
    "admin_name2": "",
    "admin_code2": "",
    "admin_name3": "",
    "admin_code3": "",
    "latitude": "18.0064",
    "longitude": "-66.0157",
    "accuracy": "4"
  },
  {
    "country_code": "PR",
    "postal_code": "00624",
    "place_name": "Penuelas",
    "admin_name1": "Penuelas",
    "admin_code1": "111",
    "admin_name2": "",
    "admin_code2": "",
    "admin_name3": "",
    "admin_code3": "",
    "latitude": "18.0564",
    "longitude": "-66.7216",
    "accuracy": "4"
  },
  {
    "country_code": "PR",
    "postal_code": "00715",
    "place_name": "Mercedita",
    "admin_name1": "Ponce",
    "admin_code1": "113",
    "admin_name2": "",
    "admin_code2": "",
    "admin_name3": "",
    "admin_code3": "",
    "latitude": "18.011",
    "longitude": "-66.5632",
    "accuracy": "4"
  },
  {
    "country_code": "PR",
    "postal_code": "00716",
    "place_name": "Ponce",
    "admin_name1": "Ponce",
    "admin_code1": "113",
    "admin_name2": "",
    "admin_code2": "",
    "admin_name3": "",
    "admin_code3": "",
    "latitude": "18.0111",
    "longitude": "-66.6141",
    "accuracy": "4"
  },
  {
    "country_code": "PR",
    "postal_code": "00717",
    "place_name": "Ponce",
    "admin_name1": "Ponce",
    "admin_code1": "113",
    "admin_name2": "",
    "admin_code2": "",
    "admin_name3": "",
    "admin_code3": "",
    "latitude": "18.0111",
    "longitude": "-66.6141",
    "accuracy": "4"
  },
  {
    "country_code": "PR",
    "postal_code": "00728",
    "place_name": "Ponce",
    "admin_name1": "Ponce",
    "admin_code1": "113",
    "admin_name2": "",
    "admin_code2": "",
    "admin_name3": "",
    "admin_code3": "",
    "latitude": "18.0111",
    "longitude": "-66.6141",
    "accuracy": "4"
  },
  {
    "country_code": "PR",
    "postal_code": "00730",
    "place_name": "Ponce",
    "admin_name1": "Ponce",
    "admin_code1": "113",
    "admin_name2": "",
    "admin_code2": "",
    "admin_name3": "",
    "admin_code3": "",
    "latitude": "18.0111",
    "longitude": "-66.6141",
    "accuracy": "4"
  },
  {
    "country_code": "PR",
    "postal_code": "00731",
    "place_name": "Ponce",
    "admin_name1": "Ponce",
    "admin_code1": "113",
    "admin_name2": "",
    "admin_code2": "",
    "admin_name3": "",
    "admin_code3": "",
    "latitude": "18.0111",
    "longitude": "-66.6141",
    "accuracy": "4"
  },
  {
    "country_code": "PR",
    "postal_code": "00732",
    "place_name": "Ponce",
    "admin_name1": "Ponce",
    "admin_code1": "113",
    "admin_name2": "",
    "admin_code2": "",
    "admin_name3": "",
    "admin_code3": "",
    "latitude": "18.0111",
    "longitude": "-66.6141",
    "accuracy": "4"
  },
  {
    "country_code": "PR",
    "postal_code": "00733",
    "place_name": "Ponce",
    "admin_name1": "Ponce",
    "admin_code1": "113",
    "admin_name2": "",
    "admin_code2": "",
    "admin_name3": "",
    "admin_code3": "",
    "latitude": "18.0111",
    "longitude": "-66.6141",
    "accuracy": "4"
  },
  {
    "country_code": "PR",
    "postal_code": "00734",
    "place_name": "Ponce",
    "admin_name1": "Ponce",
    "admin_code1": "113",
    "admin_name2": "",
    "admin_code2": "",
    "admin_name3": "",
    "admin_code3": "",
    "latitude": "18.0111",
    "longitude": "-66.6141",
    "accuracy": "4"
  },
  {
    "country_code": "PR",
    "postal_code": "00780",
    "place_name": "Coto Laurel",
    "admin_name1": "Ponce",
    "admin_code1": "113",
    "admin_name2": "",
    "admin_code2": "",
    "admin_name3": "",
    "admin_code3": "",
    "latitude": "18.0497",
    "longitude": "-66.5513",
    "accuracy": "4"
  },
  {
    "country_code": "PR",
    "postal_code": "00678",
    "place_name": "Quebradillas",
    "admin_name1": "Quebradillas",
    "admin_code1": "115",
    "admin_name2": "",
    "admin_code2": "",
    "admin_name3": "",
    "admin_code3": "",
    "latitude": "18.4738",
    "longitude": "-66.9385",
    "accuracy": "4"
  },
  {
    "country_code": "PR",
    "postal_code": "00677",
    "place_name": "Rincon",
    "admin_name1": "Rincon",
    "admin_code1": "117",
    "admin_name2": "",
    "admin_code2": "",
    "admin_name3": "",
    "admin_code3": "",
    "latitude": "18.3402",
    "longitude": "-67.2499",
    "accuracy": "4"
  },
  {
    "country_code": "PR",
    "postal_code": "00721",
    "place_name": "Palmer",
    "admin_name1": "Rio Grande",
    "admin_code1": "119",
    "admin_name2": "",
    "admin_code2": "",
    "admin_name3": "",
    "admin_code3": "",
    "latitude": "18.3705",
    "longitude": "-65.7741",
    "accuracy": "4"
  },
  {
    "country_code": "PR",
    "postal_code": "00745",
    "place_name": "Rio Grande",
    "admin_name1": "Rio Grande",
    "admin_code1": "119",
    "admin_name2": "",
    "admin_code2": "",
    "admin_name3": "",
    "admin_code3": "",
    "latitude": "18.3802",
    "longitude": "-65.8313",
    "accuracy": "4"
  },
  {
    "country_code": "PR",
    "postal_code": "00637",
    "place_name": "Sabana Grande",
    "admin_name1": "Sabana Grande",
    "admin_code1": "121",
    "admin_name2": "",
    "admin_code2": "",
    "admin_name3": "",
    "admin_code3": "",
    "latitude": "18.0777",
    "longitude": "-66.9605",
    "accuracy": "4"
  },
  {
    "country_code": "PR",
    "postal_code": "00751",
    "place_name": "Salinas",
    "admin_name1": "Salinas",
    "admin_code1": "123",
    "admin_name2": "",
    "admin_code2": "",
    "admin_name3": "",
    "admin_code3": "",
    "latitude": "17.9775",
    "longitude": "-66.2979",
    "accuracy": "4"
  },
  {
    "country_code": "PR",
    "postal_code": "00636",
    "place_name": "Rosario",
    "admin_name1": "San German",
    "admin_code1": "125",
    "admin_name2": "",
    "admin_code2": "",
    "admin_name3": "",
    "admin_code3": "",
    "latitude": "18.1625",
    "longitude": "-67.0791",
    "accuracy": "4"
  },
  {
    "country_code": "PR",
    "postal_code": "00683",
    "place_name": "San German",
    "admin_name1": "San German",
    "admin_code1": "125",
    "admin_name2": "",
    "admin_code2": "",
    "admin_name3": "",
    "admin_code3": "",
    "latitude": "18.0816",
    "longitude": "-67.0449",
    "accuracy": "4"
  },
  {
    "country_code": "PR",
    "postal_code": "00901",
    "place_name": "San Juan",
    "admin_name1": "San Juan",
    "admin_code1": "127",
    "admin_name2": "",
    "admin_code2": "",
    "admin_name3": "",
    "admin_code3": "",
    "latitude": "18.4663",
    "longitude": "-66.1057",
    "accuracy": "4"
  },
  {
    "country_code": "PR",
    "postal_code": "00902",
    "place_name": "San Juan",
    "admin_name1": "San Juan",
    "admin_code1": "127",
    "admin_name2": "",
    "admin_code2": "",
    "admin_name3": "",
    "admin_code3": "",
    "latitude": "18.4663",
    "longitude": "-66.1057",
    "accuracy": "4"
  },
  {
    "country_code": "PR",
    "postal_code": "00906",
    "place_name": "San Juan",
    "admin_name1": "San Juan",
    "admin_code1": "127",
    "admin_name2": "",
    "admin_code2": "",
    "admin_name3": "",
    "admin_code3": "",
    "latitude": "18.4663",
    "longitude": "-66.1057",
    "accuracy": "4"
  },
  {
    "country_code": "PR",
    "postal_code": "00907",
    "place_name": "San Juan",
    "admin_name1": "San Juan",
    "admin_code1": "127",
    "admin_name2": "",
    "admin_code2": "",
    "admin_name3": "",
    "admin_code3": "",
    "latitude": "18.4663",
    "longitude": "-66.1057",
    "accuracy": "4"
  },
  {
    "country_code": "PR",
    "postal_code": "00908",
    "place_name": "San Juan",
    "admin_name1": "San Juan",
    "admin_code1": "127",
    "admin_name2": "",
    "admin_code2": "",
    "admin_name3": "",
    "admin_code3": "",
    "latitude": "18.4663",
    "longitude": "-66.1057",
    "accuracy": "4"
  },
  {
    "country_code": "PR",
    "postal_code": "00909",
    "place_name": "San Juan",
    "admin_name1": "San Juan",
    "admin_code1": "127",
    "admin_name2": "",
    "admin_code2": "",
    "admin_name3": "",
    "admin_code3": "",
    "latitude": "18.4663",
    "longitude": "-66.1057",
    "accuracy": "4"
  },
  {
    "country_code": "PR",
    "postal_code": "00910",
    "place_name": "San Juan",
    "admin_name1": "San Juan",
    "admin_code1": "127",
    "admin_name2": "",
    "admin_code2": "",
    "admin_name3": "",
    "admin_code3": "",
    "latitude": "18.4663",
    "longitude": "-66.1057",
    "accuracy": "4"
  },
  {
    "country_code": "PR",
    "postal_code": "00911",
    "place_name": "San Juan",
    "admin_name1": "San Juan",
    "admin_code1": "127",
    "admin_name2": "",
    "admin_code2": "",
    "admin_name3": "",
    "admin_code3": "",
    "latitude": "18.4663",
    "longitude": "-66.1057",
    "accuracy": "4"
  },
  {
    "country_code": "PR",
    "postal_code": "00912",
    "place_name": "San Juan",
    "admin_name1": "San Juan",
    "admin_code1": "127",
    "admin_name2": "",
    "admin_code2": "",
    "admin_name3": "",
    "admin_code3": "",
    "latitude": "18.4663",
    "longitude": "-66.1057",
    "accuracy": "4"
  },
  {
    "country_code": "PR",
    "postal_code": "00913",
    "place_name": "San Juan",
    "admin_name1": "San Juan",
    "admin_code1": "127",
    "admin_name2": "",
    "admin_code2": "",
    "admin_name3": "",
    "admin_code3": "",
    "latitude": "18.4663",
    "longitude": "-66.1057",
    "accuracy": "4"
  },
  {
    "country_code": "PR",
    "postal_code": "00914",
    "place_name": "San Juan",
    "admin_name1": "San Juan",
    "admin_code1": "127",
    "admin_name2": "",
    "admin_code2": "",
    "admin_name3": "",
    "admin_code3": "",
    "latitude": "18.4663",
    "longitude": "-66.1057",
    "accuracy": "4"
  },
  {
    "country_code": "PR",
    "postal_code": "00915",
    "place_name": "San Juan",
    "admin_name1": "San Juan",
    "admin_code1": "127",
    "admin_name2": "",
    "admin_code2": "",
    "admin_name3": "",
    "admin_code3": "",
    "latitude": "18.4663",
    "longitude": "-66.1057",
    "accuracy": "4"
  },
  {
    "country_code": "PR",
    "postal_code": "00916",
    "place_name": "San Juan",
    "admin_name1": "San Juan",
    "admin_code1": "127",
    "admin_name2": "",
    "admin_code2": "",
    "admin_name3": "",
    "admin_code3": "",
    "latitude": "18.4663",
    "longitude": "-66.1057",
    "accuracy": "4"
  },
  {
    "country_code": "PR",
    "postal_code": "00917",
    "place_name": "San Juan",
    "admin_name1": "San Juan",
    "admin_code1": "127",
    "admin_name2": "",
    "admin_code2": "",
    "admin_name3": "",
    "admin_code3": "",
    "latitude": "18.4663",
    "longitude": "-66.1057",
    "accuracy": "4"
  },
  {
    "country_code": "PR",
    "postal_code": "00918",
    "place_name": "San Juan",
    "admin_name1": "San Juan",
    "admin_code1": "127",
    "admin_name2": "",
    "admin_code2": "",
    "admin_name3": "",
    "admin_code3": "",
    "latitude": "18.4663",
    "longitude": "-66.1057",
    "accuracy": "4"
  },
  {
    "country_code": "PR",
    "postal_code": "00919",
    "place_name": "San Juan",
    "admin_name1": "San Juan",
    "admin_code1": "127",
    "admin_name2": "",
    "admin_code2": "",
    "admin_name3": "",
    "admin_code3": "",
    "latitude": "18.4663",
    "longitude": "-66.1057",
    "accuracy": "4"
  },
  {
    "country_code": "PR",
    "postal_code": "00920",
    "place_name": "San Juan",
    "admin_name1": "San Juan",
    "admin_code1": "127",
    "admin_name2": "",
    "admin_code2": "",
    "admin_name3": "",
    "admin_code3": "",
    "latitude": "18.4663",
    "longitude": "-66.1057",
    "accuracy": "4"
  },
  {
    "country_code": "PR",
    "postal_code": "00921",
    "place_name": "San Juan",
    "admin_name1": "San Juan",
    "admin_code1": "127",
    "admin_name2": "",
    "admin_code2": "",
    "admin_name3": "",
    "admin_code3": "",
    "latitude": "18.4663",
    "longitude": "-66.1057",
    "accuracy": "4"
  },
  {
    "country_code": "PR",
    "postal_code": "00922",
    "place_name": "San Juan",
    "admin_name1": "San Juan",
    "admin_code1": "127",
    "admin_name2": "",
    "admin_code2": "",
    "admin_name3": "",
    "admin_code3": "",
    "latitude": "18.4663",
    "longitude": "-66.1057",
    "accuracy": "4"
  },
  {
    "country_code": "PR",
    "postal_code": "00923",
    "place_name": "San Juan",
    "admin_name1": "San Juan",
    "admin_code1": "127",
    "admin_name2": "",
    "admin_code2": "",
    "admin_name3": "",
    "admin_code3": "",
    "latitude": "18.4663",
    "longitude": "-66.1057",
    "accuracy": "4"
  },
  {
    "country_code": "PR",
    "postal_code": "00924",
    "place_name": "San Juan",
    "admin_name1": "San Juan",
    "admin_code1": "127",
    "admin_name2": "",
    "admin_code2": "",
    "admin_name3": "",
    "admin_code3": "",
    "latitude": "18.4663",
    "longitude": "-66.1057",
    "accuracy": "4"
  },
  {
    "country_code": "PR",
    "postal_code": "00925",
    "place_name": "San Juan",
    "admin_name1": "San Juan",
    "admin_code1": "127",
    "admin_name2": "",
    "admin_code2": "",
    "admin_name3": "",
    "admin_code3": "",
    "latitude": "18.4663",
    "longitude": "-66.1057",
    "accuracy": "4"
  },
  {
    "country_code": "PR",
    "postal_code": "00926",
    "place_name": "San Juan",
    "admin_name1": "San Juan",
    "admin_code1": "127",
    "admin_name2": "",
    "admin_code2": "",
    "admin_name3": "",
    "admin_code3": "",
    "latitude": "18.4663",
    "longitude": "-66.1057",
    "accuracy": "4"
  },
  {
    "country_code": "PR",
    "postal_code": "00927",
    "place_name": "San Juan",
    "admin_name1": "San Juan",
    "admin_code1": "127",
    "admin_name2": "",
    "admin_code2": "",
    "admin_name3": "",
    "admin_code3": "",
    "latitude": "18.4663",
    "longitude": "-66.1057",
    "accuracy": "4"
  },
  {
    "country_code": "PR",
    "postal_code": "00928",
    "place_name": "San Juan",
    "admin_name1": "San Juan",
    "admin_code1": "127",
    "admin_name2": "",
    "admin_code2": "",
    "admin_name3": "",
    "admin_code3": "",
    "latitude": "18.4663",
    "longitude": "-66.1057",
    "accuracy": "4"
  },
  {
    "country_code": "PR",
    "postal_code": "00929",
    "place_name": "San Juan",
    "admin_name1": "San Juan",
    "admin_code1": "127",
    "admin_name2": "",
    "admin_code2": "",
    "admin_name3": "",
    "admin_code3": "",
    "latitude": "18.4663",
    "longitude": "-66.1057",
    "accuracy": "4"
  },
  {
    "country_code": "PR",
    "postal_code": "00930",
    "place_name": "San Juan",
    "admin_name1": "San Juan",
    "admin_code1": "127",
    "admin_name2": "",
    "admin_code2": "",
    "admin_name3": "",
    "admin_code3": "",
    "latitude": "18.4663",
    "longitude": "-66.1057",
    "accuracy": "4"
  },
  {
    "country_code": "PR",
    "postal_code": "00931",
    "place_name": "San Juan",
    "admin_name1": "San Juan",
    "admin_code1": "127",
    "admin_name2": "",
    "admin_code2": "",
    "admin_name3": "",
    "admin_code3": "",
    "latitude": "18.4663",
    "longitude": "-66.1057",
    "accuracy": "4"
  },
  {
    "country_code": "PR",
    "postal_code": "00933",
    "place_name": "San Juan",
    "admin_name1": "San Juan",
    "admin_code1": "127",
    "admin_name2": "",
    "admin_code2": "",
    "admin_name3": "",
    "admin_code3": "",
    "latitude": "18.4663",
    "longitude": "-66.1057",
    "accuracy": "4"
  },
  {
    "country_code": "PR",
    "postal_code": "00935",
    "place_name": "San Juan",
    "admin_name1": "San Juan",
    "admin_code1": "127",
    "admin_name2": "",
    "admin_code2": "",
    "admin_name3": "",
    "admin_code3": "",
    "latitude": "18.4663",
    "longitude": "-66.1057",
    "accuracy": "4"
  },
  {
    "country_code": "PR",
    "postal_code": "00936",
    "place_name": "San Juan",
    "admin_name1": "San Juan",
    "admin_code1": "127",
    "admin_name2": "",
    "admin_code2": "",
    "admin_name3": "",
    "admin_code3": "",
    "latitude": "18.4663",
    "longitude": "-66.1057",
    "accuracy": "4"
  },
  {
    "country_code": "PR",
    "postal_code": "00937",
    "place_name": "San Juan",
    "admin_name1": "San Juan",
    "admin_code1": "127",
    "admin_name2": "",
    "admin_code2": "",
    "admin_name3": "",
    "admin_code3": "",
    "latitude": "18.4663",
    "longitude": "-66.1057",
    "accuracy": "4"
  },
  {
    "country_code": "PR",
    "postal_code": "00938",
    "place_name": "San Juan",
    "admin_name1": "San Juan",
    "admin_code1": "127",
    "admin_name2": "",
    "admin_code2": "",
    "admin_name3": "",
    "admin_code3": "",
    "latitude": "18.4663",
    "longitude": "-66.1057",
    "accuracy": "4"
  },
  {
    "country_code": "PR",
    "postal_code": "00939",
    "place_name": "San Juan",
    "admin_name1": "San Juan",
    "admin_code1": "127",
    "admin_name2": "",
    "admin_code2": "",
    "admin_name3": "",
    "admin_code3": "",
    "latitude": "18.4663",
    "longitude": "-66.1057",
    "accuracy": "4"
  },
  {
    "country_code": "PR",
    "postal_code": "00940",
    "place_name": "San Juan",
    "admin_name1": "San Juan",
    "admin_code1": "127",
    "admin_name2": "",
    "admin_code2": "",
    "admin_name3": "",
    "admin_code3": "",
    "latitude": "18.4663",
    "longitude": "-66.1057",
    "accuracy": "4"
  },
  {
    "country_code": "PR",
    "postal_code": "00955",
    "place_name": "San Juan",
    "admin_name1": "San Juan",
    "admin_code1": "127",
    "admin_name2": "",
    "admin_code2": "",
    "admin_name3": "",
    "admin_code3": "",
    "latitude": "18.4663",
    "longitude": "-66.1057",
    "accuracy": "4"
  },
  {
    "country_code": "PR",
    "postal_code": "00968",
    "place_name": "Guaynabo",
    "admin_name1": "San Juan",
    "admin_code1": "127",
    "admin_name2": "",
    "admin_code2": "",
    "admin_name3": "",
    "admin_code3": "",
    "latitude": "18.3575",
    "longitude": "-66.111",
    "accuracy": "4"
  },
  {
    "country_code": "PR",
    "postal_code": "00975",
    "place_name": "San Juan",
    "admin_name1": "San Juan",
    "admin_code1": "127",
    "admin_name2": "",
    "admin_code2": "",
    "admin_name3": "",
    "admin_code3": "",
    "latitude": "18.4663",
    "longitude": "-66.1057",
    "accuracy": "4"
  },
  {
    "country_code": "PR",
    "postal_code": "00979",
    "place_name": "Carolina",
    "admin_name1": "San Juan",
    "admin_code1": "127",
    "admin_name2": "",
    "admin_code2": "",
    "admin_name3": "",
    "admin_code3": "",
    "latitude": "18.3808",
    "longitude": "-65.9574",
    "accuracy": "4"
  },
  {
    "country_code": "PR",
    "postal_code": "00981",
    "place_name": "Carolina",
    "admin_name1": "San Juan",
    "admin_code1": "127",
    "admin_name2": "",
    "admin_code2": "",
    "admin_name3": "",
    "admin_code3": "",
    "latitude": "18.3808",
    "longitude": "-65.9574",
    "accuracy": "4"
  },
  {
    "country_code": "PR",
    "postal_code": "00982",
    "place_name": "Carolina",
    "admin_name1": "San Juan",
    "admin_code1": "127",
    "admin_name2": "",
    "admin_code2": "",
    "admin_name3": "",
    "admin_code3": "",
    "latitude": "18.3808",
    "longitude": "-65.9574",
    "accuracy": "4"
  },
  {
    "country_code": "PR",
    "postal_code": "00754",
    "place_name": "San Lorenzo",
    "admin_name1": "San Lorenzo",
    "admin_code1": "129",
    "admin_name2": "",
    "admin_code2": "",
    "admin_name3": "",
    "admin_code3": "",
    "latitude": "18.1894",
    "longitude": "-65.961",
    "accuracy": "4"
  },
  {
    "country_code": "PR",
    "postal_code": "00685",
    "place_name": "San Sebastian",
    "admin_name1": "San Sebastian",
    "admin_code1": "131",
    "admin_name2": "",
    "admin_code2": "",
    "admin_name3": "",
    "admin_code3": "",
    "latitude": "18.3366",
    "longitude": "-66.9902",
    "accuracy": "4"
  },
  {
    "country_code": "PR",
    "postal_code": "00757",
    "place_name": "Santa Isabel",
    "admin_name1": "Santa Isabel",
    "admin_code1": "133",
    "admin_name2": "",
    "admin_code2": "",
    "admin_name3": "",
    "admin_code3": "",
    "latitude": "17.9661",
    "longitude": "-66.4049",
    "accuracy": "4"
  },
  {
    "country_code": "PR",
    "postal_code": "00953",
    "place_name": "Toa Alta",
    "admin_name1": "Toa Alta",
    "admin_code1": "135",
    "admin_name2": "",
    "admin_code2": "",
    "admin_name3": "",
    "admin_code3": "",
    "latitude": "18.3883",
    "longitude": "-66.2482",
    "accuracy": "4"
  },
  {
    "country_code": "PR",
    "postal_code": "00954",
    "place_name": "Toa Alta",
    "admin_name1": "Toa Alta",
    "admin_code1": "135",
    "admin_name2": "",
    "admin_code2": "",
    "admin_name3": "",
    "admin_code3": "",
    "latitude": "18.3883",
    "longitude": "-66.2482",
    "accuracy": "4"
  },
  {
    "country_code": "PR",
    "postal_code": "00949",
    "place_name": "Toa Baja",
    "admin_name1": "Toa Baja",
    "admin_code1": "137",
    "admin_name2": "",
    "admin_code2": "",
    "admin_name3": "",
    "admin_code3": "",
    "latitude": "18.4438",
    "longitude": "-66.2596",
    "accuracy": "4"
  },
  {
    "country_code": "PR",
    "postal_code": "00950",
    "place_name": "Toa Baja",
    "admin_name1": "Toa Baja",
    "admin_code1": "137",
    "admin_name2": "",
    "admin_code2": "",
    "admin_name3": "",
    "admin_code3": "",
    "latitude": "18.4438",
    "longitude": "-66.2596",
    "accuracy": "4"
  },
  {
    "country_code": "PR",
    "postal_code": "00951",
    "place_name": "Toa Baja",
    "admin_name1": "Toa Baja",
    "admin_code1": "137",
    "admin_name2": "",
    "admin_code2": "",
    "admin_name3": "",
    "admin_code3": "",
    "latitude": "18.4438",
    "longitude": "-66.2596",
    "accuracy": "4"
  },
  {
    "country_code": "PR",
    "postal_code": "00952",
    "place_name": "Sabana Seca",
    "admin_name1": "Toa Baja",
    "admin_code1": "137",
    "admin_name2": "",
    "admin_code2": "",
    "admin_name3": "",
    "admin_code3": "",
    "latitude": "18.4269",
    "longitude": "-66.1846",
    "accuracy": "4"
  },
  {
    "country_code": "PR",
    "postal_code": "00976",
    "place_name": "Trujillo Alto",
    "admin_name1": "Trujillo Alto",
    "admin_code1": "139",
    "admin_name2": "",
    "admin_code2": "",
    "admin_name3": "",
    "admin_code3": "",
    "latitude": "18.3547",
    "longitude": "-66.0074",
    "accuracy": "4"
  },
  {
    "country_code": "PR",
    "postal_code": "00977",
    "place_name": "Trujillo Alto",
    "admin_name1": "Trujillo Alto",
    "admin_code1": "139",
    "admin_name2": "",
    "admin_code2": "",
    "admin_name3": "",
    "admin_code3": "",
    "latitude": "18.3547",
    "longitude": "-66.0074",
    "accuracy": "4"
  },
  {
    "country_code": "PR",
    "postal_code": "00978",
    "place_name": "St Just",
    "admin_name1": "Trujillo Alto",
    "admin_code1": "139",
    "admin_name2": "",
    "admin_code2": "",
    "admin_name3": "",
    "admin_code3": "",
    "latitude": "18.3786",
    "longitude": "-66.05",
    "accuracy": "1"
  },
  {
    "country_code": "PR",
    "postal_code": "00611",
    "place_name": "Angeles",
    "admin_name1": "Utuado",
    "admin_code1": "141",
    "admin_name2": "",
    "admin_code2": "",
    "admin_name3": "",
    "admin_code3": "",
    "latitude": "18.285",
    "longitude": "-66.7993",
    "accuracy": "4"
  },
  {
    "country_code": "PR",
    "postal_code": "00641",
    "place_name": "Utuado",
    "admin_name1": "Utuado",
    "admin_code1": "141",
    "admin_name2": "",
    "admin_code2": "",
    "admin_name3": "",
    "admin_code3": "",
    "latitude": "18.2655",
    "longitude": "-66.7005",
    "accuracy": "4"
  },
  {
    "country_code": "PR",
    "postal_code": "00692",
    "place_name": "Vega Alta",
    "admin_name1": "Vega Alta",
    "admin_code1": "143",
    "admin_name2": "",
    "admin_code2": "",
    "admin_name3": "",
    "admin_code3": "",
    "latitude": "18.4122",
    "longitude": "-66.3313",
    "accuracy": "4"
  },
  {
    "country_code": "PR",
    "postal_code": "00693",
    "place_name": "Vega Baja",
    "admin_name1": "Vega Baja",
    "admin_code1": "145",
    "admin_name2": "",
    "admin_code2": "",
    "admin_name3": "",
    "admin_code3": "",
    "latitude": "18.4444",
    "longitude": "-66.3877",
    "accuracy": "4"
  },
  {
    "country_code": "PR",
    "postal_code": "00694",
    "place_name": "Vega Baja",
    "admin_name1": "Vega Baja",
    "admin_code1": "145",
    "admin_name2": "",
    "admin_code2": "",
    "admin_name3": "",
    "admin_code3": "",
    "latitude": "18.4444",
    "longitude": "-66.3877",
    "accuracy": "4"
  },
  {
    "country_code": "PR",
    "postal_code": "00765",
    "place_name": "Vieques",
    "admin_name1": "Vieques",
    "admin_code1": "147",
    "admin_name2": "",
    "admin_code2": "",
    "admin_name3": "",
    "admin_code3": "",
    "latitude": "18.0859",
    "longitude": "-66.2431",
    "accuracy": "1"
  },
  {
    "country_code": "PR",
    "postal_code": "00766",
    "place_name": "Villalba",
    "admin_name1": "Villalba",
    "admin_code1": "149",
    "admin_name2": "",
    "admin_code2": "",
    "admin_name3": "",
    "admin_code3": "",
    "latitude": "18.1272",
    "longitude": "-66.4921",
    "accuracy": "4"
  },
  {
    "country_code": "PR",
    "postal_code": "00767",
    "place_name": "Yabucoa",
    "admin_name1": "Yabucoa",
    "admin_code1": "151",
    "admin_name2": "",
    "admin_code2": "",
    "admin_name3": "",
    "admin_code3": "",
    "latitude": "18.0505",
    "longitude": "-65.8793",
    "accuracy": "4"
  },
  {
    "country_code": "PR",
    "postal_code": "00698",
    "place_name": "Yauco",
    "admin_name1": "Yauco",
    "admin_code1": "153",
    "admin_name2": "",
    "admin_code2": "",
    "admin_name3": "",
    "admin_code3": "",
    "latitude": "18.035",
    "longitude": "-66.8499",
    "accuracy": "4"
  }
]