[
  {
    "country_code": "SJ",
    "postal_code": "9170",
    "place_name": "Longyearbyen",
    "admin_name1": "Svalbard",
    "admin_code1": "21",
    "admin_name2": "Svalbard",
    "admin_code2": "2111",
    "admin_name3": "",
    "admin_code3": "",
    "latitude": "78.2233",
    "longitude": "15.6469",
    "accuracy": "4"
  },
  {
    "country_code": "SJ",
    "postal_code": "9171",
    "place_name": "Longyearbyen",
    "admin_name1": "Svalbard",
    "admin_code1": "21",
    "admin_name2": "Svalbard",
    "admin_code2": "2111",
    "admin_name3": "",
    "admin_code3": "",
    "latitude": "78.2233",
    "longitude": "15.6469",
    "accuracy": "4"
  },
  {
    "country_code": "SJ",
    "postal_code": "9173",
    "place_name": "Ny-Ålesund",
    "admin_name1": "Svalbard",
    "admin_code1": "21",
    "admin_name2": "Svalbard",
    "admin_code2": "2111",
    "admin_name3": "",
    "admin_code3": "",
    "latitude": "78.9237",
    "longitude": "11.925",
    "accuracy": "4"
  },
  {
    "country_code": "SJ",
    "postal_code": "9175",
    "place_name": "Sveagruva",
    "admin_name1": "Svalbard",
    "admin_code1": "21",
    "admin_name2": "Svalbard",
    "admin_code2": "2111",
    "admin_name3": "",
    "admin_code3": "",
    "latitude": "77.9003",
    "longitude": "16.7201",
    "accuracy": "4"
  },
  {
    "country_code": "SJ",
    "postal_code": "9178",
    "place_name": "Barentsburg",
    "admin_name1": "Svalbard",
    "admin_code1": "21",
    "admin_name2": "Svalbard",
    "admin_code2": "2111",
    "admin_name3": "",
    "admin_code3": "",
    "latitude": "78.0644",
    "longitude": "14.2117",
    "accuracy": "4"
  },
  {
    "country_code": "SJ",
    "postal_code": "9176",
    "place_name": "Bjørnøya",
    "admin_name1": "Svalbard",
    "admin_code1": "21",
    "admin_name2": "Svalbard",
    "admin_code2": "2121",
    "admin_name3": "",
    "admin_code3": "",
    "latitude": "78.267",
    "longitude": "14.8301",
    "accuracy": "1"
  },
  {
    "country_code": "SJ",
    "postal_code": "9174",
    "place_name": "Hopen",
    "admin_name1": "Svalbard",
    "admin_code1": "21",
    "admin_name2": "Svalbard",
    "admin_code2": "2131",
    "admin_name3": "",
    "admin_code3": "",
    "latitude": "78.267",
    "longitude": "14.8301",
    "accuracy": "1"
  },
  {
    "country_code": "SJ",
    "postal_code": "8099",
    "place_name": "Jan Mayen",
    "admin_name1": "Jan Mayen",
    "admin_code1": "22",
    "admin_name2": "Jan Mayen",
    "admin_code2": "2211",
    "admin_name3": "",
    "admin_code3": "",
    "latitude": "70.9498",
    "longitude": "-8.638",
    "accuracy": "4"
  }
]