[
  {
    "country_code": "SM",
    "postal_code": "47890",
    "place_name": "San Marino",
    "admin_name1": "",
    "admin_code1": "",
    "admin_name2": "",
    "admin_code2": "",
    "admin_name3": "",
    "admin_code3": "",
    "latitude": "43.9333",
    "longitude": "12.45",
    "accuracy": "4"
  },
  {
    "country_code": "SM",
    "postal_code": "47890",
    "place_name": "Casole",
    "admin_name1": "",
    "admin_code1": "",
    "admin_name2": "",
    "admin_code2": "",
    "admin_name3": "",
    "admin_code3": "",
    "latitude": "43.9267",
    "longitude": "12.4507",
    "accuracy": "3"
  },
  {
    "country_code": "SM",
    "postal_code": "47890",
    "place_name": "Murata",
    "admin_name1": "",
    "admin_code1": "",
    "admin_name2": "",
    "admin_code2": "",
    "admin_name3": "",
    "admin_code3": "",
    "latitude": "43.9202",
    "longitude": "12.4515",
    "accuracy": "4"
  },
  {
    "country_code": "SM",
    "postal_code": "47890",
    "place_name": "Santa Mustiola",
    "admin_name1": "",
    "admin_code1": "",
    "admin_name2": "",
    "admin_code2": "",
    "admin_name3": "",
    "admin_code3": "",
    "latitude": "43.9267",
    "longitude": "12.4507",
    "accuracy": "3"
  },
  {
    "country_code": "SM",
    "postal_code": "47891",
    "place_name": "Galazzano",
    "admin_name1": "",
    "admin_code1": "",
    "admin_name2": "",
    "admin_code2": "",
    "admin_name3": "",
    "admin_code3": "",
    "latitude": "43.9818",
    "longitude": "12.4953",
    "accuracy": "3"
  },
  {
    "country_code": "SM",
    "postal_code": "47891",
    "place_name": "Falciano",
    "admin_name1": "",
    "admin_code1": "",
    "admin_name2": "",
    "admin_code2": "",
    "admin_name3": "",
    "admin_code3": "",
    "latitude": "43.9833",
    "longitude": "12.5",
    "accuracy": "4"
  },
  {
    "country_code": "SM",
    "postal_code": "47891",
    "place_name": "Dogana",
    "admin_name1": "",
    "admin_code1": "",
    "admin_name2": "",
    "admin_code2": "",
    "admin_name3": "",
    "admin_code3": "",
    "latitude": "43.9803",
    "longitude": "12.4905",
    "accuracy": "4"
  },
  {
    "country_code": "SM",
    "postal_code": "47891",
    "place_name": "Rovereta",
    "admin_name1": "",
    "admin_code1": "",
    "admin_name2": "",
    "admin_code2": "",
    "admin_name3": "",
    "admin_code3": "",
    "latitude": "43.9818",
    "longitude": "12.4953",
    "accuracy": "3"
  },
  {
    "country_code": "SM",
    "postal_code": "47892",
    "place_name": "Acquaviva",
    "admin_name1": "",
    "admin_code1": "",
    "admin_name2": "",
    "admin_code2": "",
    "admin_name3": "",
    "admin_code3": "",
    "latitude": "43.95",
    "longitude": "12.4167",
    "accuracy": "4"
  },
  {
    "country_code": "SM",
    "postal_code": "47892",
    "place_name": "Gualdicciolo",
    "admin_name1": "",
    "admin_code1": "",
    "admin_name2": "",
    "admin_code2": "",
    "admin_name3": "",
    "admin_code3": "",
    "latitude": "43.9498",
    "longitude": "12.4073",
    "accuracy": "4"
  },
  {
    "country_code": "SM",
    "postal_code": "47893",
    "place_name": "Ventoso",
    "admin_name1": "",
    "admin_code1": "",
    "admin_name2": "",
    "admin_code2": "",
    "admin_name3": "",
    "admin_code3": "",
    "latitude": "43.9419",
    "longitude": "12.4474",
    "accuracy": "3"
  },
  {
    "country_code": "SM",
    "postal_code": "47893",
    "place_name": "Valdragone",
    "admin_name1": "",
    "admin_code1": "",
    "admin_name2": "",
    "admin_code2": "",
    "admin_name3": "",
    "admin_code3": "",
    "latitude": "43.9419",
    "longitude": "12.4474",
    "accuracy": "3"
  },
  {
    "country_code": "SM",
    "postal_code": "47893",
    "place_name": "San Giovanni",
    "admin_name1": "",
    "admin_code1": "",
    "admin_name2": "",
    "admin_code2": "",
    "admin_name3": "",
    "admin_code3": "",
    "latitude": "43.9419",
    "longitude": "12.4474",
    "accuracy": "3"
  },
  {
    "country_code": "SM",
    "postal_code": "47893",
    "place_name": "Cailungo",
    "admin_name1": "",
    "admin_code1": "",
    "admin_name2": "",
    "admin_code2": "",
    "admin_name3": "",
    "admin_code3": "",
    "latitude": "43.9419",
    "longitude": "12.4474",
    "accuracy": "3"
  },
  {
    "country_code": "SM",
    "postal_code": "47893",
    "place_name": "Ca' Rigo",
    "admin_name1": "",
    "admin_code1": "",
    "admin_name2": "",
    "admin_code2": "",
    "admin_name3": "",
    "admin_code3": "",
    "latitude": "43.9419",
    "longitude": "12.4474",
    "accuracy": "3"
  },
  {
    "country_code": "SM",
    "postal_code": "47893",
    "place_name": "Borgo Maggiore",
    "admin_name1": "",
    "admin_code1": "",
    "admin_name2": "",
    "admin_code2": "",
    "admin_name3": "",
    "admin_code3": "",
    "latitude": "43.9419",
    "longitude": "12.4474",
    "accuracy": "4"
  },
  {
    "country_code": "SM",
    "postal_code": "47894",
    "place_name": "Teglio",
    "admin_name1": "",
    "admin_code1": "",
    "admin_name2": "",
    "admin_code2": "",
    "admin_name3": "",
    "admin_code3": "",
    "latitude": "43.9167",
    "longitude": "12.4167",
    "accuracy": "3"
  },
  {
    "country_code": "SM",
    "postal_code": "47894",
    "place_name": "Chiesanuova",
    "admin_name1": "",
    "admin_code1": "",
    "admin_name2": "",
    "admin_code2": "",
    "admin_name3": "",
    "admin_code3": "",
    "latitude": "43.9167",
    "longitude": "12.4167",
    "accuracy": "4"
  },
  {
    "country_code": "SM",
    "postal_code": "47895",
    "place_name": "Torraccia",
    "admin_name1": "",
    "admin_code1": "",
    "admin_name2": "",
    "admin_code2": "",
    "admin_name3": "",
    "admin_code3": "",
    "latitude": "43.9528",
    "longitude": "12.4701",
    "accuracy": "3"
  },
  {
    "country_code": "SM",
    "postal_code": "47895",
    "place_name": "Domagnano",
    "admin_name1": "",
    "admin_code1": "",
    "admin_name2": "",
    "admin_code2": "",
    "admin_name3": "",
    "admin_code3": "",
    "latitude": "43.9528",
    "longitude": "12.4701",
    "accuracy": "4"
  },
  {
    "country_code": "SM",
    "postal_code": "47896",
    "place_name": "Faetano",
    "admin_name1": "",
    "admin_code1": "",
    "admin_name2": "",
    "admin_code2": "",
    "admin_name3": "",
    "admin_code3": "",
    "latitude": "43.9333",
    "longitude": "12.5",
    "accuracy": "4"
  },
  {
    "country_code": "SM",
    "postal_code": "47897",
    "place_name": "Fiorentino",
    "admin_name1": "",
    "admin_code1": "",
    "admin_name2": "",
    "admin_code2": "",
    "admin_name3": "",
    "admin_code3": "",
    "latitude": "43.9",
    "longitude": "12.45",
    "accuracy": "4"
  },
  {
    "country_code": "SM",
    "postal_code": "47898",
    "place_name": "Montegiardino",
    "admin_name1": "",
    "admin_code1": "",
    "admin_name2": "",
    "admin_code2": "",
    "admin_name3": "",
    "admin_code3": "",
    "latitude": "43.9",
    "longitude": "12.5",
    "accuracy": "4"
  },
  {
    "country_code": "SM",
    "postal_code": "47898",
    "place_name": "Cerbaiola",
    "admin_name1": "",
    "admin_code1": "",
    "admin_name2": "",
    "admin_code2": "",
    "admin_name3": "",
    "admin_code3": "",
    "latitude": "43.9",
    "longitude": "12.5",
    "accuracy": "3"
  },
  {
    "country_code": "SM",
    "postal_code": "47899",
    "place_name": "Serravalle",
    "admin_name1": "",
    "admin_code1": "",
    "admin_name2": "",
    "admin_code2": "",
    "admin_name3": "",
    "admin_code3": "",
    "latitude": "43.95",
    "longitude": "12.5",
    "accuracy": "4"
  },
  {
    "country_code": "SM",
    "postal_code": "47899",
    "place_name": "Fiorina",
    "admin_name1": "",
    "admin_code1": "",
    "admin_name2": "",
    "admin_code2": "",
    "admin_name3": "",
    "admin_code3": "",
    "latitude": "43.958",
    "longitude": "12.4769",
    "accuracy": "4"
  }
]