[
  {
    "country_code": "VI",
    "postal_code": "00820",
    "place_name": "Christiansted",
    "admin_name1": "Vi",
    "admin_code1": "78",
    "admin_name2": "St. Croix",
    "admin_code2": "010",
    "admin_name3": "",
    "admin_code3": "",
    "latitude": "17.7342",
    "longitude": "-64.7347",
    "accuracy": "6"
  },
  {
    "country_code": "VI",
    "postal_code": "00821",
    "place_name": "Christiansted",
    "admin_name1": "Vi",
    "admin_code1": "78",
    "admin_name2": "St. Croix",
    "admin_code2": "010",
    "admin_name3": "",
    "admin_code3": "",
    "latitude": "17.7342",
    "longitude": "-64.7347",
    "accuracy": ""
  },
  {
    "country_code": "VI",
    "postal_code": "00822",
    "place_name": "Christiansted",
    "admin_name1": "Vi",
    "admin_code1": "78",
    "admin_name2": "St. Croix",
    "admin_code2": "010",
    "admin_name3": "",
    "admin_code3": "",
    "latitude": "17.7342",
    "longitude": "-64.7347",
    "accuracy": ""
  },
  {
    "country_code": "VI",
    "postal_code": "00823",
    "place_name": "Christiansted",
    "admin_name1": "Vi",
    "admin_code1": "78",
    "admin_name2": "St. Croix",
    "admin_code2": "010",
    "admin_name3": "",
    "admin_code3": "",
    "latitude": "17.7237",
    "longitude": "-64.7445",
    "accuracy": "6"
  },
  {
    "country_code": "VI",
    "postal_code": "00824",
    "place_name": "Christiansted",
    "admin_name1": "Vi",
    "admin_code1": "78",
    "admin_name2": "St. Croix",
    "admin_code2": "010",
    "admin_name3": "",
    "admin_code3": "",
    "latitude": "17.7446",
    "longitude": "-64.6825",
    "accuracy": "6"
  },
  {
    "country_code": "VI",
    "postal_code": "00840",
    "place_name": "Frederiksted",
    "admin_name1": "Vi",
    "admin_code1": "78",
    "admin_name2": "St. Croix",
    "admin_code2": "010",
    "admin_name3": "",
    "admin_code3": "",
    "latitude": "17.7226",
    "longitude": "-64.8729",
    "accuracy": "6"
  },
  {
    "country_code": "VI",
    "postal_code": "00841",
    "place_name": "Frederiksted",
    "admin_name1": "Vi",
    "admin_code1": "78",
    "admin_name2": "St. Croix",
    "admin_code2": "010",
    "admin_name3": "",
    "admin_code3": "",
    "latitude": "17.7648",
    "longitude": "-64.8096",
    "accuracy": "6"
  },
  {
    "country_code": "VI",
    "postal_code": "00850",
    "place_name": "Kingshill",
    "admin_name1": "Vi",
    "admin_code1": "78",
    "admin_name2": "St. Croix",
    "admin_code2": "010",
    "admin_name3": "",
    "admin_code3": "",
    "latitude": "17.7208",
    "longitude": "-64.8002",
    "accuracy": "6"
  },
  {
    "country_code": "VI",
    "postal_code": "00851",
    "place_name": "Kingshill",
    "admin_name1": "Vi",
    "admin_code1": "78",
    "admin_name2": "St. Croix",
    "admin_code2": "010",
    "admin_name3": "",
    "admin_code3": "",
    "latitude": "17.7099",
    "longitude": "-64.7009",
    "accuracy": "6"
  },
  {
    "country_code": "VI",
    "postal_code": "00830",
    "place_name": "St John",
    "admin_name1": "Vi",
    "admin_code1": "78",
    "admin_name2": "St. John",
    "admin_code2": "020",
    "admin_name3": "",
    "admin_code3": "",
    "latitude": "18.3282",
    "longitude": "-64.7407",
    "accuracy": "6"
  },
  {
    "country_code": "VI",
    "postal_code": "00831",
    "place_name": "St John",
    "admin_name1": "Vi",
    "admin_code1": "78",
    "admin_name2": "St. John",
    "admin_code2": "020",
    "admin_name3": "",
    "admin_code3": "",
    "latitude": "18.3273",
    "longitude": "-64.7864",
    "accuracy": "6"
  },
  {
    "country_code": "VI",
    "postal_code": "00801",
    "place_name": "St Thomas",
    "admin_name1": "Vi",
    "admin_code1": "78",
    "admin_name2": "St. Thomas",
    "admin_code2": "030",
    "admin_name3": "",
    "admin_code3": "",
    "latitude": "18.3484",
    "longitude": "-64.974",
    "accuracy": "6"
  },
  {
    "country_code": "VI",
    "postal_code": "00802",
    "place_name": "St Thomas",
    "admin_name1": "Vi",
    "admin_code1": "78",
    "admin_name2": "St. Thomas",
    "admin_code2": "030",
    "admin_name3": "",
    "admin_code3": "",
    "latitude": "18.3387",
    "longitude": "-64.916",
    "accuracy": "6"
  },
  {
    "country_code": "VI",
    "postal_code": "00803",
    "place_name": "St Thomas",
    "admin_name1": "Vi",
    "admin_code1": "78",
    "admin_name2": "St. Thomas",
    "admin_code2": "030",
    "admin_name3": "",
    "admin_code3": "",
    "latitude": "18.3223",
    "longitude": "-64.9637",
    "accuracy": ""
  },
  {
    "country_code": "VI",
    "postal_code": "00804",
    "place_name": "St Thomas",
    "admin_name1": "Vi",
    "admin_code1": "78",
    "admin_name2": "St. Thomas",
    "admin_code2": "030",
    "admin_name3": "",
    "admin_code3": "",
    "latitude": "18.3223",
    "longitude": "-64.9637",
    "accuracy": ""
  },
  {
    "country_code": "VI",
    "postal_code": "00805",
    "place_name": "St Thomas",
    "admin_name1": "Vi",
    "admin_code1": "78",
    "admin_name2": "St. Thomas",
    "admin_code2": "030",
    "admin_name3": "",
    "admin_code3": "",
    "latitude": "18.3223",
    "longitude": "-64.9637",
    "accuracy": ""
  }
]