[
  {
    "country_code": "WF",
    "postal_code": "98610",
    "place_name": "Alo",
    "admin_name1": "Circonscription d'Alo",
    "admin_code1": "98611",
    "admin_name2": "",
    "admin_code2": "",
    "admin_name3": "",
    "admin_code3": "",
    "latitude": "-14.3066",
    "longitude": "-178.1188",
    "accuracy": "5"
  },
  {
    "country_code": "WF",
    "postal_code": "98620",
    "place_name": "Sigave",
    "admin_name1": "Circonscription de Sigave",
    "admin_code1": "98612",
    "admin_name2": "",
    "admin_code2": "",
    "admin_name3": "",
    "admin_code3": "",
    "latitude": "-14.2667",
    "longitude": "-178.1667",
    "accuracy": "5"
  },
  {
    "country_code": "WF",
    "postal_code": "98600",
    "place_name": "Uvéa",
    "admin_name1": "Circonscription d'Uvéa",
    "admin_code1": "98613",
    "admin_name2": "",
    "admin_code2": "",
    "admin_name3": "",
    "admin_code3": "",
    "latitude": "-13.2988",
    "longitude": "-176.2205",
    "accuracy": "5"
  }
]