[
  {
    "country_code": "YT",
    "postal_code": "97605",
    "place_name": "Passamainty",
    "admin_name1": "Mayotte (general)",
    "admin_code1": "00",
    "admin_name2": "",
    "admin_code2": "",
    "admin_name3": "",
    "admin_code3": "",
    "latitude": "-12.802",
    "longitude": "45.2082",
    "accuracy": "5"
  },
  {
    "country_code": "YT",
    "postal_code": "97630",
    "place_name": "Acoua",
    "admin_name1": "Acoua",
    "admin_code1": "97601",
    "admin_name2": "",
    "admin_code2": "",
    "admin_name3": "",
    "admin_code3": "",
    "latitude": "-12.7239",
    "longitude": "45.0582",
    "accuracy": "5"
  },
  {
    "country_code": "YT",
    "postal_code": "97650",
    "place_name": "Bandraboua",
    "admin_name1": "Bandraboua",
    "admin_code1": "97602",
    "admin_name2": "",
    "admin_code2": "",
    "admin_name3": "",
    "admin_code3": "",
    "latitude": "-12.7044",
    "longitude": "45.1223",
    "accuracy": "5"
  },
  {
    "country_code": "YT",
    "postal_code": "97660",
    "place_name": "Bandrélé",
    "admin_name1": "Bandrele",
    "admin_code1": "97603",
    "admin_name2": "",
    "admin_code2": "",
    "admin_name3": "",
    "admin_code3": "",
    "latitude": "-12.9128",
    "longitude": "45.1926",
    "accuracy": "5"
  },
  {
    "country_code": "YT",
    "postal_code": "97620",
    "place_name": "Bouéni",
    "admin_name1": "Bouéni",
    "admin_code1": "97604",
    "admin_name2": "",
    "admin_code2": "",
    "admin_name3": "",
    "admin_code3": "",
    "latitude": "-12.9025",
    "longitude": "45.0761",
    "accuracy": "5"
  },
  {
    "country_code": "YT",
    "postal_code": "97670",
    "place_name": "Chiconi",
    "admin_name1": "Chiconi",
    "admin_code1": "97605",
    "admin_name2": "",
    "admin_code2": "",
    "admin_name3": "",
    "admin_code3": "",
    "latitude": "-12.8333",
    "longitude": "45.1106",
    "accuracy": "5"
  },
  {
    "country_code": "YT",
    "postal_code": "97620",
    "place_name": "Chirongui",
    "admin_name1": "Chirongui",
    "admin_code1": "97606",
    "admin_name2": "",
    "admin_code2": "",
    "admin_name3": "",
    "admin_code3": "",
    "latitude": "-12.9319",
    "longitude": "45.1483",
    "accuracy": "5"
  },
  {
    "country_code": "YT",
    "postal_code": "97660",
    "place_name": "Dembeni",
    "admin_name1": "Dembeni",
    "admin_code1": "97607",
    "admin_name2": "",
    "admin_code2": "",
    "admin_name3": "",
    "admin_code3": "",
    "latitude": "-12.8436",
    "longitude": "45.1844",
    "accuracy": "5"
  },
  {
    "country_code": "YT",
    "postal_code": "97615",
    "place_name": "Dzaoudzi",
    "admin_name1": "Dzaoudzi",
    "admin_code1": "97608",
    "admin_name2": "",
    "admin_code2": "",
    "admin_name3": "",
    "admin_code3": "",
    "latitude": "-12.7783",
    "longitude": "45.2837",
    "accuracy": "5"
  },
  {
    "country_code": "YT",
    "postal_code": "97625",
    "place_name": "Kani Kéli",
    "admin_name1": "Kani-Kéli",
    "admin_code1": "97609",
    "admin_name2": "",
    "admin_code2": "",
    "admin_name3": "",
    "admin_code3": "",
    "latitude": "-12.9536",
    "longitude": "45.1033",
    "accuracy": "5"
  },
  {
    "country_code": "YT",
    "postal_code": "97600",
    "place_name": "Koungou",
    "admin_name1": "Koungou",
    "admin_code1": "97610",
    "admin_name2": "",
    "admin_code2": "",
    "admin_name3": "",
    "admin_code3": "",
    "latitude": "-12.7336",
    "longitude": "45.2042",
    "accuracy": "5"
  },
  {
    "country_code": "YT",
    "postal_code": "97600",
    "place_name": "Mamoudzou",
    "admin_name1": "Mamoudzou",
    "admin_code1": "97611",
    "admin_name2": "",
    "admin_code2": "",
    "admin_name3": "",
    "admin_code3": "",
    "latitude": "-12.7823",
    "longitude": "45.2288",
    "accuracy": "5"
  },
  {
    "country_code": "YT",
    "postal_code": "97605",
    "place_name": "Mamoudzou",
    "admin_name1": "Mamoudzou",
    "admin_code1": "97611",
    "admin_name2": "",
    "admin_code2": "",
    "admin_name3": "",
    "admin_code3": "",
    "latitude": "-12.7823",
    "longitude": "45.2288",
    "accuracy": "5"
  },
  {
    "country_code": "YT",
    "postal_code": "97650",
    "place_name": "Mamoudzou",
    "admin_name1": "Mamoudzou",
    "admin_code1": "97611",
    "admin_name2": "",
    "admin_code2": "",
    "admin_name3": "",
    "admin_code3": "",
    "latitude": "-12.7823",
    "longitude": "45.2288",
    "accuracy": "5"
  },
  {
    "country_code": "YT",
    "postal_code": "97680",
    "place_name": "Mamoudzou",
    "admin_name1": "Mamoudzou",
    "admin_code1": "97611",
    "admin_name2": "",
    "admin_code2": "",
    "admin_name3": "",
    "admin_code3": "",
    "latitude": "-12.7823",
    "longitude": "45.2288",
    "accuracy": "5"
  },
  {
    "country_code": "YT",
    "postal_code": "97630",
    "place_name": "Mtsamboro",
    "admin_name1": "Mtsamboro",
    "admin_code1": "97612",
    "admin_name2": "",
    "admin_code2": "",
    "admin_name3": "",
    "admin_code3": "",
    "latitude": "-12.6998",
    "longitude": "45.0689",
    "accuracy": "5"
  },
  {
    "country_code": "YT",
    "postal_code": "97650",
    "place_name": "M'Tsangamouji",
    "admin_name1": "M'Tsangamouji",
    "admin_code1": "97613",
    "admin_name2": "",
    "admin_code2": "",
    "admin_name3": "",
    "admin_code3": "",
    "latitude": "-12.7594",
    "longitude": "45.0836",
    "accuracy": "5"
  },
  {
    "country_code": "YT",
    "postal_code": "97670",
    "place_name": "Ouangani",
    "admin_name1": "Ouangani",
    "admin_code1": "97614",
    "admin_name2": "",
    "admin_code2": "",
    "admin_name3": "",
    "admin_code3": "",
    "latitude": "-12.8464",
    "longitude": "45.1361",
    "accuracy": "5"
  },
  {
    "country_code": "YT",
    "postal_code": "97615",
    "place_name": "Pamandzi",
    "admin_name1": "Pamandzi",
    "admin_code1": "97615",
    "admin_name2": "",
    "admin_code2": "",
    "admin_name3": "",
    "admin_code3": "",
    "latitude": "-12.7949",
    "longitude": "45.282",
    "accuracy": "5"
  },
  {
    "country_code": "YT",
    "postal_code": "97640",
    "place_name": "Sada",
    "admin_name1": "Sada",
    "admin_code1": "97616",
    "admin_name2": "",
    "admin_code2": "",
    "admin_name3": "",
    "admin_code3": "",
    "latitude": "-12.8505",
    "longitude": "45.1021",
    "accuracy": "5"
  },
  {
    "country_code": "YT",
    "postal_code": "97680",
    "place_name": "Tsingoni",
    "admin_name1": "Tsingoni",
    "admin_code1": "97617",
    "admin_name2": "",
    "admin_code2": "",
    "admin_name3": "",
    "admin_code3": "",
    "latitude": "-12.7872",
    "longitude": "45.1028",
    "accuracy": "5"
  }
]